arm,anchor_id,scenario,route,tau,n_groups_certifiable,n_groups_served,rc_min
plain,1|2|3|7|9,1,9>6>1>4,1217.52,7,4,7188.617435719718
plain,1|2|3|7|9,1,6>3>4>1,1408.3200000000002,4,4,9165.189319702573
plain,1|2|3|7|9,1,6>9>2>6,302.832,3,1,3218.403067090923
plain,1|2|3|7|9,1,3>9>6>2,652.6080000000001,5,3,5592.227056077645
plain,1|2|3|7|9,1,1>4>6>3,1080.72,7,4,5874.521282453962
plain,1|2|3|7|9,1,3>6>2>4,613.584,5,4,5198.538800523349
plain,1|2|3|7|9,1,3>6>4,609.696,5,3,5189.409599250582
plain,1|2|3|7|9,1,4>2>1>7,1389.6,6,3,3082.660451001181
plain,1|2|3|7|9,1,6>3>2>6,985.104,4,4,5019.386485719358
plain,1|2|3|7|9,1,2>1>2>7,1600.848,5,5,4044.390841196928
plain,1|2|3|7|9,1,2>9>3,469.87199999999996,5,3,941.7357334324261
plain,1|2|3|7|9,1,6>2>4>1,668.1600000000001,5,4,2812.0528472275414
plain,1|2|3|7|9,1,9>6>2>1,803.232,5,3,4193.8264947400085
plain,1|2|3|7|9,1,3>4>6>4,697.248,5,3,6064.929599250582
plain,1|2|3|7|9,1,6>3>4>7,1265.472,5,5,889.8683767975192
plain,1|2|3|7|9,1,2>6>3>2,985.104,7,5,4998.07531163194
plain,1|2|3|7|9,1,2>4>6>1,687.024,5,3,3010.6097801366177
plain,1|2|3|7|9,1,9>1>2>7,1526.3999999999999,5,5,3327.4385966559094
plain,1|2|3|7|9,1,4>6>3>9,956.4480000000001,7,4,4714.098225916712
plain,1|2|3|7|9,1,9>6>3>2,1058.976,7,4,5753.1809218958
plain,1|2|3|7|9,1,9>4>6>1,671.184,5,2,2879.3776645790767
plain,1|2|3|7|9,1,6>1>2,1126.656,4,4,6284.989617623059
plain,1|2|3|7|9,1,3>9>6>1,1093.248,7,4,5999.801282453961
plain,1|2|3|7|9,1,9>4>1>2,1152.576,7,4,6532.6311218657465
plain,1|2|3|7|9,1,6>2>6>3,579.024,5,4,2020.3183787228616
plain,1|2|3|7|9,1,1>6>1,1101.7440000000001,4,4,6045.622295953166
plain,1|2|3|7|9,1,2>1>9>2,1169.136,4,4,6667.255110852468
plain,1|2|3|7|9,1,3>6,474.048,2,2,3857.272678330104
plain,1|2|3|7|9,1,9>2>3,541.7280000000001,5,2,1663.743988986722
plain,1|2|3|7|9,1,9>1>9>2,1094.688,4,4,5950.302866311451
plain,1|2|3|7|9,1,3>6>3>4,1353.744,4,4,8698.694358173214
plain,1|2|3|7|9,1,6>4>2>3,649.152,5,4,2706.930341474254
plain,1|2|3|7|9,1,2>6>3>1,594.864,5,3,2113.5947502943036
plain,1|2|3|7|9,1,3>9>6>7,1081.152,6,3,2964.0609218957998
plain,1|2|3|7|9,1,2>6>9>2,302.832,3,1,3218.403067090923
plain,1|2|3|7|9,1,3>2>6>1,1093.6799999999998,7,5,6008.630495715331
plain,1|2|3|7|9,1,2>3>9,891.36,4,4,4070.552244541016
plain,1|2|3|7|9,1,9>6>3>1,668.7360000000001,5,2,2868.7003605581635
plain,1|2|3|7|9,1,2>1>4>2,1171.008,4,4,6699.777806831554
plain,1|2|3|7|9,1,2>6>1>9,1113.5520000000001,7,5,6132.474188956669
plain,1|2|3|7|9,1,2>6>3>7,1159.488,6,4,901.4353116319407
plain,1|2|3|7|9,1,1>6>9>3,1127.0880000000002,7,4,6338.201282453962
plain,1|2|3|7|9,1,1>4>9>6,715.248,5,2,6163.420360558164
plain,1|2|3|7|9,1,3>4>2>1,1076.8319999999999,7,4,5815.807416635807
plain,1|2|3|7|9,1,2>9>4,108.432,3,1,1280.8717444457052
plain,1|2|3|7|9,1,4>1>6,1096.848,4,4,5985.10380019585
plain,1|2|3|7|9,1,9>1>4>2,1096.56,4,4,5982.825562290535
plain,1|2|3|7|9,1,2>4>1>7,1342.8,6,4,2597.4094994678007
plain,1|2|3|7|9,1,3>2>6>7,1081.5839999999998,6,4,2979.3588125119495
plain,1|2|3|7|9,1,9>6>3>7,1233.3600000000001,6,3,1656.5409218958002
plain,1|2|3|7|9,1,2>6>4>2,243.64800000000002,3,2,2619.229048466619
plain,1|2|3|7|9,1,4>6>2>3,666.432,5,3,2887.0643600985572
plain,1|2|3|7|9,1,4>9>1>6,1100.304,7,4,6019.663800195852
plain,1|2|3|7|9,1,4>6>4>9,273.74399999999997,3,1,2930.105981375695
plain,1|2|3|7|9,1,3>6>9>4,671.472,5,3,5793.366903271494
plain,1|2|3|7|9,1,3>6>2>9,644.544,5,4,5508.138800523349
plain,1|2|3|7|9,1,9>4>1>7,1326.96,6,3,2473.511402534564
plain,1|2|3|7|9,1,2>6>9>1,728.64,5,3,3447.906494740008
plain,1|2|3|7|9,1,2>3>4,921.456,4,4,4371.589881040205
plain,1|2|3|7|9,1,9>6>4>2,317.52000000000004,3,2,3357.949048466619
plain,1|2|3|7|9,1,2>1>9>7,1452.096,5,5,2556.870841196927
plain,1|2|3|7|9,1,9>3>2>4,937.8719999999998,7,4,4528.775733432422
plain,1|2|3|7|9,1,3>4>2>7,933.984,6,3,1496.2666849658092
plain,1|2|3|7|9,1,4>3>1>6,1096.9920000000002,4,4,5986.543800195853
plain,1|2|3|7|9,1,9>6>9>1,802.512,5,2,4206.4603605581615
plain,1|2|3|7|9,1,1>4>7,934.704,3,3,1408.1567944927363
plain,1|2|3|7|9,1,9>3>4,847.008,4,3,3654.637636499189
plain,1|2|3|7|9,1,6>4>1,664.272,5,3,2802.923645954773
plain,1|2|3|7|9,1,3>4>6>9,728.2080000000001,5,2,6368.0609218958
plain,1|2|3|7|9,1,1>6>4>3,1123.92,7,5,6299.187263829658
plain,1|2|3|7|9,1,9>1>9>7,1377.648,5,5,1839.9185966559105
plain,1|2|3|7|9,1,6>2>9>6,305.568,3,2,3242.314811536628
plain,1|2|3|7|9,1,6>9>4>6,304.272,3,0,3242.72
plain,1|2|3|7|9,1,4>2>1>6,1190.304,7,4,6902.4128486624695
plain,1|2|3|7|9,1,2>9,77.616,3,1,972.7117444457051
plain,1|2|3|7|9,1,9>2>4,121.68,3,1,1399.5490484666188
plain,1|2|3|7|9,1,6>3>7,1098.288,3,3,310.9107402983309
plain,1|2|3|7|9,1,6>1>9,1052.3519999999999,4,4,5541.949617623058
plain,1|2|3|7|9,1,2>1>2>6,1229.616,4,4,7302.8668672867725
plain,1|2|3|7|9,1,2>6>4>1,725.472,5,4,3395.0897801366173
plain,1|2|3|7|9,1,2>9>3>4,924.624,7,5,4396.373369931616
plain,1|2|3|7|9,1,2>1>4>7,1509.9840000000002,5,5,3135.82847769612
plain,1|2|3|7|9,1,3>4>3>1,983.52,4,4,4917.189319702572
plain,1|2|3|7|9,1,9>1>2>6,1155.168,4,4,6585.914622745754
plain,1|2|3|7|9,1,3>4>9>2,561.024,5,2,4686.303988986721
plain,1|2|3|7|9,1,1>9>2,593.856,5,2,4939.583427649086
plain,1|2|3|7|9,1,2>3,466.704,2,2,916.9522445410162
plain,1|2|3|7|9,1,9>6>4>1,799.344,5,3,4153.643645954773
plain,1|2|3|7|9,1,9>1>4>7,1435.536,5,5,2418.8762331551015
plain,1|2|3|7|9,1,4>6>1,640.3679999999999,5,2,2571.217664579076
plain,1|2|3|7|9,1,6>4>9>3,559.1519999999999,5,3,1826.7642072924073
plain,1|2|3|7|9,1,3>6>3>9,1323.648,4,4,8383.931662194129
plain,1|2|3|7|9,1,9>3,392.256,2,1,199.99999999999818
plain,1|2|3|7|9,1,1>3>2,664.704,2,2,5679.039438662364
plain,1|2|3|7|9,1,6>1>4,1082.4479999999999,4,4,5842.9872541222485
plain,1|2|3|7|9,1,1>4>6>2,748.656,5,3,6491.469190719095
plain,1|2|3|7|9,1,9>2,75.024,3,0,950.24
plain,1|2|3|7|9,1,9>2>3>4,996.48,7,4,5118.38162548591
plain,1|2|3|7|9,1,3>4>9>1,986.832,7,4,4936.506623723484
plain,1|2|3|7|9,1,6>3>6>2,991.872,7,5,5077.149552810279
plain,1|2|3|7|9,1,1>6>2>1,1236.384,7,5,7360.629934377696
plain,1|2|3|7|9,1,4>6>9>3,665.712,5,2,2899.6982259167116
plain,1|2|3|7|9,1,2>3>9>4,922.176,7,4,4364.987185061119
plain,1|2|3|7|9,1,2>3>2>9,1043.28,4,4,5558.776233527737
plain,1|2|3|7|9,1,1>9>3,911.088,4,3,4220.319438662363
plain,1|2|3|7|9,1,2>6>3>6,960.192,7,5,4758.707989962044
plain,1|2|3|7|9,1,1>4>6>1,1189.2959999999998,7,4,6885.240721116325
plain,1|2|3|7|9,1,9>3>9>4,847.7280000000001,7,3,3648.0349405201027
plain,1|2|3|7|9,1,3>4>9>7,843.9839999999999,6,3,599.7149405201039
plain,1|2|3|7|9,1,6>1,533.52,2,2,1521.6301789606946
plain,1|2|3|7|9,1,2>4>1>6,1143.504,7,5,6417.161897129085
plain,1|2|3|7|9,1,1>6>2>7,1093.536,6,4,2986.317970505498
plain,1|2|3|7|9,1,6>9>1>2,1260.576,7,4,7619.0997992205275
plain,1|2|3|7|9,1,9>4>1>6,1127.6640000000002,7,4,6293.263800195854
plain,1|2|3|7|9,1,4>6>4>3,662.544,5,3,2860.6842072924073
plain,1|2|3|7|9,1,3>6>2>3,1033.632,7,5,5483.191057052965
plain,1|2|3|7|9,1,1>4>6>7,1177.1999999999998,6,3,3825.782775868431
plain,1|2|3|7|9,1,3>6>4>9,640.9440000000001,5,3,5488.086903271495
plain,1|2|3|7|9,1,2>1>9>6,1229.1840000000002,4,4,7277.652043761546
plain,1|2|3|7|9,1,1>2>3,1059.84,4,4,5680.31168320338
plain,1|2|3|7|9,1,3>4>2>6,562.7520000000001,5,3,4707.4697520567315
plain,1|2|3|7|9,1,6>3>1>2,1126.8,4,4,6286.429617623059
plain,1|2|3|7|9,1,2>9>3>9,894.528,7,5,4095.3357334324273
plain,1|2|3|7|9,1,6>4>1>4,1213.2,7,5,7124.280721116325
plain,1|2|3|7|9,1,9>1>9>6,1154.7359999999999,4,4,6560.699799220526
plain,1|2|3|7|9,1,3>4>6>3,986.5440000000001,7,4,5007.801843791597
plain,1|2|3|7|9,1,6>2>6>1,687.5999999999999,5,4,3031.0378173852255
plain,1|2|3|7|9,1,1>6>3>1,1101.8880000000001,4,4,6047.062295953165
plain,1|2|3|7|9,1,1>6>9>2,809.8560000000001,5,2,7099.583427649088
plain,1|2|3|7|9,1,6>3>6>7,1420.416,5,5,2448.9834186284343
plain,1|2|3|7|9,1,4>9>2,106.272,3,0,1262.72
plain,1|2|3|7|9,1,2>1>7,1342.8,3,3,2631.9114025345634
plain,1|2|3|7|9,1,1>3>9,590.4,2,2,4935.999438662365
plain,1|2|3|7|9,1,6>1>9>4,1083.168,4,4,5836.384558143161
plain,1|2|3|7|9,1,6>4>2>1,757.728,5,4,3717.649780136618
plain,1|2|3|7|9,1,2>1>4>6,1231.056,4,4,7310.1747397406325
plain,1|2|3|7|9,1,9>1>7,1268.3519999999999,3,3,1914.959157993545
plain,1|2|3|7|9,1,4>3>2,919.008,4,4,4347.032244541017
plain,1|2|3|7|9,1,1>9>2>4,640.512,5,3,5388.892476115704
plain,1|2|3|7|9,1,9>1>4>6,1156.608,4,4,6593.222495199614
plain,1|2|3|7|9,1,1>2>9,670.752,5,3,5705.095172094791
plain,1|2|3|7|9,1,1>9>4,549.648,5,2,4514.754379182468
plain,1|2|3|7|9,1,6>4>3>2,1054.656,7,5,5688.844207292406
plain,1|2|3|7|9,1,7>1>9>2,1259.5679999999998,2,2,11596.703427649085
plain,1|2|3|7|9,1,1>6>4>2,750.672,5,4,6504.295172094792
plain,1|2|3|7|9,1,6>9>1>7,1434.96,6,3,3559.9800798893457
plain,1|2|3|7|9,1,1>3>2>4,711.3599999999999,5,3,6111.1751720947905
plain,1|2|3|7|9,1,3>6>1,1007.568,4,4,5178.902857290799
plain,1|2|3|7|9,1,3>4>3>6,1348.848,4,4,8638.175862415903
plain,1|2|3|7|9,1,1>6>9>1,1235.6640000000002,7,4,7348.920721116329
plain,1|2|3|7|9,1,1>3>4,620.496,2,2,5237.037075161555
plain,1|2|3|7|9,1,6>3>1>7,1301.184,3,3,2227.3098982918773
plain,1|2|3|7|9,1,4>6>2>1,775.008,5,3,3897.7837987609223
plain,1|2|3|7|9,1,4>1>2>7,1554.192,5,5,3577.8308411969283
plain,1|2|3|7|9,1,1>2>4,639.7919999999999,5,3,5395.495172094791
plain,1|2|3|7|9,1,4>9>3,423.50399999999996,5,2,484.9522445410157
plain,1|2|3|7|9,1,7>1>4>2,1261.4399999999998,2,2,11629.22612362817
plain,1|2|3|7|9,1,1>6>9>7,1092.816,6,3,2968.140079889346
plain,1|2|3|7|9,1,6>2>1>7,1435.6799999999998,6,4,3550.794469625486
plain,1|2|3|7|9,1,4>6>3>2,1030.752,7,4,5457.138225916711
plain,1|2|3|7|9,1,1>9,518.832,2,2,4220.3194386623645
plain,1|2|3|7|9,1,6>4>3>1,664.416,5,3,2804.3636459547733
plain,1|2|3|7|9,1,2>9>6,212.688,3,1,2323.431744445705
plain,1|2|3|7|9,1,6>4>9>2,241.92,3,1,2611.8659813756954
plain,1|2|3|7|9,1,1>6>4>1,1232.496,7,5,7309.906702492024
plain,1|2|3|7|9,1,3>6>9>3,1032.9119999999998,7,4,5471.481843791596
plain,1|2|3|7|9,1,2>3>4>9,952.7040000000001,4,4,4670.26718506112
plain,1|2|3|7|9,1,3>4>9>6,621.072,5,2,5296.700921895799
plain,1|2|3|7|9,1,2>3>6,940.752,4,4,4574.224922871121
plain,1|2|3|7|9,1,9>3>2>3,1357.9199999999998,4,4,8732.703988986721
plain,1|2|3|7|9,1,1>6>2>6,722.3040000000001,5,4,6235.041318265238
plain,1|2|3|7|9,1,6>4>1>9,1183.104,7,5,6823.243084617137
plain,1|2|3|7|9,1,6>4>3>7,1229.04,6,4,1592.2042072924078
plain,1|2|3|7|9,1,4>2>3,513.504,5,2,1367.7012930076344
plain,1|2|3|7|9,1,4>1>9>2,1122.48,4,4,6200.695110852467
plain,1|2|3|7|9,1,1>6>4>7,1089.6480000000001,6,4,2942.9287572441303
plain,1|2|3|7|9,1,9>3>6,866.304,4,3,3857.2726783301023
plain,1|2|3|7|9,1,1>2,593.136,2,2,4963.3594386623645
plain,1|2|3|7|9,1,3>4>7,840.528,3,3,578.957636499191
plain,1|2|3|7|9,1,4>6>3>1,640.5120000000001,5,2,2572.6576645790774
plain,1|2|3|7|9,1,4>6>9>2,348.48,3,0,3684.8
plain,1|2|3|7|9,1,3>6>4>3,1029.7440000000001,7,5,5432.467825167295
plain,1|2|3|7|9,1,6>4>9>1,667.728,5,3,2837.4836459547723
plain,1|2|3|7|9,1,9>2>6,136.224,3,1,1552.3230670909227
plain,1|2|3|7|9,1,7>1>2>6,1320.048,2,2,12232.315184083393
plain,1|2|3|7|9,1,4>3>9,844.704,4,4,3603.9922445410157
plain,1|2|3|7|9,1,2>9>1,578.448,5,3,1952.4551720947907
plain,1|2|3|7|9,1,1>9>2>9,671.472,5,3,5712.295172094791
plain,1|2|3|7|9,1,2>4>2,93.45599999999999,3,1,1117.3090484666186
plain,1|2|3|7|9,1,2>1>6>7,1664.9279999999999,5,5,4694.943519527032
plain,1|2|3|7|9,1,4>1>4>2,1124.352,4,4,6233.217806831555
plain,1|2|3|7|9,1,4>6>1>9,1159.1999999999998,7,4,6591.537103241439
plain,1|2|3|7|9,1,4>6>3>7,1205.136,6,3,1360.498225916711
plain,1|2|3|7|9,1,9>4>2,77.616,3,0,976.16
plain,1|2|3|7|9,1,1>3>9>4,621.216,5,2,5230.434379182468
plain,1|2|3|7|9,1,2>3>1,575.424,2,2,1929.1116832033804
plain,1|2|3|7|9,1,1>3>2>9,742.3199999999999,5,3,6420.775172094791
plain,1|2|3|7|9,1,9>1>6>7,1590.48,5,5,3977.9912749860146
plain,1|2|3|7|9,1,9>6>1>2,1261.728,7,4,7630.619799220528
plain,1|2|3|7|9,1,4>2>9,124.416,3,1,1440.7117444457049
plain,1|2|3|7|9,1,4>9>4,62.064,3,0,820.6399999999999
plain,1|2|3|7|9,1,3>9>2,499.68,5,2,4072.8639889867227
plain,1|2|3|7|9,1,9>3>1,500.976,2,2,1212.1594386623642
plain,1|2|3|7|9,1,4>3>2>4,965.664,4,4,4796.4189295068245
plain,1|2|3|7|9,1,4>6>9>1,774.288,5,2,3910.4176645790767
plain,1|2|3|7|9,1,1>2>9>4,701.568,5,3,6013.255172094792
plain,1|2|3|7|9,1,4>1>9>7,1405.44,5,5,2090.310841196931
plain,1|2|3|7|9,1,6>4>2>6,243.64799999999997,3,2,2619.229048466618
plain,1|2|3|7|9,1,3>4>6>2,654.48,5,3,5624.749752056731
plain,1|2|3|7|9,1,9>2>1,650.304,5,2,2674.4634276490856
plain,1|2|3|7|9,1,6>3>1>6,1101.888,4,4,6047.062295953163
plain,1|2|3|7|9,1,2>3>9>3,1283.616,4,4,7989.663988986721
plain,1|2|3|7|9,1,2>4>3,466.704,5,3,882.450341474253
plain,1|2|3|7|9,1,4>9,31.248,3,0,512.48
plain,1|2|3|7|9,1,7>3>9>4,1012.608,2,2,9219.394940520104
plain,1|2|3|7|9,1,4>1>2>6,1182.96,4,4,6836.306867286774
plain,1|2|3|7|9,1,4>6>4>1,771.12,5,3,3871.4036459547724
plain,1|2|3|7|9,1,3>6>2>1,1142.208,7,5,6493.910495715332
plain,1|2|3|7|9,1,9>4>3,450.864,5,2,758.5522445410152
plain,1|2|3|7|9,1,2>6>1>7,1362.24,6,4,2816.3944696254866
plain,1|2|3|7|9,1,4>1>4>7,1463.3280000000002,5,5,2669.2684776961223
plain,1|2|3|7|9,1,2>9>4>3,528.48,5,3,1514.01303745334
plain,1|2|3|7|9,1,4>3,420.048,2,2,450.3922445410153
plain,1|2|3|7|9,1,3>9>3,816.912,4,3,3353.5999999999995
plain,1|2|3|7|9,1,2>9>6>4,348.336,3,1,3676.0259813756957
plain,1|2|3|7|9,1,9>6>1>7,1436.112,6,3,3571.500079889346
plain,1|2|3|7|9,1,3>4>6>1,1095.12,7,4,6018.52128245396
plain,1|2|3|7|9,1,9>2>9>3,544.896,5,3,1691.9757334324258
plain,1|2|3|7|9,1,3>6>2>7,999.36,6,4,2157.1188125119515
plain,1|2|3|7|9,1,1>6>7,1089.6480000000001,3,3,2967.271836323653
plain,1|2|3|7|9,1,4>2,46.8,3,0,668.0
plain,1|2|3|7|9,1,7>1>9>6,1319.616,2,2,12207.100360558165
plain,1|2|3|7|9,1,9>3>4>3,1267.056,4,4,7827.589881040209
plain,1|2|3|7|9,1,2>4>9,77.904,3,1,961.7890484666185
plain,1|2|3|7|9,1,9>3>6>4,1001.952,7,4,5189.409599250581
plain,1|2|3|7|9,1,3>4>6>7,1083.024,6,3,2996.583617874884
plain,1|2|3|7|9,1,9>2>4>3,541.7280000000001,5,3,1632.6903414742537
plain,1|2|3|7|9,1,9>2>6>4,271.87199999999996,3,2,2901.469048466618
plain,1|2|3|7|9,1,3>6>3>1,1007.712,4,4,5180.342857290798
plain,1|2|3|7|9,1,3>6>9>2,715.68,5,2,6232.863988986721
plain,1|2|3|7|9,1,4>3>2>9,996.624,4,4,5092.216233527738
plain,1|2|3|7|9,1,2>9>1>4,1127.376,7,5,6273.812247256346
plain,1|2|3|7|9,1,7>1>4>6,1321.4879999999998,2,2,12239.623056537248
plain,1|2|3|7|9,1,1>9>2>3,1060.56,7,4,5653.087416635806
plain,1|2|3|7|9,1,1>9>4>9,580.8960000000001,5,2,4827.234379182469
plain,1|2|3|7|9,1,6>4>9>6,301.96799999999996,3,1,3212.345981375695
plain,1|2|3|7|9,1,1>9>6,653.904,5,2,5549.980360558164
plain,1|2|3|7|9,1,9>4>2>4,124.27199999999999,3,1,1425.4690484666185
plain,1|2|3|7|9,1,2>3>1>4,1124.3519999999999,4,4,6250.468758364934
plain,1|2|3|7|9,1,1>3>2>3,1131.408,4,4,6395.991683203379
plain,1|2|3|7|9,1,3>9>2>4,546.336,5,3,4522.173037453341
plain,1|2|3|7|9,1,1>3>4>9,651.744,5,2,5535.714379182468
plain,1|2|3|7|9,1,3>2>9,576.576,5,3,4838.375733432427
plain,1|2|3|7|9,1,3>9>4,455.472,5,2,3648.0349405201027
plain,1|2|3|7|9,1,9>3>1>4,1049.904,4,4,5533.516513823919
plain,1|2|3|7|9,1,1>3>6,639.792,2,2,5439.6721169924695
plain,1|2|3|7|9,1,3>6>4>2,656.496,5,4,5637.575733432427
plain,1|2|3|7|9,1,4>1>9>6,1182.5280000000002,4,4,6811.092043761548
plain,1|2|3|7|9,1,2>9>3>2,968.8319999999999,7,5,4838.375733432426
plain,1|2|3|7|9,1,3>6>9>1,1141.4879999999998,7,4,6482.201282453959
plain,1|2|3|7|9,1,1>2>4>9,671.04,5,3,5694.172476115705
plain,1|2|3|7|9,1,3>2>7>1,1597.104,5,5,4119.511683203382
plain,1|2|3|7|9,1,4>9>3>9,848.16,7,4,3638.552244541017
plain,1|2|3|7|9,1,9>2>1>4,1199.232,7,4,6995.82050281064
plain,1|2|3|7|9,1,1>2>6,654.336,5,3,5565.278251174315
plain,1|2|3|7|9,1,9>3>2>1,1466.4959999999999,4,4,9746.87168320338
plain,1|2|3|7|9,1,2>4,46.656,3,1,649.3090484666186
plain,1|2|3|7|9,1,3>2>4,545.616,5,3,4528.775733432427
plain,1|2|3|7|9,1,2>4>3>4,921.456,7,5,4337.087977973441
plain,1|2|3|7|9,1,2>3>2>7,1398.096,5,5,2204.4722445410152
plain,1|2|3|7|9,1,4>1>7,1296.144,3,3,2165.351402534564
plain,1|2|3|7|9,1,9>4,30.816,3,0,508.16
plain,1|2|3|7|9,1,3>6>9>7,998.6399999999999,6,3,2138.940921895797
plain,1|2|3|7|9,1,1>9>1,1019.664,4,4,5231.038877324728
plain,1|2|3|7|9,1,1>4>2,595.728,5,2,4972.106123628173
plain,1|2|3|7|9,1,2>3>6>9,1107.36,4,4,6209.493166436813
plain,1|2|3|7|9,1,2>6>1>6,1162.944,7,5,6636.146867286772
plain,1|2|3|7|9,1,3>9,424.656,2,2,3353.6000000000004
plain,1|2|3|7|9,1,4>1>4>6,1184.4,4,4,6843.614739740632
plain,1|2|3|7|9,1,6>9>2,241.632,3,0,2616.32
plain,1|2|3|7|9,1,9>3>2>7,1323.648,5,4,1487.5199999999988
plain,1|2|3|7|9,1,3>6>4>1,1138.3200000000002,7,5,6443.187263829658
plain,1|2|3|7|9,1,4>2>3>9,938.1600000000001,7,4,4521.301293007635
plain,1|2|3|7|9,1,3>9>3>4,1271.664,4,3,7887.394940520101
plain,1|2|3|7|9,1,2>9>3>1,578.592,5,3,1953.8951720947912
plain,1|2|3|7|9,1,6>3>2,923.904,4,4,4407.55074029833
plain,1|2|3|7|9,1,3>6>2>6,628.128,5,4,5368.321879602873
plain,1|2|3|7|9,1,3>6>4>7,995.472,6,4,2113.7295992505815
plain,1|2|3|7|9,1,2>3>9>2,966.384,7,4,4789.8162335277375
plain,1|2|3|7|9,1,1>2>1,1168.416,4,4,6691.031121865745
plain,1|2|3|7|9,1,2>9>1>9,1097.28,7,5,5972.774610757156
plain,1|2|3|7|9,1,3>2,498.96,2,2,4096.64
plain,1|2|3|7|9,1,2>9>3>7,1143.216,6,4,741.735733432427
plain,1|2|3|7|9,1,2>4>9>4,108.72,3,1,1269.9490484666187
plain,1|2|3|7|9,1,9>3>9>2,891.936,7,3,4072.863988986721
plain,1|2|3|7|9,1,2>9>4>2,155.232,3,1,1748.871744445705
plain,1|2|3|7|9,1,2>3>1>9,1094.2559999999999,4,4,5949.431121865743
plain,1|2|3|7|9,1,4>9>2>3,572.976,5,2,1962.4212930076346
plain,1|2|3|7|9,1,1>3>9>3,982.656,4,3,4935.999438662363
plain,1|2|3|7|9,1,3>9>2>9,577.296,5,3,4845.575733432428
plain,1|2|3|7|9,1,1>4>3,968.976,4,4,4771.7493197025715
plain,1|2|3|7|9,1,9>2>3>1,650.4480000000001,5,2,2675.903427649087
plain,1|2|3|7|9,1,6>1>2>7,1559.088,5,5,3638.349336954241
plain,1|2|3|7|9,1,4>9>6,166.32,3,0,1863.1999999999998
plain,1|2|3|7|9,1,9>3>1>9,1019.808,4,4,5232.478877324728
plain,1|2|3|7|9,1,6>9>3,558.864,5,2,1845.020921895799
plain,1|2|3|7|9,1,2>3>4>2,968.256,4,4,4822.338929506824
plain,1|2|3|7|9,1,1>2>9>3,1063.0079999999998,7,5,5674.119161081511
plain,1|2|3|7|9,1,1>9>4>3,969.696,7,4,4765.146623723485
plain,1|2|3|7|9,1,2>3>9>1,1392.192,4,4,9031.359438662364
plain,1|2|3|7|9,1,4>3>6,894.096,4,4,4107.66492287112
plain,1|2|3|7|9,1,9>3>4>2,893.808,7,3,4105.386684965807
plain,1|2|3|7|9,1,1>9>6>4,789.552,5,3,6899.12634193386
plain,1|2|3|7|9,1,6>4>1>2,1257.408,7,5,7566.283084617134
plain,1|2|3|7|9,1,9>2>3>7,1215.0720000000001,6,3,1463.7439889867228
plain,1|2|3|7|9,1,4>2>4>9,124.704,3,1,1429.7890484666186
plain,1|2|3|7|9,1,1>3>4>3,1040.5439999999999,4,4,5487.42931970257
plain,1|2|3|7|9,1,3>2>9>4,607.392,5,3,5146.535733432427
plain,1|2|3|7|9,1,2>9>4>1,637.056,5,3,2524.732476115705
plain,1|2|3|7|9,1,1>3>6>4,775.44,5,3,6771.809037912947
plain,1|2|3|7|9,1,4>2>6,108.0,3,1,1270.083067090923
plain,1|2|3|7|9,1,2>4>3>9,891.36,7,5,4036.0503414742525
plain,1|2|3|7|9,1,6>1>9>2,1127.3759999999997,4,4,6261.213606609779
plain,1|2|3|7|9,1,6>2>3,559.5840000000001,5,3,1835.8353116319392
plain,1|2|3|7|9,1,2>3>9>7,1249.344,5,5,716.9522445410167
plain,1|2|3|7|9,1,1>4>9,580.176,5,2,4820.034379182468
plain,1|2|3|7|9,1,9>2>9>1,653.472,5,3,2702.6951720947905
plain,1|2|3|7|9,1,1>2>4>3,1059.84,7,5,5628.636465102425
plain,1|2|3|7|9,1,2>9>2>6,213.83999999999997,3,2,2325.034811536628
plain,1|2|3|7|9,1,9>3>9>7,1174.896,5,4,-1.6626700016786344e-12
plain,1|2|3|7|9,1,1>2>6>4,789.984,5,4,6897.415172094792
plain,1|2|3|7|9,1,4>9>1,532.08,5,2,1495.6716832033808
plain,1|2|3|7|9,1,4>1>6>7,1618.272,5,5,4228.383519527032
plain,1|2|3|7|9,1,4>6>1>2,1233.504,7,4,7334.57710324144
plain,1|2|3|7|9,1,9>3>4>1,1375.632,4,4,8838.309319702572
plain,1|2|3|7|9,1,2>9>6>3,637.6320000000001,5,3,2619.3357334324273
plain,1|2|3|7|9,1,6>3>9,849.6,4,4,3664.5107402983294
plain,1|2|3|7|9,1,2>3>2>6,1026.864,4,4,5425.427989962042
plain,1|2|3|7|9,1,4>3>1,528.768,2,2,1462.551683203381
plain,1|2|3|7|9,1,1>4>2>4,642.3839999999999,5,3,5421.415172094791
plain,1|2|3|7|9,1,6>1>4>2,1129.2479999999998,4,4,6293.736302588865
plain,1|2|3|7|9,1,2>3>4>7,1307.232,5,5,1295.9098810402058
plain,1|2|3|7|9,1,9>3>2>6,952.4159999999999,7,4,4698.558812511949
plain,1|2|3|7|9,1,6>9>2>4,288.288,3,1,3065.6290484666188
plain,1|2|3|7|9,1,9>2>4>1,650.3040000000001,5,3,2643.409780136619
plain,1|2|3|7|9,1,6>2>9,170.49599999999998,3,2,1891.5948115366277
plain,1|2|3|7|9,1,6>9>4,197.424,3,1,2166.905981375696
plain,1|2|3|7|9,1,9>3>4>7,1232.784,5,4,578.9576364991892
plain,1|2|3|7|9,1,6>4>1>7,1431.792,6,4,3507.163365285952
plain,1|2|3|7|9,1,4>2>1,622.0799999999999,5,2,2378.4207316699985
plain,1|2|3|7|9,1,9>3>6>3,1291.248,4,4,8085.653600225902
plain,1|2|3|7|9,1,3>6>7,995.472,3,3,2138.0726783301043
plain,1|2|3|7|9,1,1>9>2>1,1169.136,7,4,6663.806855298173
plain,1|2|3|7|9,1,6>3>2>4,970.56,4,4,4856.937425264136
plain,1|2|3|7|9,1,6>3>4,879.696,4,4,3965.5483767975206
plain,1|2|3|7|9,1,9>1>2,1093.9679999999998,4,4,5974.078877324727
plain,1|2|3|7|9,1,6>1>9>7,1410.3359999999998,5,5,2150.8293369542384
plain,1|2|3|7|9,1,9>2>6>3,561.168,5,3,1848.2270560776442
plain,1|2|3|7|9,1,2>9>3>6,943.92,7,5,4599.00841176253
plain,1|2|3|7|9,1,2>6>2,154.07999999999998,3,2,1720.9661341818455
plain,1|2|3|7|9,1,4>3>9>3,1236.96,4,4,7526.552244541016
plain,1|2|3|7|9,1,1>9>2>7,1026.288,6,3,2292.9431469802703
plain,1|2|3|7|9,1,6>2>4,139.536,3,2,1568.1921155575417
plain,1|2|3|7|9,1,9>6>2,227.952,3,1,2469.603067090923
plain,1|2|3|7|9,1,1>4,548.928,2,2,4521.357075161554
plain,1|2|3|7|9,1,1>9>6>9,820.512,5,2,7216.060360558163
plain,1|2|3|7|9,1,2>4>6,153.504,3,1,1717.7890484666186
plain,1|2|3|7|9,1,4>6>1>7,1407.888,6,3,3275.4573839102586
plain,1|2|3|7|9,1,9>4>2>3,544.32,5,2,1675.8612930076351
plain,1|2|3|7|9,1,6>9,166.608,3,0,1866.08
plain,1|2|3|7|9,1,4>2>9>3,516.672,5,3,1395.9330374533401
plain,1|2|3|7|9,1,6>1>2>6,1187.856,4,4,6896.825363044086
plain,1|2|3|7|9,1,1>3>2>7,1097.136,3,3,3032.399157993548
plain,1|2|3|7|9,1,3>9>2>3,966.384,7,4,4786.367977973443
plain,1|2|3|7|9,1,4>9>6>4,301.96799999999996,3,1,3212.345981375695
plain,1|2|3|7|9,1,3>9>4>9,486.71999999999997,5,2,3960.514940520103
plain,1|2|3|7|9,1,9>4>6,137.664,3,0,1576.6399999999999
plain,1|2|3|7|9,1,6>9>3>4,1013.616,7,4,5299.658558394987
plain,1|2|3|7|9,1,1>3>6>9,806.4000000000001,5,2,7074.940360558164
plain,1|2|3|7|9,1,6>1>4>7,1468.224,5,5,2729.7869734534315
plain,1|2|3|7|9,1,3>9>6,559.7280000000001,5,2,4683.2609218958
plain,1|2|3|7|9,1,6>3,424.944,2,2,510.9107402983309
plain,1|2|3|7|9,1,1>9>3>1,1019.808,4,4,5232.478877324728
plain,1|2|3|7|9,1,9>2>3>6,1015.7760000000001,7,4,5321.016667316826
plain,1|2|3|7|9,1,1>2>6>9,820.944,5,3,7200.546494740009
plain,1|2|3|7|9,1,6>2,92.88,3,1,1118.8830670909229
plain,1|2|3|7|9,1,4>2>4>3,513.504,5,3,1350.450341474253
plain,1|2|3|7|9,1,2>6>3,486.144,5,3,1101.4353116319394
plain,1|2|3|7|9,1,2>3>9>6,1026.432,7,4,5400.213166436814
plain,1|2|3|7|9,1,1>3>9>2,665.424,5,2,5655.263427649086
plain,1|2|3|7|9,1,4>2>6>4,243.648,3,2,2619.229048466619
plain,1|2|3|7|9,1,3>2>4>9,576.864,5,3,4827.453037453341
plain,1|2|3|7|9,1,6>2>3>4,1014.336,7,5,5290.472948131129
plain,1|2|3|7|9,1,2>4>1,575.28,5,3,1893.1697801366172
plain,1|2|3|7|9,1,1>4>2>9,673.3439999999999,5,3,5731.0151720947915
plain,1|2|3|7|9,1,3>2>6,560.16,5,3,4698.558812511949
plain,1|2|3|7|9,1,9>6>3,560.0160000000001,5,2,1856.5409218957993
plain,1|2|3|7|9,1,9>3>9>6,951.984,7,3,4683.260921895798
plain,1|2|3|7|9,1,1>2>3>1,1168.56,4,4,6692.471121865744
plain,1|2|3|7|9,1,2>9>4>6,215.28,3,1,2349.351744445705
plain,1|2|3|7|9,1,9>4>1,559.44,5,2,1769.2716832033811
plain,1|2|3|7|9,1,1>9>4>2,596.448,5,2,4965.503427649086
plain,1|2|3|7|9,1,3>9>1,925.488,4,4,4364.3194386623645
plain,1|2|3|7|9,1,2>3>7,1140.048,3,3,716.9522445410157
plain,1|2|3|7|9,1,2>1>9,1094.112,4,4,5947.991121865746
plain,1|2|3|7|9,1,3>4>2,501.552,5,2,4105.386684965809
plain,1|2|3|7|9,1,6>3>9>4,880.416,7,4,3958.9456808184327
plain,1|2|3|7|9,1,6>3>2>9,1001.52,4,4,5152.734729285052
plain,1|2|3|7|9,1,4>3>1>4,1077.696,4,4,5783.908758364935
plain,1|2|3|7|9,1,2>3>4>6,1028.304,4,4,5432.735862415902
plain,1|2|3|7|9,1,1>3>4>2,667.2959999999999,5,2,5687.786123628172
plain,1|2|3|7|9,1,9>3>7,1065.6,3,2,-9.094947017729282e-13
plain,1|2|3|7|9,1,4>9>2>1,681.552,5,2,2973.1407316699997
plain,1|2|3|7|9,1,2>6>9,227.808,3,1,2468.163067090923
plain,1|2|3|7|9,1,9>3>4>6,953.856,7,3,4715.783617874884
plain,1|2|3|7|9,1,6>2>9>4,201.31199999999998,3,2,2195.8690484666186
plain,1|2|3|7|9,1,7>3>9>2,1056.8159999999998,2,2,9644.223988986721
plain,1|2|3|7|9,1,2>4>9>3,470.15999999999997,5,3,917.0103414742525
plain,1|2|3|7|9,1,4>9>3>2,922.4639999999999,7,4,4381.592244541016
plain,1|2|3|7|9,1,3>2>1,1074.24,4,4,5824.31168320338
plain,1|2|3|7|9,1,2>1>4,1124.208,4,4,6249.028758364937
plain,1|2|3|7|9,1,9>4>9>3,454.32,5,2,793.1122445410156
plain,1|2|3|7|9,1,1>2>9>1,1171.5839999999998,7,5,6684.838599743876
plain,1|2|3|7|9,1,1>9>4>1,1078.272,7,4,5775.866062385849
plain,1|2|3|7|9,1,9>2>4>6,228.52800000000002,3,1,2468.029048466619
plain,1|2|3|7|9,1,6>1>9>6,1187.424,4,4,6871.610539518858
plain,1|2|3|7|9,1,1>3>9>7,948.384,3,3,1544.8791579935476
plain,1|2|3|7|9,1,2>9>6>2,305.568,3,2,3242.314811536628
plain,1|2|3|7|9,1,6>9>3>9,983.52,7,4,4998.620921895798
plain,1|2|3|7|9,1,9>1>4,1049.76,4,4,5532.0765138239185
plain,1|2|3|7|9,1,2>6>2>4,200.736,3,3,2170.2751826484646
plain,1|2|3|7|9,1,1>9>2>6,655.056,5,3,5541.6664947400095
plain,1|2|3|7|9,1,2>6>4,196.848,3,2,2151.2290484666187
plain,1|2|3|7|9,1,4>3>2>7,1351.44,5,5,1737.9122445410196
plain,1|2|3|7|9,1,7>3>4>2,1058.6879999999999,2,2,9676.746684965809
plain,1|2|3|7|9,1,9>6>2>4,274.608,3,2,2918.9121155575417
plain,1|2|3|7|9,1,3>4>3,874.8,4,4,3905.029881040207
plain,1|2|3|7|9,1,1>2>9>7,1028.7359999999999,6,4,2313.9748914259735
plain,1|2|3|7|9,1,1>9>4>7,935.424,6,3,1401.5540985136504
plain,1|2|3|7|9,1,4>3>6>9,1060.704,7,4,5742.933166436815
plain,1|2|3|7|9,1,9>6>4,270.72,3,1,2899.865981375696
plain,1|2|3|7|9,1,1>9>6>3,1078.848,7,4,5855.801282453961
plain,1|2|3|7|9,1,6>1>7,1301.04,3,3,2225.869898291877
plain,1|2|3|7|9,1,1>3>2>6,725.904,5,3,6280.958251174315
plain,1|2|3|7|9,1,9>3>6>2,959.184,7,4,4766.238812511949
plain,1|2|3|7|9,1,1>2>4>1,1168.416,7,5,6639.35590376479
plain,1|2|3|7|9,1,4>9>3>1,532.2239999999999,5,2,1497.1116832033804
plain,1|2|3|7|9,1,9>4>6>4,273.312,3,1,2925.7859813756954
plain,1|2|3|7|9,1,6>1>4>6,1189.2959999999998,4,4,6904.133235497944
plain,1|2|3|7|9,1,1>3>4>7,1006.2719999999999,3,3,2123.8367944927368
plain,1|2|3|7|9,1,3>2>9>3,968.832,7,5,4807.399722419148
plain,1|2|3|7|9,1,3>9>4>3,875.52,7,4,3898.427185061121
plain,1|2|3|7|9,1,4>2>6>9,274.608,3,1,2936.163067090923
plain,1|2|3|7|9,1,1>3>6>3,1064.736,4,4,5750.582857290799
plain,1|2|3|7|9,1,2>1,575.28,2,2,1927.6716832033799
plain,1|2|3|7|9,1,6>2>3>9,984.24,7,5,4989.435311631938
plain,1|2|3|7|9,1,3>9>6>4,695.3760000000001,5,3,6032.406903271496
plain,1|2|3|7|9,1,2>9>6>1,746.208,5,3,3630.055172094791
plain,1|2|3|7|9,1,9>2>6>2,229.10399999999998,3,2,2471.206134181846
plain,1|2|3|7|9,1,4>3>9>2,919.728,7,4,4323.256233527737
plain,1|2|3|7|9,1,9>1,500.832,2,2,1210.7194386623637
plain,1|2|3|7|9,1,1>2>4>7,1025.568,6,4,2282.294891425974
plain,1|2|3|7|9,1,4>9>1>9,1050.912,7,4,5515.991121865747
plain,1|2|3|7|9,1,2>6,61.2,3,1,802.0830670909229
plain,1|2|3|7|9,1,4>9>3>7,1096.848,6,3,284.9522445410166
plain,1|2|3|7|9,1,1>2>6>3,1079.28,7,5,5864.630495715331
plain,1|2|3|7|9,1,2>6>3>4,940.896,7,5,4556.072948131128
plain,1|2|3|7|9,1,3>4>9,486.0,5,2,3953.3149405201034
plain,1|2|3|7|9,1,2>3>1>2,1168.56,4,4,6692.471121865744
plain,1|2|3|7|9,1,4>2>3>1,622.224,5,2,2379.86073167
plain,1|2|3|7|9,1,9>6,135.072,3,0,1550.72
plain,1|2|3|7|9,1,9>3>6>1,1399.824,4,4,9101.4628572908
plain,1|2|3|7|9,1,4>9>4>2,108.864,3,0,1288.64
plain,1|2|3|7|9,1,4>3>1>9,1047.6,4,4,5482.871121865746
plain,1|2|3|7|9,1,3>2>4>3,965.664,7,5,4761.91702644006
plain,1|2|3|7|9,1,1>6>2,661.104,5,3,5632.958251174316
plain,1|2|3|7|9,1,2>4>1>4,1124.208,7,5,6214.526855298173
plain,1|2|3|7|9,1,3>2>6>4,695.808,5,4,6030.695733432427
plain,1|2|3|7|9,1,7>3>2>6,1117.296,2,2,10279.835745421029
plain,1|2|3|7|9,1,9>6>3>4,1014.768,7,4,5311.178558394988
plain,1|2|3|7|9,1,1>4>2>3,1062.432,7,4,5671.807416635807
plain,1|2|3|7|9,1,9>3>1>2,1094.112,4,4,5975.518877324729
plain,1|2|3|7|9,1,3>4>7>1,1506.24,5,5,3210.949319702571
plain,1|2|3|7|9,1,2>3>6>7,1462.176,5,5,2855.024922871119
plain,1|2|3|7|9,1,6>9>2>3,708.336,5,2,3329.823988986722
plain,1|2|3|7|9,1,4>3>4>2,921.5999999999999,7,4,4355.778929506825
plain,1|2|3|7|9,1,1>4>6,655.776,5,2,5582.50305653725
plain,1|2|3|7|9,1,9>2>6>1,669.7439999999999,5,3,2858.946494740007
plain,1|2|3|7|9,1,1>7,767.52,1,1,904.2397193311826
plain,1|2|3|7|9,1,4>2>1>9,1140.9119999999998,7,4,6398.740170332363
plain,1|2|3|7|9,1,4>2>3>7,1186.848,6,3,1167.7012930076344
plain,1|2|3|7|9,1,2>1>9>4,1124.928,4,4,6242.426062385849
plain,1|2|3|7|9,1,6>9>6,301.68,3,0,3216.8
plain,1|2|3|7|9,1,4>3>9>1,1345.536,4,4,8564.799438662365
plain,1|2|3|7|9,1,9>3>6>7,1387.728,5,4,2138.0726783301043
plain,1|2|3|7|9,1,3>4>2>4,548.208,5,3,4554.695733432427
plain,1|2|3|7|9,1,6>3>4>9,910.9440000000001,7,4,4264.225680818433
plain,1|2|3|7|9,1,9>1>9>4,1050.48,4,4,5525.473817844831
plain,1|2|3|7|9,1,9>4>2>1,652.896,5,2,2686.5807316699984
plain,1|2|3|7|9,1,2>6>9>4,258.62399999999997,3,2,2768.9890484666184
plain,1|2|3|7|9,1,2>6>2>9,231.69599999999997,3,3,2493.677878627551
plain,1|2|3|7|9,1,4>2>9>1,625.248,5,3,2406.652476115705
plain,1|2|3|7|9,1,2>4>3>2,965.664,7,5,4779.0903414742515
plain,1|2|3|7|9,1,3>9>2>1,1074.96,7,4,5797.087416635808
plain,1|2|3|7|9,1,4>3>9>7,1202.6879999999999,5,5,250.3922445410155
plain,1|2|3|7|9,1,2>9>1>7,1345.9679999999998,6,4,2656.694891425973
plain,1|2|3|7|9,1,6>2>4>9,170.784,3,2,1880.6721155575415
plain,1|2|3|7|9,1,9>4>3>2,949.824,7,4,4655.192244541016
plain,1|2|3|7|9,1,2>4>6>9,320.11199999999997,3,1,3383.8690484666186
plain,1|2|3|7|9,1,4>9>2>6,167.472,3,1,1864.803067090923
plain,1|2|3|7|9,1,1>6>3,993.1680000000001,4,4,5034.902857290799
plain,1|2|3|7|9,1,1>3>9>6,725.472,5,2,6265.660360558163
plain,1|2|3|7|9,1,3>9>3>2,1315.872,4,3,8312.223988986723
plain,1|2|3|7|9,1,2>3>1>7,1342.944,3,3,2633.351402534562
plain,1|2|3|7|9,1,1>4>1,1077.5520000000001,4,4,5782.468758364937
plain,1|2|3|7|9,1,3>9>2>7,932.1120000000001,6,3,1463.7439889867233
plain,1|2|3|7|9,1,4>9>6>3,591.264,5,2,2155.218225916712
plain,1|2|3|7|9,1,1>9>7,876.816,3,3,829.1991579935473
plain,1|2|3|7|9,1,4>3>2>6,980.2080000000001,4,4,4958.867989962046
plain,1|2|3|7|9,1,3>4,454.752,2,2,3654.6376364991906
plain,1|2|3|7|9,1,6>9>1,667.44,5,2,2855.7403605581635
plain,1|2|3|7|9,1,9>3>1>7,1268.496,3,3,1916.3991579935473
plain,1|2|3|7|9,1,3>9>6>9,726.336,5,2,6349.3409218957995
plain,1|2|3|7|9,1,6>4>2,182.44799999999998,3,2,2007.2290484666182
plain,1|2|3|7|9,1,4>2>4>1,622.08,5,3,2361.169780136618
plain,1|2|3|7|9,1,6>1>6>7,1623.1680000000001,5,5,4288.902015284347
plain,1|2|3|7|9,1,1>2>9>6,805.824,5,3,7055.815172094792
plain,1|2|3|7|9,1,1>9>4>6,656.496,5,2,5575.900360558164
plain,1|2|3|7|9,1,4>3>4>7,1260.576,5,5,829.3498810402064
plain,1|2|3|7|9,1,2>4>3>1,575.424,5,3,1894.6097801366177
plain,1|2|3|7|9,1,4>3>6>3,1319.04,4,4,8349.770904246816
plain,1|2|3|7|9,1,2>4>9>2,152.928,3,1,1712.0290484666186
plain,1|2|3|7|9,1,6>3>1,533.664,2,2,1523.0701789606942
plain,1|2|3|7|9,1,9>2>1>7,1417.824,6,3,3378.7031469802705
plain,1|2|3|7|9,1,1>3>4>6,727.3439999999999,5,2,6298.18305653725
plain,1|2|3|7|9,1,9>4>3>1,559.584,5,2,1770.7116832033798
plain,1|2|3|7|9,1,2>6>3>9,910.8,7,5,4255.035311631939
plain,1|2|3|7|9,1,4>1>2,1121.76,4,4,6224.471121865747
plain,1|2|3|7|9,1,3>9>3>1,925.6320000000001,4,4,4365.759438662363
plain,1|2|3|7|9,1,1>6>9,734.8320000000001,5,2,6359.260360558165
plain,1|2|3|7|9,1,4>2>6>3,532.944,5,3,1552.1843600985567
plain,1|2|3|7|9,1,1>2>7,1025.568,3,3,2316.719157993548
plain,1|2|3|7|9,1,2>4>1>9,1094.112,7,5,5913.489218798983
plain,1|2|3|7|9,1,6>2>1,668.16,5,3,2846.554750294303
plain,1|2|3|7|9,1,7>3>9>6,1116.864,2,2,10254.6209218958
plain,1|2|3|7|9,1,3>2>6>9,726.768,5,3,6333.827056077645
plain,1|2|3|7|9,1,2>4>3>7,1140.048,6,4,682.4503414742521
plain,1|2|3|7|9,1,1>4>9>3,972.432,7,4,4792.506623723484
plain,1|2|3|7|9,1,1>2>4>6,746.6399999999999,5,3,6463.975172094791
plain,1|2|3|7|9,1,4>9>3>6,897.5519999999999,7,4,4142.22492287112
plain,1|2|3|7|9,1,4>6>2,199.728,3,1,2187.3630670909233
plain,1|2|3|7|9,1,9>4>3>7,1124.208,6,3,558.5522445410188
plain,1|2|3|7|9,1,1>9>6>2,746.784,5,3,6458.946494740009
plain,1|2|3|7|9,1,3>4>2>9,579.168,5,3,4864.295733432427
plain,1|2|3|7|9,1,2>4>9>1,578.736,5,3,1927.7297801366176
plain,1|2|3|7|9,1,6>3>9>3,1241.856,4,4,7581.980921895797
plain,1|2|3|7|9,1,1>6>2>4,707.76,5,4,6065.258239185715
plain,1|2|3|7|9,1,6>4>3,555.696,5,3,1792.2042072924078
plain,1|2|3|7|9,1,3>2>3>1,1074.384,4,4,5825.751683203381
plain,1|2|3|7|9,1,1>6>4,703.8720000000001,5,3,6056.129037912948
plain,1|2|3|7|9,1,3>9>4>2,502.272,5,2,4098.783988986721
plain,1|2|3|7|9,1,9>4>9>1,562.896,5,2,1803.8316832033797
plain,1|2|3|7|9,1,1>3>6>2,732.672,5,3,6348.638251174315
plain,1|2|3|7|9,1,7>3>4>6,1118.7359999999999,2,2,10287.143617874885
plain,1|2|3|7|9,1,1>4>6>4,791.424,5,3,6931.649037912946
plain,1|2|3|7|9,1,4>2>3>6,987.552,7,4,5024.973971337739
plain,1|2|3|7|9,1,6>2>9>3,562.752,5,4,1860.6188005233491
plain,1|2|3|7|9,1,6>9>4>3,617.472,5,3,2409.964207292407
plain,1|2|3|7|9,1,6>3>4>3,1299.7440000000001,4,4,8147.135862415902
plain,1|2|3|7|9,1,2>1>6,1143.504,4,4,6451.663800195849
plain,1|2|3|7|9,1,1>9>6>1,1187.424,7,4,6866.520721116326
plain,1|2|3|7|9,1,4>6>3,531.792,5,2,1560.4982259167118
plain,1|2|3|7|9,1,4>3>9>6,979.776,7,4,4933.653166436816
plain,1|2|3|7|9,1,2>9>1>6,1146.672,7,5,6476.447289087262
plain,1|2|3|7|9,1,2>6>4>9,228.096,3,2,2463.7090484666187
plain,1|2|3|7|9,1,6>4>9,166.896,3,1,1861.6259813756953
plain,1|2|3|7|9,1,2>4>2>6,154.656,3,2,1719.3921155575415
plain,1|2|3|7|9,1,9>1>6,1069.056,4,4,5734.711555654834
plain,1|2|3|7|9,1,3>2>9>1,1077.408,7,5,5818.119161081511
plain,1|2|3|7|9,1,3>9>4>1,984.096,7,4,4909.146623723484
plain,1|2|3|7|9,1,1>6,568.224,2,2,4723.99211699247
plain,1|2|3|7|9,1,6>2>4>3,559.5840000000001,5,4,1801.3334085651761
plain,1|2|3|7|9,1,3>4>3>9,1299.456,4,4,8137.787185061118
plain,1|2|3|7|9,1,9>6>2>3,694.656,5,3,3183.107056077644
plain,1|2|3|7|9,1,9>4>2>6,138.816,3,1,1578.243067090923
plain,1|2|3|7|9,1,2>4>6>3,578.448,5,3,1999.8903414742526
plain,1|2|3|7|9,1,2>3>1>6,1143.6480000000001,4,4,6453.103800195851
plain,1|2|3|7|9,1,1>9>6>7,1175.328,6,3,3793.260079889345
plain,1|2|3|7|9,1,4>2>9>6,259.488,3,1,2791.431744445705
plain,1|2|3|7|9,1,4>9>4>6,168.912,3,0,1889.1200000000001
plain,1|2|3|7|9,1,3>9>2>6,560.88,5,3,4674.947056077644
plain,1|2|3|7|9,1,4>3>7,1093.392,3,3,250.39224454101713
plain,1|2|3|7|9,1,4>1>9,1047.4560000000001,4,4,5481.431121865748
plain,1|2|3|7|9,1,9>4>6>3,562.608,5,2,1868.6582259167117
plain,1|2|3|7|9,1,9>3>1>6,1069.2,4,4,5736.151555654833
plain,1|2|3|7|9,1,1>2>6>1,1187.856,7,5,6875.349934377696
plain,1|2|3|7|9,1,3>2>9>7,934.56,6,4,1484.7757334324265
plain,1|2|3|7|9,1,3>9>4>7,841.248,6,3,572.3549405201034
plain,1|2|3|7|9,1,6>9>1>4,1216.368,7,4,7177.097435719717
plain,1|2|3|7|9,1,1>3>6>7,1161.216,3,3,3682.9518363236516
plain,1|2|3|7|9,1,3>9>6>3,984.672,7,4,4989.081843791598
plain,1|2|3|7|9,1,4>3>4>6,981.6479999999999,7,4,4966.175862415902
plain,1|2|3|7|9,1,3>2>4>1,1074.24,7,5,5772.636465102425
plain,1|2|3|7|9,1,4>6>9,273.456,3,0,2934.5600000000004
plain,1|2|3|7|9,1,6>3>1>4,1082.592,4,4,5844.427254122251
plain,1|2|3|7|9,1,9>2>1>6,1218.528,7,4,7198.455544641556
plain,1|2|3|7|9,1,1>4>2>1,1171.0079999999998,7,4,6682.526855298171
plain,1|2|3|7|9,1,1>2>6>7,1175.76,6,4,3808.557970505499
plain,1|2|3|7|9,1,6>9>2>1,816.912,5,2,4340.543427649087
plain,1|2|3|7|9,1,1>6>9>4,765.6480000000001,5,3,6660.086341933861
plain,1|2|3|7|9,1,2>6>1,594.72,5,3,2112.154750294304
plain,1|2|3|7|9,1,1>6>2>9,738.72,5,4,6374.858239185715
plain,1|2|3|7|9,1,2>4>3>6,940.752,7,5,4539.723019804357
plain,1|2|3|7|9,1,6>2>1>4,1217.088,7,5,7167.911825455858
plain,1|2|3|7|9,1,3>2>4>7,931.392,6,4,1453.0957334324269
plain,1|2|3|7|9,1,4>9>6>2,259.2,3,1,2782.083067090923
plain,1|2|3|7|9,1,3>2>6>3,985.104,7,5,4997.911057052967
plain,1|2|3|7|9,1,6>9>3>2,1057.824,7,4,5741.660921895799
plain,1|2|3|7|9,1,1>4>2>7,1028.1599999999999,6,3,2325.4658429593546
plain,1|2|3|7|9,1,9>6>1,668.592,5,2,2867.260360558163
plain,1|2|3|7|9,1,9>4>3>6,924.912,7,4,4415.824922871122
plain,1|2|3|7|9,1,4>6>2>4,246.38400000000001,3,1,2646.589048466619
plain,1|2|3|7|9,1,1>4>6>9,822.384,5,2,7234.780360558164
plain,1|2|3|7|9,1,4>6>4,242.49599999999998,3,1,2617.6259813756956
plain,1|2|3|7|9,1,3>9>3>6,1290.96,4,3,8073.020921895798
plain,1|2|3|7|9,1,3>6>2,566.928,5,3,4766.23881251195
plain,1|2|3|7|9,1,6>4,135.648,3,1,1549.1459813756956
plain,1|2|3|7|9,1,4>3>6>2,986.976,7,5,5016.631057052967
plain,1|2|3|7|9,1,3>4>2>3,968.2560000000001,7,4,4805.087977973444
plain,1|2|3|7|9,1,6>4>3>4,1010.4480000000001,7,5,5246.841843791598
plain,1|2|3|7|9,1,7>1>9>4,1215.36,2,2,11171.874379182467
plain,1|2|3|7|9,1,6>3>2>7,1356.336,5,5,1798.4307402983306
plain,1|2|3|7|9,1,3>4>6,561.6,5,2,4715.783617874886
plain,1|2|3|7|9,1,3>7,673.344,1,1,9.094947017729282e-13
plain,1|2|3|7|9,1,4>2>6>2,200.88,3,2,2188.9661341818464
plain,1|2|3|7|9,1,2>6>9>3,620.064,5,3,2437.1870560776433
plain,1|2|3|7|9,1,1>4>3>1,1077.696,4,4,5783.908758364935
plain,1|2|3|7|9,1,4>1,528.624,2,2,1461.1116832033804
plain,1|2|3|7|9,1,2>4>9>6,212.976,3,1,2312.509048466619
plain,1|2|3|7|9,1,1>4>9>2,655.2,5,2,5553.023427649086
plain,1|2|3|7|9,1,4>9>6>1,699.8399999999999,5,2,3165.937664579076
plain,1|2|3|7|9,1,6>9>3>1,667.5840000000001,5,2,2857.180360558163
plain,1|2|3|7|9,1,9>6>9>3,693.9359999999999,5,2,3195.7409218957973
plain,1|2|3|7|9,1,4>9>1>2,1125.216,7,4,6259.031121865746
plain,1|2|3|7|9,1,4>6,106.848,3,0,1268.48
plain,1|2|3|7|9,1,4>3>6>1,1427.616,4,4,9379.382857290799
plain,1|2|3|7|9,1,6>3>9>2,924.624,7,4,4383.774729285051
plain,1|2|3|7|9,1,4>3>1>2,1121.904,4,4,6225.911121865747
plain,1|2|3|7|9,1,6>9>1>9,1186.272,7,4,6876.059799220527
plain,1|2|3|7|9,1,6>9>3>7,1232.208,6,3,1645.0209218957998
plain,1|2|3|7|9,1,6>4>9>4,197.712,3,1,2169.7859813756954
plain,1|2|3|7|9,1,6>4>2>9,260.06399999999996,3,2,2783.389048466618
plain,1|2|3|7|9,1,2>6>4>3,616.896,5,4,2384.370341474252
plain,1|2|3|7|9,1,3>6>3,898.992,4,4,4168.183418628434
plain,1|2|3|7|9,1,4>2>6>1,641.52,5,3,2562.9037987609217
plain,1|2|3|7|9,1,6>2>3>1,668.3040000000001,5,3,2847.9947502943046
plain,1|2|3|7|9,1,3>4>1,983.376,4,4,4915.7493197025715
plain,1|2|3|7|9,1,6>2>9>2,245.51999999999998,3,2,2641.834811536628
plain,1|2|3|7|9,1,6>9>4>2,244.224,3,1,2634.9059813756953
plain,1|2|3|7|9,1,9>6>4>3,690.768,5,3,3142.924207292408
plain,1|2|3|7|9,1,4>3>6>7,1415.52,5,5,2388.4649228711232
plain,1|2|3|7|9,1,6>3>1>9,1052.496,4,4,5543.38961762306
plain,1|2|3|7|9,1,1>4>9>1,1081.008,7,4,5803.226062385849
plain,1|2|3|7|9,1,3>9>7,782.64,3,3,1.5631940186722204e-13
plain,1|2|3|7|9,1,3>2>9>6,711.648,5,3,6189.095733432428
plain,1|2|3|7|9,1,3>9>4>6,562.3199999999999,5,2,4709.180921895798
plain,1|2|3|7|9,1,4>1>9>4,1078.2720000000002,4,4,5775.8660623858505
plain,1|2|3|7|9,1,6>3>4>2,926.496,7,4,4416.297425264137
plain,1|2|3|7|9,1,2>9>2,152.64,3,1,1722.951744445705
plain,1|2|3|7|9,1,6>2>1>9,1186.992,7,5,6866.874188956668
plain,1|2|3|7|9,1,6>2>3>7,1232.928,6,4,1635.8353116319397
plain,1|2|3|7|9,1,6>3>9>1,1350.432,4,4,8613.759438662364
plain,1|2|3|7|9,1,1>4>9>7,938.1600000000001,6,3,1428.914098513651
plain,1|2|3|7|9,1,4>6>9>4,304.272,3,0,3242.72
plain,1|2|3|7|9,1,4>6>2>9,277.344,3,2,2960.074811536628
plain,1|2|3|7|9,1,2>3>2,965.664,4,4,4813.592244541015
plain,1|2|3|7|9,1,6>2>4>2,186.336,3,2,2036.1921155575417
plain,1|2|3|7|9,1,3>6>9,640.656,5,2,5492.540921895798
plain,1|2|3|7|9,1,4>9>1>7,1299.6,6,3,2199.9114025345652
plain,1|2|3|7|9,1,3>2>7,931.392,3,3,1487.5200000000007
plain,1|2|3|7|9,1,2>4>6>2,246.384,3,2,2636.672115557542
plain,1|2|3|7|9,1,3>4>9>3,878.256,7,4,3925.7871850611195
plain,1|2|3|7|9,1,6>2>9>1,671.328,5,4,2871.338239185714
plain,1|2|3|7|9,1,6>9>4>1,726.048,5,3,3420.683645954772
plain,1|2|3|7|9,1,2>6>1>4,1143.6480000000001,7,5,6433.51182545586
plain,1|2|3|7|9,1,3>2>4>6,652.4639999999999,5,3,5597.2557334324265
plain,1|2|3|7|9,1,9>3>2,891.2159999999999,4,3,4096.6399999999985
plain,1|2|3|7|9,1,6>4>3>9,980.3520000000001,7,5,4945.804207292407
plain,1|2|3|7|9,1,6>3>9>7,1207.584,5,5,310.91074029833015
plain,1|2|3|7|9,1,1>6>2>3,1127.808,7,5,6349.91049571533
plain,1|2|3|7|9,1,1>6>4>9,735.1200000000001,5,3,6354.8063419338605
plain,1|2|3|7|9,1,4>3>1>7,1296.288,3,3,2166.7914025345663
plain,1|2|3|7|9,1,1>4>2>6,656.928,5,3,5574.189190719096
plain,1|2|3|7|9,1,9>4>6>2,230.54399999999998,3,1,2495.5230670909227
activated,1|2|3|7|9,1,9>6>1>4,1217.52,7,3,8377.599438662364
activated,1|2|3|7|9,1,6>3>4>1,1408.3200000000002,4,0,14283.2
activated,1|2|3|7|9,1,6>9>2>6,302.832,3,0,3228.3199999999997
activated,1|2|3|7|9,1,3>9>6>2,652.6080000000001,5,2,5602.143988986722
activated,1|2|3|7|9,1,1>4>6>3,1080.72,7,2,11007.2
activated,1|2|3|7|9,1,3>6>2>4,613.584,5,2,5242.879999999999
activated,1|2|3|7|9,1,3>6>4,609.696,5,0,6296.96
activated,1|2|3|7|9,1,4>2>1>7,1389.6,6,3,3099.9114025345634
activated,1|2|3|7|9,1,6>3>2>6,985.104,4,2,8958.080000000002
activated,1|2|3|7|9,1,2>1>2>7,1600.848,5,5,4044.390841196928
activated,1|2|3|7|9,1,2>9>3,469.87199999999996,5,3,941.7357334324261
activated,1|2|3|7|9,1,6>2>4>1,668.1600000000001,5,2,2856.471683203381
activated,1|2|3|7|9,1,9>6>2>1,803.232,5,2,4203.743427649086
activated,1|2|3|7|9,1,3>4>6>4,697.248,5,0,7172.4800000000005
activated,1|2|3|7|9,1,6>3>4>7,1265.472,5,1,5921.28
activated,1|2|3|7|9,1,2>6>3>2,985.104,7,4,5007.992244541017
activated,1|2|3|7|9,1,2>4>6>1,687.024,5,2,3045.1116832033804
activated,1|2|3|7|9,1,9>1>2>7,1526.3999999999999,5,5,3327.4385966559094
activated,1|2|3|7|9,1,4>6>3>9,956.4480000000001,7,2,8671.520000000002
activated,1|2|3|7|9,1,9>6>3>2,1058.976,7,3,5774.240000000001
activated,1|2|3|7|9,1,9>4>6>1,671.184,5,2,2914.239438662364
activated,1|2|3|7|9,1,6>1>2,1126.656,4,3,10298.559438662363
activated,1|2|3|7|9,1,3>9>6>1,1093.248,7,4,6041.919438662363
activated,1|2|3|7|9,1,9>4>1>2,1152.576,7,4,6560.158877324729
activated,1|2|3|7|9,1,6>2>6>3,579.024,5,2,2040.152244541016
activated,1|2|3|7|9,1,1>6>1,1101.7440000000001,4,2,11217.440000000002
activated,1|2|3|7|9,1,2>1>9>2,1169.136,4,4,6667.255110852468
activated,1|2|3|7|9,1,3>6,474.048,2,0,4940.48
activated,1|2|3|7|9,1,9>2>3,541.7280000000001,5,2,1663.743988986722
activated,1|2|3|7|9,1,9>1>9>2,1094.688,4,4,5950.302866311451
activated,1|2|3|7|9,1,3>6>3>4,1353.744,4,0,13737.439999999999
activated,1|2|3|7|9,1,6>4>2>3,649.152,5,2,2741.4322445410166
activated,1|2|3|7|9,1,2>6>3>1,594.864,5,2,2123.511683203381
activated,1|2|3|7|9,1,3>9>6>7,1081.152,6,3,2985.120000000001
activated,1|2|3|7|9,1,2>6>9>2,302.832,3,0,3228.3199999999997
activated,1|2|3|7|9,1,3>2>6>1,1093.6799999999998,7,4,6018.71168320338
activated,1|2|3|7|9,1,2>3>9,891.36,4,4,4070.552244541016
activated,1|2|3|7|9,1,9>6>3>1,668.7360000000001,5,2,2889.7594386623646
activated,1|2|3|7|9,1,2>1>4>2,1171.008,4,4,6716.951121865745
activated,1|2|3|7|9,1,2>6>1>9,1113.5520000000001,7,4,6142.391121865746
activated,1|2|3|7|9,1,2>6>3>7,1159.488,6,3,911.3522445410172
activated,1|2|3|7|9,1,1>6>9>3,1127.0880000000002,7,3,6380.3194386623645
activated,1|2|3|7|9,1,1>4>9>6,715.248,5,2,6184.479438662365
activated,1|2|3|7|9,1,3>4>2>1,1076.8319999999999,7,4,5850.23168320338
activated,1|2|3|7|9,1,2>9>4,108.432,3,1,1280.8717444457052
activated,1|2|3|7|9,1,4>1>6,1096.848,4,1,11168.48
activated,1|2|3|7|9,1,9>1>4>2,1096.56,4,4,5999.998877324727
activated,1|2|3|7|9,1,2>4>1>7,1342.8,6,3,2631.9114025345634
activated,1|2|3|7|9,1,3>2>6>7,1081.5839999999998,6,3,2989.4399999999987
activated,1|2|3|7|9,1,9>6>3>7,1233.3600000000001,6,2,1677.6000000000013
activated,1|2|3|7|9,1,2>6>4>2,243.64800000000002,3,0,2636.4800000000005
activated,1|2|3|7|9,1,4>6>2>3,666.432,5,2,2914.232244541016
activated,1|2|3|7|9,1,4>9>1>6,1100.304,7,3,7205.439438662364
activated,1|2|3|7|9,1,4>6>4>9,273.74399999999997,3,0,2937.4399999999996
activated,1|2|3|7|9,1,3>6>9>4,671.472,5,2,5821.759999999999
activated,1|2|3|7|9,1,3>6>2>9,644.544,5,3,5518.055733432427
activated,1|2|3|7|9,1,9>4>1>7,1326.96,6,3,2501.0391579935467
activated,1|2|3|7|9,1,2>6>9>1,728.64,5,2,3457.8234276490853
activated,1|2|3|7|9,1,2>3>4,921.456,4,2,5464.472244541015
activated,1|2|3|7|9,1,9>6>4>2,317.52000000000004,3,0,3375.2000000000003
activated,1|2|3|7|9,1,2>1>9>7,1452.096,5,5,2556.870841196927
activated,1|2|3|7|9,1,9>3>2>4,937.8719999999998,7,3,4563.199999999996
activated,1|2|3|7|9,1,3>4>2>7,933.984,6,3,1513.4400000000007
activated,1|2|3|7|9,1,4>3>1>6,1096.9920000000002,4,1,11169.920000000002
activated,1|2|3|7|9,1,9>6>9>1,802.512,5,2,4227.5194386623625
activated,1|2|3|7|9,1,1>4>7,934.704,3,2,2576.079719331182
activated,1|2|3|7|9,1,9>3>4,847.008,4,1,4747.519999999999
activated,1|2|3|7|9,1,6>4>1,664.272,5,1,6842.72
activated,1|2|3|7|9,1,3>4>6>9,728.2080000000001,5,2,6389.120000000001
activated,1|2|3|7|9,1,1>6>4>3,1123.92,7,2,11439.2
activated,1|2|3|7|9,1,9>1>9>7,1377.648,5,5,1839.9185966559105
activated,1|2|3|7|9,1,6>2>9>6,305.568,3,1,3252.231744445705
activated,1|2|3|7|9,1,6>9>4>6,304.272,3,0,3242.72
activated,1|2|3|7|9,1,4>2>1>6,1190.304,7,3,8077.9116832033815
activated,1|2|3|7|9,1,2>9,77.616,3,1,972.7117444457051
activated,1|2|3|7|9,1,9>2>4,121.68,3,0,1416.8000000000002
activated,1|2|3|7|9,1,6>3>7,1098.288,3,1,4249.440000000001
activated,1|2|3|7|9,1,6>1>9,1052.3519999999999,4,3,9555.519438662363
activated,1|2|3|7|9,1,2>1>2>6,1229.616,4,4,7303.031121865745
activated,1|2|3|7|9,1,2>6>4>1,725.472,5,2,3429.59168320338
activated,1|2|3|7|9,1,2>9>3>4,924.624,7,3,5489.2557334324265
activated,1|2|3|7|9,1,2>1>4>7,1509.9840000000002,5,4,4303.751402534565
activated,1|2|3|7|9,1,3>4>3>1,983.52,4,0,10035.2
activated,1|2|3|7|9,1,9>1>2>6,1155.168,4,4,6586.078877324727
activated,1|2|3|7|9,1,3>4>9>2,561.024,5,2,4686.303988986721
activated,1|2|3|7|9,1,1>9>2,593.856,5,2,4939.583427649086
activated,1|2|3|7|9,1,2>3,466.704,2,2,916.9522445410162
activated,1|2|3|7|9,1,9>6>4>1,799.344,5,2,4195.839438662364
activated,1|2|3|7|9,1,9>1>4>7,1435.536,5,4,3586.799157993547
activated,1|2|3|7|9,1,4>6>1,640.3679999999999,5,1,6603.679999999999
activated,1|2|3|7|9,1,6>4>9>3,559.1519999999999,5,1,1868.9599999999982
activated,1|2|3|7|9,1,3>6>3>9,1323.648,4,2,12343.52
activated,1|2|3|7|9,1,9>3,392.256,2,1,199.99999999999818
activated,1|2|3|7|9,1,1>3>2,664.704,2,2,5679.039438662364
activated,1|2|3|7|9,1,6>1>4,1082.4479999999999,4,2,11024.48
activated,1|2|3|7|9,1,1>4>6>2,748.656,5,2,6518.559438662364
activated,1|2|3|7|9,1,9>2,75.024,3,0,950.24
activated,1|2|3|7|9,1,9>2>3>4,996.48,7,2,6211.2639889867205
activated,1|2|3|7|9,1,3>4>9>1,986.832,7,4,4977.759438662363
activated,1|2|3|7|9,1,6>3>6>2,991.872,7,2,9025.76
activated,1|2|3|7|9,1,1>6>2>1,1236.384,7,4,7370.711121865746
activated,1|2|3|7|9,1,4>6>9>3,665.712,5,1,2934.5599999999986
activated,1|2|3|7|9,1,2>3>9>4,922.176,7,4,4378.712244541016
activated,1|2|3|7|9,1,2>3>2>9,1043.28,4,4,5558.776233527737
activated,1|2|3|7|9,1,1>9>3,911.088,4,3,4220.319438662363
activated,1|2|3|7|9,1,2>6>3>6,960.192,7,2,5851.832244541016
activated,1|2|3|7|9,1,1>4>6>1,1189.2959999999998,7,3,12092.96
activated,1|2|3|7|9,1,9>3>9>4,847.7280000000001,7,3,3661.7599999999993
activated,1|2|3|7|9,1,3>4>9>7,843.9839999999999,6,3,613.4400000000006
activated,1|2|3|7|9,1,6>1,533.52,2,1,5535.2
activated,1|2|3|7|9,1,2>4>1>6,1143.504,7,3,7609.91168320338
activated,1|2|3|7|9,1,1>6>2>7,1093.536,6,3,2996.399157993548
activated,1|2|3|7|9,1,6>9>1>2,1260.576,7,4,7640.158877324729
activated,1|2|3|7|9,1,9>4>1>6,1127.6640000000002,7,3,7479.039438662367
activated,1|2|3|7|9,1,4>6>4>3,662.544,5,0,6825.44
activated,1|2|3|7|9,1,3>6>2>3,1033.632,7,4,5493.272244541015
activated,1|2|3|7|9,1,1>4>6>7,1177.1999999999998,6,3,5001.039719331181
activated,1|2|3|7|9,1,3>6>4>9,640.9440000000001,5,2,5516.4800000000005
activated,1|2|3|7|9,1,2>1>9>6,1229.1840000000002,4,4,7298.711121865747
activated,1|2|3|7|9,1,1>2>3,1059.84,4,4,5680.31168320338
activated,1|2|3|7|9,1,3>4>2>6,562.7520000000001,5,2,4734.56
activated,1|2|3|7|9,1,6>3>1>2,1126.8,4,3,10299.999438662366
activated,1|2|3|7|9,1,2>9>3>9,894.528,7,5,4095.3357334324273
activated,1|2|3|7|9,1,6>4>1>4,1213.2,7,2,12332.0
activated,1|2|3|7|9,1,9>1>9>6,1154.7359999999999,4,4,6581.758877324727
activated,1|2|3|7|9,1,3>4>6>3,986.5440000000001,7,0,10065.44
activated,1|2|3|7|9,1,6>2>6>1,687.5999999999999,5,2,3050.8716832033797
activated,1|2|3|7|9,1,1>6>3>1,1101.8880000000001,4,2,11218.880000000001
activated,1|2|3|7|9,1,1>6>9>2,809.8560000000001,5,2,7099.583427649088
activated,1|2|3|7|9,1,6>3>6>7,1420.416,5,1,7470.72
activated,1|2|3|7|9,1,4>9>2,106.272,3,0,1262.72
activated,1|2|3|7|9,1,2>1>7,1342.8,3,3,2631.9114025345634
activated,1|2|3|7|9,1,1>3>9,590.4,2,2,4935.999438662365
activated,1|2|3|7|9,1,6>1>9>4,1083.168,4,3,9863.679438662362
activated,1|2|3|7|9,1,6>4>2>1,757.728,5,2,3752.1516832033803
activated,1|2|3|7|9,1,2>1>4>6,1231.056,4,4,8485.431683203382
activated,1|2|3|7|9,1,9>1>7,1268.3519999999999,3,3,1914.959157993545
activated,1|2|3|7|9,1,4>3>2,919.008,4,2,8297.12
activated,1|2|3|7|9,1,1>9>2>4,640.512,5,2,5406.143427649085
activated,1|2|3|7|9,1,9>1>4>6,1156.608,4,4,7768.4794386623635
activated,1|2|3|7|9,1,1>2>9,670.752,5,3,5705.095172094791
activated,1|2|3|7|9,1,1>9>4,549.648,5,2,4528.479438662365
activated,1|2|3|7|9,1,6>4>3>2,1054.656,7,2,9653.6
activated,1|2|3|7|9,1,7>1>9>2,1259.5679999999998,2,2,11596.703427649085
activated,1|2|3|7|9,1,1>6>4>2,750.672,5,2,6538.719438662365
activated,1|2|3|7|9,1,6>9>1>7,1434.96,6,3,3581.0391579935467
activated,1|2|3|7|9,1,1>3>2>4,711.3599999999999,5,2,6145.599438662363
activated,1|2|3|7|9,1,3>6>1,1007.568,4,1,10275.68
activated,1|2|3|7|9,1,3>4>3>6,1348.848,4,0,13688.48
activated,1|2|3|7|9,1,1>6>9>1,1235.6640000000002,7,4,7391.038877324731
activated,1|2|3|7|9,1,1>3>4,620.496,2,1,6404.96
activated,1|2|3|7|9,1,6>3>1>7,1301.184,3,2,6240.879719331183
activated,1|2|3|7|9,1,4>6>2>1,775.008,5,2,3924.9516832033805
activated,1|2|3|7|9,1,4>1>2>7,1554.192,5,3,7602.959157993547
activated,1|2|3|7|9,1,1>2>4,639.7919999999999,5,2,5429.919438662364
activated,1|2|3|7|9,1,4>9>3,423.50399999999996,5,1,512.4799999999987
activated,1|2|3|7|9,1,7>1>4>2,1261.4399999999998,2,2,11646.399438662364
activated,1|2|3|7|9,1,1>6>9>7,1092.816,6,3,2989.199157993547
activated,1|2|3|7|9,1,6>2>1>7,1435.6799999999998,6,3,3560.7114025345627
activated,1|2|3|7|9,1,4>6>3>2,1030.752,7,2,9414.560000000001
activated,1|2|3|7|9,1,1>9,518.832,2,2,4220.3194386623645
activated,1|2|3|7|9,1,6>4>3>1,664.416,5,1,6844.160000000001
activated,1|2|3|7|9,1,2>9>6,212.688,3,1,2323.431744445705
activated,1|2|3|7|9,1,6>4>9>2,241.92,3,0,2619.2
activated,1|2|3|7|9,1,1>6>4>1,1232.496,7,3,12524.960000000001
activated,1|2|3|7|9,1,3>6>9>3,1032.9119999999998,7,3,5513.599999999998
activated,1|2|3|7|9,1,2>3>4>9,952.7040000000001,4,4,4683.992244541017
activated,1|2|3|7|9,1,3>4>9>6,621.072,5,2,5317.76
activated,1|2|3|7|9,1,2>3>6,940.752,4,2,5657.432244541016
activated,1|2|3|7|9,1,9>3>2>3,1357.9199999999998,4,4,8732.703988986721
activated,1|2|3|7|9,1,1>6>2>6,722.3040000000001,5,2,6255.039438662366
activated,1|2|3|7|9,1,6>4>1>9,1183.104,7,3,10863.039438662367
activated,1|2|3|7|9,1,6>4>3>7,1229.04,6,1,5556.96
activated,1|2|3|7|9,1,4>2>3,513.504,5,2,1384.9522445410162
activated,1|2|3|7|9,1,4>1>9>2,1122.48,4,2,10225.823427649088
activated,1|2|3|7|9,1,1>6>4>7,1089.6480000000001,6,3,4125.519719331184
activated,1|2|3|7|9,1,9>3>6,866.304,4,1,4940.479999999998
activated,1|2|3|7|9,1,1>2,593.136,2,2,4963.3594386623645
activated,1|2|3|7|9,1,3>4>7,840.528,3,1,1671.840000000001
activated,1|2|3|7|9,1,4>6>3>1,640.5120000000001,5,1,6605.120000000001
activated,1|2|3|7|9,1,4>6>9>2,348.48,3,0,3684.8
activated,1|2|3|7|9,1,3>6>4>3,1029.7440000000001,7,0,10497.440000000002
activated,1|2|3|7|9,1,6>4>9>1,667.728,5,2,2879.6794386623637
activated,1|2|3|7|9,1,9>2>6,136.224,3,0,1562.2399999999998
activated,1|2|3|7|9,1,7>1>2>6,1320.048,2,2,12232.479438662365
activated,1|2|3|7|9,1,4>3>9,844.704,4,2,7554.079999999999
activated,1|2|3|7|9,1,2>9>1,578.448,5,3,1952.4551720947907
activated,1|2|3|7|9,1,1>9>2>9,671.472,5,3,5712.295172094791
activated,1|2|3|7|9,1,2>4>2,93.45599999999999,3,0,1134.56
activated,1|2|3|7|9,1,2>1>6>7,1664.9279999999999,5,4,5853.191402534562
activated,1|2|3|7|9,1,4>1>4>2,1124.352,4,2,10275.519438662366
activated,1|2|3|7|9,1,4>6>1>9,1159.1999999999998,7,3,10623.999438662362
activated,1|2|3|7|9,1,4>6>3>7,1205.136,6,1,5317.920000000001
activated,1|2|3|7|9,1,9>4>2,77.616,3,0,976.16
activated,1|2|3|7|9,1,1>3>9>4,621.216,5,2,5244.159438662365
activated,1|2|3|7|9,1,2>3>1,575.424,2,2,1929.1116832033804
activated,1|2|3|7|9,1,1>3>2>9,742.3199999999999,5,3,6420.775172094791
activated,1|2|3|7|9,1,9>1>6>7,1590.48,5,4,5136.239157993546
activated,1|2|3|7|9,1,9>6>1>2,1261.728,7,4,7651.678877324729
activated,1|2|3|7|9,1,4>2>9,124.416,3,1,1440.7117444457049
activated,1|2|3|7|9,1,4>9>4,62.064,3,0,820.6399999999999
activated,1|2|3|7|9,1,3>9>2,499.68,5,2,4072.8639889867227
activated,1|2|3|7|9,1,9>3>1,500.976,2,2,1212.1594386623642
activated,1|2|3|7|9,1,4>3>2>4,965.664,4,2,8763.68
activated,1|2|3|7|9,1,4>6>9>1,774.288,5,2,3945.279438662364
activated,1|2|3|7|9,1,1>2>9>4,701.568,5,3,6013.255172094792
activated,1|2|3|7|9,1,4>1>9>7,1405.44,5,3,6115.439157993549
activated,1|2|3|7|9,1,6>4>2>6,243.64799999999997,3,0,2636.4799999999996
activated,1|2|3|7|9,1,3>4>6>2,654.48,5,2,5651.84
activated,1|2|3|7|9,1,9>2>1,650.304,5,2,2674.4634276490856
activated,1|2|3|7|9,1,6>3>1>6,1101.888,4,2,11218.88
activated,1|2|3|7|9,1,2>3>9>3,1283.616,4,4,7989.663988986721
activated,1|2|3|7|9,1,2>4>3,466.704,5,2,916.9522445410162
activated,1|2|3|7|9,1,4>9,31.248,3,0,512.48
activated,1|2|3|7|9,1,7>3>9>4,1012.608,2,2,9233.12
activated,1|2|3|7|9,1,4>1>2>6,1182.96,4,2,10861.599438662364
activated,1|2|3|7|9,1,4>6>4>1,771.12,5,1,7911.2
activated,1|2|3|7|9,1,3>6>2>1,1142.208,7,4,6503.991683203382
activated,1|2|3|7|9,1,9>4>3,450.864,5,1,786.0799999999981
activated,1|2|3|7|9,1,2>6>1>7,1362.24,6,3,2826.311402534563
activated,1|2|3|7|9,1,4>1>4>7,1463.3280000000002,5,2,7862.319719331185
activated,1|2|3|7|9,1,2>9>4>3,528.48,5,3,1527.815733432427
activated,1|2|3|7|9,1,4>3,420.048,2,0,4400.48
activated,1|2|3|7|9,1,3>9>3,816.912,4,3,3353.5999999999995
activated,1|2|3|7|9,1,2>9>6>4,348.336,3,1,3679.911744445705
activated,1|2|3|7|9,1,9>6>1>7,1436.112,6,3,3592.559157993547
activated,1|2|3|7|9,1,3>4>6>1,1095.12,7,1,11151.199999999999
activated,1|2|3|7|9,1,9>2>9>3,544.896,5,3,1691.9757334324258
activated,1|2|3|7|9,1,3>6>2>7,999.36,6,3,2167.2000000000007
activated,1|2|3|7|9,1,1>6>7,1089.6480000000001,3,2,4125.519719331184
activated,1|2|3|7|9,1,4>2,46.8,3,0,668.0
activated,1|2|3|7|9,1,7>1>9>6,1319.616,2,2,12228.159438662366
activated,1|2|3|7|9,1,9>3>4>3,1267.056,4,1,8948.0
activated,1|2|3|7|9,1,2>4>9,77.904,3,1,975.5917444457051
activated,1|2|3|7|9,1,9>3>6>4,1001.952,7,1,6296.959999999999
activated,1|2|3|7|9,1,3>4>6>7,1083.024,6,1,4096.799999999998
activated,1|2|3|7|9,1,9>2>4>3,541.7280000000001,5,2,1663.743988986722
activated,1|2|3|7|9,1,9>2>6>4,271.87199999999996,3,0,2918.7199999999993
activated,1|2|3|7|9,1,3>6>3>1,1007.712,4,1,10277.119999999999
activated,1|2|3|7|9,1,3>6>9>2,715.68,5,2,6232.863988986721
activated,1|2|3|7|9,1,4>3>2>9,996.624,4,2,9042.303988986723
activated,1|2|3|7|9,1,2>9>1>4,1127.376,7,4,7441.735172094792
activated,1|2|3|7|9,1,7>1>4>6,1321.4879999999998,2,2,13414.879999999997
activated,1|2|3|7|9,1,1>9>2>3,1060.56,7,4,5653.087416635806
activated,1|2|3|7|9,1,1>9>4>9,580.8960000000001,5,2,4840.959438662366
activated,1|2|3|7|9,1,6>4>9>6,301.96799999999996,3,0,3219.6799999999994
activated,1|2|3|7|9,1,1>9>6,653.904,5,2,5571.039438662365
activated,1|2|3|7|9,1,9>4>2>4,124.27199999999999,3,0,1442.7199999999998
activated,1|2|3|7|9,1,2>3>1>4,1124.3519999999999,4,3,7418.391683203379
activated,1|2|3|7|9,1,1>3>2>3,1131.408,4,4,6395.991683203379
activated,1|2|3|7|9,1,3>9>2>4,546.336,5,2,4539.423988986722
activated,1|2|3|7|9,1,1>3>4>9,651.744,5,2,5549.439438662365
activated,1|2|3|7|9,1,3>2>9,576.576,5,3,4838.375733432427
activated,1|2|3|7|9,1,3>9>4,455.472,5,2,3661.7599999999993
activated,1|2|3|7|9,1,9>3>1>4,1049.904,4,3,6701.439438662364
activated,1|2|3|7|9,1,1>3>6,639.792,2,1,6597.92
activated,1|2|3|7|9,1,3>6>4>2,656.496,5,2,5672.0
activated,1|2|3|7|9,1,4>1>9>6,1182.5280000000002,4,2,10857.279438662368
activated,1|2|3|7|9,1,2>9>3>2,968.8319999999999,7,5,4838.375733432426
activated,1|2|3|7|9,1,3>6>9>1,1141.4879999999998,7,4,6524.319438662361
activated,1|2|3|7|9,1,1>2>4>9,671.04,5,3,5707.975172094792
activated,1|2|3|7|9,1,3>2>7>1,1597.104,5,5,4119.511683203382
activated,1|2|3|7|9,1,4>9>3>9,848.16,7,3,3666.079999999999
activated,1|2|3|7|9,1,9>2>1>4,1199.232,7,3,8163.743427649086
activated,1|2|3|7|9,1,1>2>6,654.336,5,2,5575.359438662365
activated,1|2|3|7|9,1,9>3>2>1,1466.4959999999999,4,4,9746.87168320338
activated,1|2|3|7|9,1,2>4,46.656,3,0,666.5600000000001
activated,1|2|3|7|9,1,3>2>4,545.616,5,2,4563.2
activated,1|2|3|7|9,1,2>4>3>4,921.456,7,2,5464.472244541015
activated,1|2|3|7|9,1,2>3>2>7,1398.096,5,5,2204.4722445410152
activated,1|2|3|7|9,1,4>1>7,1296.144,3,1,6190.479719331183
activated,1|2|3|7|9,1,9>4,30.816,3,0,508.16
activated,1|2|3|7|9,1,3>6>9>7,998.6399999999999,6,3,2159.999999999998
activated,1|2|3|7|9,1,1>9>1,1019.664,4,4,5231.038877324728
activated,1|2|3|7|9,1,1>4>2,595.728,5,2,4989.279438662365
activated,1|2|3|7|9,1,2>3>6>9,1107.36,4,4,6230.552244541014
activated,1|2|3|7|9,1,2>6>1>6,1162.944,7,3,7804.311683203379
activated,1|2|3|7|9,1,3>9,424.656,2,2,3353.6000000000004
activated,1|2|3|7|9,1,4>1>4>6,1184.4,4,2,12044.0
activated,1|2|3|7|9,1,6>9>2,241.632,3,0,2616.32
activated,1|2|3|7|9,1,9>3>2>7,1323.648,5,4,1487.5199999999988
activated,1|2|3|7|9,1,3>6>4>1,1138.3200000000002,7,1,11583.2
activated,1|2|3|7|9,1,4>2>3>9,938.1600000000001,7,4,4538.552244541016
activated,1|2|3|7|9,1,3>9>3>4,1271.664,4,3,7901.119999999998
activated,1|2|3|7|9,1,2>9>3>1,578.592,5,3,1953.8951720947912
activated,1|2|3|7|9,1,6>3>2,923.904,4,2,8346.080000000002
activated,1|2|3|7|9,1,3>6>2>6,628.128,5,2,5388.320000000001
activated,1|2|3|7|9,1,3>6>4>7,995.472,6,1,3221.2799999999997
activated,1|2|3|7|9,1,2>3>9>2,966.384,7,4,4789.8162335277375
activated,1|2|3|7|9,1,1>2>1,1168.416,4,4,6691.031121865745
activated,1|2|3|7|9,1,2>9>1>9,1097.28,7,5,5972.774610757156
activated,1|2|3|7|9,1,3>2,498.96,2,2,4096.64
activated,1|2|3|7|9,1,2>9>3>7,1143.216,6,4,741.735733432427
activated,1|2|3|7|9,1,2>4>9>4,108.72,3,1,1283.751744445705
activated,1|2|3|7|9,1,9>3>9>2,891.936,7,3,4072.863988986721
activated,1|2|3|7|9,1,2>9>4>2,155.232,3,1,1748.871744445705
activated,1|2|3|7|9,1,2>3>1>9,1094.2559999999999,4,4,5949.431121865743
activated,1|2|3|7|9,1,4>9>2>3,572.976,5,2,1976.2239889867215
activated,1|2|3|7|9,1,1>3>9>3,982.656,4,3,4935.999438662363
activated,1|2|3|7|9,1,3>9>2>9,577.296,5,3,4845.575733432428
activated,1|2|3|7|9,1,1>4>3,968.976,4,1,9889.76
activated,1|2|3|7|9,1,9>2>3>1,650.4480000000001,5,2,2675.903427649087
activated,1|2|3|7|9,1,6>1>2>7,1559.088,5,4,7651.919157993546
activated,1|2|3|7|9,1,4>9>6,166.32,3,0,1863.1999999999998
activated,1|2|3|7|9,1,9>3>1>9,1019.808,4,4,5232.478877324728
activated,1|2|3|7|9,1,6>9>3,558.864,5,1,1866.079999999999
activated,1|2|3|7|9,1,2>3>4>2,968.256,4,4,4839.512244541015
activated,1|2|3|7|9,1,1>2>9>3,1063.0079999999998,7,5,5674.119161081511
activated,1|2|3|7|9,1,1>9>4>3,969.696,7,3,4806.399438662364
activated,1|2|3|7|9,1,2>3>9>1,1392.192,4,4,9031.359438662364
activated,1|2|3|7|9,1,4>3>6,894.096,4,0,9140.96
activated,1|2|3|7|9,1,9>3>4>2,893.808,7,3,4122.559999999999
activated,1|2|3|7|9,1,1>9>6>4,789.552,5,2,6927.519438662365
activated,1|2|3|7|9,1,6>4>1>2,1257.408,7,3,11606.079438662364
activated,1|2|3|7|9,1,9>2>3>7,1215.0720000000001,6,3,1463.7439889867228
activated,1|2|3|7|9,1,4>2>4>9,124.704,3,1,1443.591744445705
activated,1|2|3|7|9,1,1>3>4>3,1040.5439999999999,4,1,10605.439999999999
activated,1|2|3|7|9,1,3>2>9>4,607.392,5,3,5146.535733432427
activated,1|2|3|7|9,1,2>9>4>1,637.056,5,3,2538.5351720947915
activated,1|2|3|7|9,1,1>3>6>4,775.44,5,2,7954.400000000001
activated,1|2|3|7|9,1,4>2>6,108.0,3,0,1280.0
activated,1|2|3|7|9,1,2>4>3>9,891.36,7,4,4070.552244541016
activated,1|2|3|7|9,1,6>1>9>2,1127.3759999999997,4,3,10274.783427649087
activated,1|2|3|7|9,1,6>2>3,559.5840000000001,5,2,1845.7522445410164
activated,1|2|3|7|9,1,2>3>9>7,1249.344,5,5,716.9522445410167
activated,1|2|3|7|9,1,1>4>9,580.176,5,2,4833.759438662365
activated,1|2|3|7|9,1,9>2>9>1,653.472,5,3,2702.6951720947905
activated,1|2|3|7|9,1,1>2>4>3,1059.84,7,4,5680.31168320338
activated,1|2|3|7|9,1,2>9>2>6,213.83999999999997,3,1,2334.9517444457047
activated,1|2|3|7|9,1,9>3>9>7,1174.896,5,4,-1.6626700016786344e-12
activated,1|2|3|7|9,1,1>2>6>4,789.984,5,2,6931.839438662365
activated,1|2|3|7|9,1,4>9>1,532.08,5,2,1523.1994386623642
activated,1|2|3|7|9,1,4>1>6>7,1618.272,5,2,9411.759719331181
activated,1|2|3|7|9,1,4>6>1>2,1233.504,7,3,11367.039438662363
activated,1|2|3|7|9,1,9>3>4>1,1375.632,4,1,10033.759999999998
activated,1|2|3|7|9,1,2>9>6>3,637.6320000000001,5,3,2619.3357334324273
activated,1|2|3|7|9,1,6>3>9,849.6,4,2,7603.04
activated,1|2|3|7|9,1,2>3>2>6,1026.864,4,4,5425.592244541015
activated,1|2|3|7|9,1,4>3>1,528.768,2,0,5487.68
activated,1|2|3|7|9,1,1>4>2>4,642.3839999999999,5,2,5455.839438662364
activated,1|2|3|7|9,1,6>1>4>2,1129.2479999999998,4,3,10324.479438662362
activated,1|2|3|7|9,1,2>3>4>7,1307.232,5,3,2388.792244541016
activated,1|2|3|7|9,1,9>3>2>6,952.4159999999999,7,3,4708.6399999999985
activated,1|2|3|7|9,1,6>9>2>4,288.288,3,0,3082.88
activated,1|2|3|7|9,1,9>2>4>1,650.3040000000001,5,2,2674.4634276490865
activated,1|2|3|7|9,1,6>2>9,170.49599999999998,3,1,1901.5117444457048
activated,1|2|3|7|9,1,6>9>4,197.424,3,0,2174.2400000000002
activated,1|2|3|7|9,1,9>3>4>7,1232.784,5,2,1671.8399999999992
activated,1|2|3|7|9,1,6>4>1>7,1431.792,6,2,7546.959719331181
activated,1|2|3|7|9,1,4>2>1,622.0799999999999,5,2,2395.67168320338
activated,1|2|3|7|9,1,9>3>6>3,1291.248,4,1,9189.919999999998
activated,1|2|3|7|9,1,3>6>7,995.472,3,1,3221.2799999999997
activated,1|2|3|7|9,1,1>9>2>1,1169.136,7,4,6663.806855298173
activated,1|2|3|7|9,1,6>3>2>4,970.56,4,2,8812.64
activated,1|2|3|7|9,1,6>3>4,879.696,4,0,8996.960000000001
activated,1|2|3|7|9,1,9>1>2,1093.9679999999998,4,4,5974.078877324727
activated,1|2|3|7|9,1,6>1>9>7,1410.3359999999998,5,4,6164.399157993545
activated,1|2|3|7|9,1,9>2>6>3,561.168,5,2,1858.1439889867215
activated,1|2|3|7|9,1,2>9>3>6,943.92,7,3,5682.215733432426
activated,1|2|3|7|9,1,2>6>2,154.07999999999998,3,0,1740.7999999999997
activated,1|2|3|7|9,1,4>3>9>3,1236.96,4,3,7554.079999999999
activated,1|2|3|7|9,1,1>9>2>7,1026.288,6,3,2292.9431469802703
activated,1|2|3|7|9,1,6>2>4,139.536,3,0,1595.3600000000001
activated,1|2|3|7|9,1,9>6>2,227.952,3,0,2479.52
activated,1|2|3|7|9,1,1>4,548.928,2,1,5689.28
activated,1|2|3|7|9,1,1>9>6>9,820.512,5,2,7237.119438662364
activated,1|2|3|7|9,1,2>4>6,153.504,3,0,1735.04
activated,1|2|3|7|9,1,4>6>1>7,1407.888,6,2,7307.919719331182
activated,1|2|3|7|9,1,9>4>2>3,544.32,5,2,1689.663988986722
activated,1|2|3|7|9,1,6>9,166.608,3,0,1866.08
activated,1|2|3|7|9,1,4>2>9>3,516.672,5,3,1409.735733432427
activated,1|2|3|7|9,1,6>1>2>6,1187.856,4,3,10910.559438662363
activated,1|2|3|7|9,1,1>3>2>7,1097.136,3,3,3032.399157993548
activated,1|2|3|7|9,1,3>9>2>3,966.384,7,4,4786.367977973443
activated,1|2|3|7|9,1,4>9>6>4,301.96799999999996,3,0,3219.6799999999994
activated,1|2|3|7|9,1,3>9>4>9,486.71999999999997,5,2,3974.24
activated,1|2|3|7|9,1,9>4>6,137.664,3,0,1576.6399999999999
activated,1|2|3|7|9,1,6>9>3>4,1013.616,7,1,6413.5999999999985
activated,1|2|3|7|9,1,1>3>6>9,806.4000000000001,5,2,7095.999438662365
activated,1|2|3|7|9,1,6>1>4>7,1468.224,5,3,7911.279719331183
activated,1|2|3|7|9,1,3>9>6,559.7280000000001,5,2,4704.320000000001
activated,1|2|3|7|9,1,6>3,424.944,2,0,4449.4400000000005
activated,1|2|3|7|9,1,1>9>3>1,1019.808,4,4,5232.478877324728
activated,1|2|3|7|9,1,9>2>3>6,1015.7760000000001,7,2,6404.223988986721
activated,1|2|3|7|9,1,1>2>6>9,820.944,5,2,7210.463427649085
activated,1|2|3|7|9,1,6>2,92.88,3,0,1128.8
activated,1|2|3|7|9,1,4>2>4>3,513.504,5,2,1384.9522445410162
activated,1|2|3|7|9,1,2>6>3,486.144,5,2,1111.3522445410167
activated,1|2|3|7|9,1,2>3>9>6,1026.432,7,4,5421.272244541015
activated,1|2|3|7|9,1,1>3>9>2,665.424,5,2,5655.263427649086
activated,1|2|3|7|9,1,4>2>6>4,243.648,3,0,2636.4800000000005
activated,1|2|3|7|9,1,3>2>4>9,576.864,5,3,4841.255733432427
activated,1|2|3|7|9,1,6>2>3>4,1014.336,7,2,6393.272244541016
activated,1|2|3|7|9,1,2>4>1,575.28,5,2,1927.6716832033799
activated,1|2|3|7|9,1,1>4>2>9,673.3439999999999,5,3,5731.0151720947915
activated,1|2|3|7|9,1,3>2>6,560.16,5,2,4708.639999999999
activated,1|2|3|7|9,1,9>6>3,560.0160000000001,5,1,1877.5999999999995
activated,1|2|3|7|9,1,9>3>9>6,951.984,7,3,4704.319999999999
activated,1|2|3|7|9,1,1>2>3>1,1168.56,4,4,6692.471121865744
activated,1|2|3|7|9,1,2>9>4>6,215.28,3,1,2349.351744445705
activated,1|2|3|7|9,1,9>4>1,559.44,5,2,1796.7994386623645
activated,1|2|3|7|9,1,1>9>4>2,596.448,5,2,4965.503427649086
activated,1|2|3|7|9,1,3>9>1,925.488,4,4,4364.3194386623645
activated,1|2|3|7|9,1,2>3>7,1140.048,3,3,716.9522445410157
activated,1|2|3|7|9,1,2>1>9,1094.112,4,4,5947.991121865746
activated,1|2|3|7|9,1,3>4>2,501.552,5,2,4122.56
activated,1|2|3|7|9,1,6>3>9>4,880.416,7,2,7911.2
activated,1|2|3|7|9,1,6>3>2>9,1001.52,4,2,9091.263988986724
activated,1|2|3|7|9,1,4>3>1>4,1077.696,4,1,10976.96
activated,1|2|3|7|9,1,2>3>4>6,1028.304,4,2,6532.952244541017
activated,1|2|3|7|9,1,1>3>4>2,667.2959999999999,5,2,5704.959438662364
activated,1|2|3|7|9,1,9>3>7,1065.6,3,2,-9.094947017729282e-13
activated,1|2|3|7|9,1,4>9>2>1,681.552,5,2,2986.943427649086
activated,1|2|3|7|9,1,2>6>9,227.808,3,0,2478.08
activated,1|2|3|7|9,1,9>3>4>6,953.856,7,1,5815.999999999998
activated,1|2|3|7|9,1,6>2>9>4,201.31199999999998,3,1,2209.671744445705
activated,1|2|3|7|9,1,7>3>9>2,1056.8159999999998,2,2,9644.223988986721
activated,1|2|3|7|9,1,2>4>9>3,470.15999999999997,5,3,944.6157334324262
activated,1|2|3|7|9,1,4>9>3>2,922.4639999999999,7,3,4409.119999999998
activated,1|2|3|7|9,1,3>2>1,1074.24,4,4,5824.31168320338
activated,1|2|3|7|9,1,2>1>4,1124.208,4,3,7416.951683203382
activated,1|2|3|7|9,1,9>4>9>3,454.32,5,1,820.6399999999985
activated,1|2|3|7|9,1,1>2>9>1,1171.5839999999998,7,5,6684.838599743876
activated,1|2|3|7|9,1,1>9>4>1,1078.272,7,4,5817.118877324728
activated,1|2|3|7|9,1,9>2>4>6,228.52800000000002,3,0,2485.28
activated,1|2|3|7|9,1,6>1>9>6,1187.424,4,3,10906.239438662364
activated,1|2|3|7|9,1,1>3>9>7,948.384,3,3,1544.8791579935476
activated,1|2|3|7|9,1,2>9>6>2,305.568,3,1,3252.231744445705
activated,1|2|3|7|9,1,6>9>3>9,983.52,7,3,5019.679999999999
activated,1|2|3|7|9,1,9>1>4,1049.76,4,3,6699.999438662364
activated,1|2|3|7|9,1,2>6>2>4,200.736,3,0,2207.3599999999997
activated,1|2|3|7|9,1,1>9>2>6,655.056,5,2,5551.583427649087
activated,1|2|3|7|9,1,2>6>4,196.848,3,0,2168.48
activated,1|2|3|7|9,1,4>3>2>7,1351.44,5,3,5688.000000000002
activated,1|2|3|7|9,1,7>3>4>2,1058.6879999999999,2,2,9693.92
activated,1|2|3|7|9,1,9>6>2>4,274.608,3,0,2946.08
activated,1|2|3|7|9,1,3>4>3,874.8,4,0,8948.0
activated,1|2|3|7|9,1,1>2>9>7,1028.7359999999999,6,4,2313.9748914259735
activated,1|2|3|7|9,1,1>9>4>7,935.424,6,3,1415.2791579935472
activated,1|2|3|7|9,1,4>3>6>9,1060.704,7,2,9714.08
activated,1|2|3|7|9,1,9>6>4,270.72,3,0,2907.2000000000003
activated,1|2|3|7|9,1,1>9>6>3,1078.848,7,3,5897.919438662363
activated,1|2|3|7|9,1,6>1>7,1301.04,3,2,6239.4397193311825
activated,1|2|3|7|9,1,1>3>2>6,725.904,5,2,6291.039438662365
activated,1|2|3|7|9,1,9>3>6>2,959.184,7,3,4776.319999999999
activated,1|2|3|7|9,1,1>2>4>1,1168.416,7,4,6691.031121865745
activated,1|2|3|7|9,1,4>9>3>1,532.2239999999999,5,2,1524.6394386623638
activated,1|2|3|7|9,1,9>4>6>4,273.312,3,0,2933.12
activated,1|2|3|7|9,1,6>1>4>6,1189.2959999999998,4,3,12092.96
activated,1|2|3|7|9,1,1>3>4>7,1006.2719999999999,3,2,3291.759719331182
activated,1|2|3|7|9,1,3>2>9>3,968.832,7,5,4807.399722419148
activated,1|2|3|7|9,1,3>9>4>3,875.52,7,3,3939.6799999999994
activated,1|2|3|7|9,1,4>2>6>9,274.608,3,0,2946.08
activated,1|2|3|7|9,1,1>3>6>3,1064.736,4,1,10847.36
activated,1|2|3|7|9,1,2>1,575.28,2,2,1927.6716832033799
activated,1|2|3|7|9,1,6>2>3>9,984.24,7,4,4999.352244541015
activated,1|2|3|7|9,1,3>9>6>4,695.3760000000001,5,2,6060.800000000001
activated,1|2|3|7|9,1,2>9>6>1,746.208,5,3,3630.055172094791
activated,1|2|3|7|9,1,9>2>6>2,229.10399999999998,3,0,2491.04
activated,1|2|3|7|9,1,4>3>9>2,919.728,7,2,8273.343988986722
activated,1|2|3|7|9,1,9>1,500.832,2,2,1210.7194386623637
activated,1|2|3|7|9,1,1>2>4>7,1025.568,6,3,2316.719157993548
activated,1|2|3|7|9,1,4>9>1>9,1050.912,7,4,5543.518877324729
activated,1|2|3|7|9,1,2>6,61.2,3,0,812.0
activated,1|2|3|7|9,1,4>9>3>7,1096.848,6,2,312.47999999999865
activated,1|2|3|7|9,1,1>2>6>3,1079.28,7,4,5874.71168320338
activated,1|2|3|7|9,1,2>6>3>4,940.896,7,2,5658.872244541015
activated,1|2|3|7|9,1,3>4>9,486.0,5,2,3967.04
activated,1|2|3|7|9,1,2>3>1>2,1168.56,4,4,6692.471121865744
activated,1|2|3|7|9,1,4>2>3>1,622.224,5,2,2397.1116832033813
activated,1|2|3|7|9,1,9>6,135.072,3,0,1550.72
activated,1|2|3|7|9,1,9>3>6>1,1399.824,4,2,10275.68
activated,1|2|3|7|9,1,4>9>4>2,108.864,3,0,1288.64
activated,1|2|3|7|9,1,4>3>1>9,1047.6,4,2,9507.999438662366
activated,1|2|3|7|9,1,3>2>4>3,965.664,7,4,4813.592244541015
activated,1|2|3|7|9,1,1>6>2,661.104,5,2,5643.039438662366
activated,1|2|3|7|9,1,2>4>1>4,1124.208,7,3,7416.951683203382
activated,1|2|3|7|9,1,3>2>6>4,695.808,5,2,6065.12
activated,1|2|3|7|9,1,7>3>2>6,1117.296,2,2,10280.000000000002
activated,1|2|3|7|9,1,9>6>3>4,1014.768,7,1,6425.119999999999
activated,1|2|3|7|9,1,1>4>2>3,1062.432,7,4,5706.23168320338
activated,1|2|3|7|9,1,9>3>1>2,1094.112,4,4,5975.518877324729
activated,1|2|3|7|9,1,3>4>7>1,1506.24,5,1,8328.96
activated,1|2|3|7|9,1,2>3>6>7,1462.176,5,3,3938.2322445410146
activated,1|2|3|7|9,1,6>9>2>3,708.336,5,2,3329.823988986722
activated,1|2|3|7|9,1,4>3>4>2,921.5999999999999,7,2,8323.04
activated,1|2|3|7|9,1,1>4>6,655.776,5,2,6757.759999999999
activated,1|2|3|7|9,1,9>2>6>1,669.7439999999999,5,2,2868.8634276490843
activated,1|2|3|7|9,1,1>7,767.52,1,1,904.2397193311826
activated,1|2|3|7|9,1,4>2>1>9,1140.9119999999998,7,4,6415.991121865744
activated,1|2|3|7|9,1,4>2>3>7,1186.848,6,3,1184.9522445410157
activated,1|2|3|7|9,1,2>1>9>4,1124.928,4,4,6256.151121865746
activated,1|2|3|7|9,1,6>9>6,301.68,3,0,3216.8
activated,1|2|3|7|9,1,4>3>9>1,1345.536,4,4,8564.799438662365
activated,1|2|3|7|9,1,9>3>6>7,1387.728,5,2,3221.2799999999997
activated,1|2|3|7|9,1,3>4>2>4,548.208,5,2,4589.12
activated,1|2|3|7|9,1,6>3>4>9,910.9440000000001,7,2,8216.480000000001
activated,1|2|3|7|9,1,9>1>9>4,1050.48,4,4,5539.198877324728
activated,1|2|3|7|9,1,9>4>2>1,652.896,5,2,2700.3834276490848
activated,1|2|3|7|9,1,2>6>9>4,258.62399999999997,3,0,2786.24
activated,1|2|3|7|9,1,2>6>2>9,231.69599999999997,3,1,2513.5117444457046
activated,1|2|3|7|9,1,4>2>9>1,625.248,5,3,2420.4551720947916
activated,1|2|3|7|9,1,2>4>3>2,965.664,7,4,4813.592244541015
activated,1|2|3|7|9,1,3>9>2>1,1074.96,7,4,5797.087416635808
activated,1|2|3|7|9,1,4>3>9>7,1202.6879999999999,5,3,4200.48
activated,1|2|3|7|9,1,2>9>1>7,1345.9679999999998,6,4,2656.694891425973
activated,1|2|3|7|9,1,6>2>4>9,170.784,3,1,1904.391744445705
activated,1|2|3|7|9,1,9>4>3>2,949.824,7,3,4682.719999999998
activated,1|2|3|7|9,1,2>4>6>9,320.11199999999997,3,0,3401.12
activated,1|2|3|7|9,1,4>9>2>6,167.472,3,0,1874.72
activated,1|2|3|7|9,1,1>6>3,993.1680000000001,4,1,10131.68
activated,1|2|3|7|9,1,1>3>9>6,725.472,5,2,6286.719438662364
activated,1|2|3|7|9,1,3>9>3>2,1315.872,4,3,8312.223988986723
activated,1|2|3|7|9,1,2>3>1>7,1342.944,3,3,2633.351402534562
activated,1|2|3|7|9,1,1>4>1,1077.5520000000001,4,1,10975.52
activated,1|2|3|7|9,1,3>9>2>7,932.1120000000001,6,3,1463.7439889867233
activated,1|2|3|7|9,1,4>9>6>3,591.264,5,1,2190.079999999999
activated,1|2|3|7|9,1,1>9>7,876.816,3,3,829.1991579935473
activated,1|2|3|7|9,1,4>3>2>6,980.2080000000001,4,2,8909.120000000003
activated,1|2|3|7|9,1,3>4,454.752,2,0,4747.52
activated,1|2|3|7|9,1,6>9>1,667.44,5,2,2876.7994386623645
activated,1|2|3|7|9,1,9>3>1>7,1268.496,3,3,1916.3991579935473
activated,1|2|3|7|9,1,3>9>6>9,726.336,5,2,6370.400000000001
activated,1|2|3|7|9,1,6>4>2,182.44799999999998,3,0,2024.4799999999998
activated,1|2|3|7|9,1,4>2>4>1,622.08,5,2,2395.671683203381
activated,1|2|3|7|9,1,6>1>6>7,1623.1680000000001,5,3,9460.719719331184
activated,1|2|3|7|9,1,1>2>9>6,805.824,5,3,7055.815172094792
activated,1|2|3|7|9,1,1>9>4>6,656.496,5,2,5596.959438662365
activated,1|2|3|7|9,1,4>3>4>7,1260.576,5,1,5872.320000000001
activated,1|2|3|7|9,1,2>4>3>1,575.424,5,2,1929.1116832033804
activated,1|2|3|7|9,1,4>3>6>3,1319.04,4,0,13390.4
activated,1|2|3|7|9,1,2>4>9>2,152.928,3,1,1725.831744445705
activated,1|2|3|7|9,1,6>3>1,533.664,2,1,5536.639999999999
activated,1|2|3|7|9,1,9>2>1>7,1417.824,6,3,3378.7031469802705
activated,1|2|3|7|9,1,1>3>4>6,727.3439999999999,5,2,7473.44
activated,1|2|3|7|9,1,9>4>3>1,559.584,5,2,1798.2394386623632
activated,1|2|3|7|9,1,2>6>3>9,910.8,7,4,4264.952244541016
activated,1|2|3|7|9,1,4>1>2,1121.76,4,2,10249.599438662364
activated,1|2|3|7|9,1,3>9>3>1,925.6320000000001,4,4,4365.759438662363
activated,1|2|3|7|9,1,1>6>9,734.8320000000001,5,2,6380.319438662366
activated,1|2|3|7|9,1,4>2>6>3,532.944,5,2,1579.3522445410158
activated,1|2|3|7|9,1,1>2>7,1025.568,3,3,2316.719157993548
activated,1|2|3|7|9,1,2>4>1>9,1094.112,7,4,5947.991121865746
activated,1|2|3|7|9,1,6>2>1,668.16,5,2,2856.47168320338
activated,1|2|3|7|9,1,7>3>9>6,1116.864,2,2,10275.68
activated,1|2|3|7|9,1,3>2>6>9,726.768,5,2,6343.743988986722
activated,1|2|3|7|9,1,2>4>3>7,1140.048,6,3,716.9522445410157
activated,1|2|3|7|9,1,1>4>9>3,972.432,7,3,4833.759438662363
activated,1|2|3|7|9,1,1>2>4>6,746.6399999999999,5,2,6498.3994386623635
activated,1|2|3|7|9,1,4>9>3>6,897.5519999999999,7,1,5252.959999999997
activated,1|2|3|7|9,1,4>6>2,199.728,3,0,2197.28
activated,1|2|3|7|9,1,9>4>3>7,1124.208,6,2,586.0800000000008
activated,1|2|3|7|9,1,1>9>6>2,746.784,5,2,6468.863427649087
activated,1|2|3|7|9,1,3>4>2>9,579.168,5,3,4864.295733432427
activated,1|2|3|7|9,1,2>4>9>1,578.736,5,3,1955.3351720947908
activated,1|2|3|7|9,1,6>3>9>3,1241.856,4,3,7603.039999999998
activated,1|2|3|7|9,1,1>6>2>4,707.76,5,2,6109.599438662365
activated,1|2|3|7|9,1,6>4>3,555.696,5,0,5756.96
activated,1|2|3|7|9,1,3>2>3>1,1074.384,4,4,5825.751683203381
activated,1|2|3|7|9,1,1>6>4,703.8720000000001,5,2,7238.720000000001
activated,1|2|3|7|9,1,3>9>4>2,502.272,5,2,4098.783988986721
activated,1|2|3|7|9,1,9>4>9>1,562.896,5,2,1831.3594386623631
activated,1|2|3|7|9,1,1>3>6>2,732.672,5,2,6358.719438662365
activated,1|2|3|7|9,1,7>3>4>6,1118.7359999999999,2,0,11387.359999999999
activated,1|2|3|7|9,1,1>4>6>4,791.424,5,2,8114.24
activated,1|2|3|7|9,1,4>2>3>6,987.552,7,2,6125.432244541016
activated,1|2|3|7|9,1,6>2>9>3,562.752,5,3,1870.5357334324262
activated,1|2|3|7|9,1,6>9>4>3,617.472,5,1,2452.159999999998
activated,1|2|3|7|9,1,6>3>4>3,1299.7440000000001,4,0,13197.440000000002
activated,1|2|3|7|9,1,2>1>6,1143.504,4,3,7609.91168320338
activated,1|2|3|7|9,1,1>9>6>1,1187.424,7,4,6908.638877324728
activated,1|2|3|7|9,1,4>6>3,531.792,5,0,5517.92
activated,1|2|3|7|9,1,4>3>9>6,979.776,7,2,8904.800000000001
activated,1|2|3|7|9,1,2>9>1>6,1146.672,7,4,7634.695172094793
activated,1|2|3|7|9,1,2>6>4>9,228.096,3,0,2480.96
activated,1|2|3|7|9,1,6>4>9,166.896,3,0,1868.9599999999998
activated,1|2|3|7|9,1,2>4>2>6,154.656,3,0,1746.56
activated,1|2|3|7|9,1,9>1>6,1069.056,4,3,6892.959438662365
activated,1|2|3|7|9,1,3>2>9>1,1077.408,7,5,5818.119161081511
activated,1|2|3|7|9,1,3>9>4>1,984.096,7,4,4950.399438662363
activated,1|2|3|7|9,1,1>6,568.224,2,1,5882.240000000001
activated,1|2|3|7|9,1,6>2>4>3,559.5840000000001,5,2,1845.7522445410164
activated,1|2|3|7|9,1,3>4>3>9,1299.456,4,2,12101.6
activated,1|2|3|7|9,1,9>6>2>3,694.656,5,2,3193.0239889867207
activated,1|2|3|7|9,1,9>4>2>6,138.816,3,0,1588.16
activated,1|2|3|7|9,1,2>4>6>3,578.448,5,2,2034.3922445410158
activated,1|2|3|7|9,1,2>3>1>6,1143.6480000000001,4,3,7611.351683203382
activated,1|2|3|7|9,1,1>9>6>7,1175.328,6,3,3814.319157993546
activated,1|2|3|7|9,1,4>2>9>6,259.488,3,1,2791.431744445705
activated,1|2|3|7|9,1,4>9>4>6,168.912,3,0,1889.1200000000001
activated,1|2|3|7|9,1,3>9>2>6,560.88,5,2,4684.863988986722
activated,1|2|3|7|9,1,4>3>7,1093.392,3,1,4200.4800000000005
activated,1|2|3|7|9,1,4>1>9,1047.4560000000001,4,2,9506.559438662367
activated,1|2|3|7|9,1,9>4>6>3,562.608,5,1,1903.5199999999986
activated,1|2|3|7|9,1,9>3>1>6,1069.2,4,3,6894.3994386623635
activated,1|2|3|7|9,1,1>2>6>1,1187.856,7,4,6885.431121865745
activated,1|2|3|7|9,1,3>2>9>7,934.56,6,4,1484.7757334324265
activated,1|2|3|7|9,1,3>9>4>7,841.248,6,3,586.08
activated,1|2|3|7|9,1,6>9>1>4,1216.368,7,3,8366.079438662364
activated,1|2|3|7|9,1,1>3>6>7,1161.216,3,2,4841.199719331183
activated,1|2|3|7|9,1,3>9>6>3,984.672,7,3,5031.2
activated,1|2|3|7|9,1,4>3>4>6,981.6479999999999,7,0,10016.48
activated,1|2|3|7|9,1,3>2>4>1,1074.24,7,4,5824.31168320338
activated,1|2|3|7|9,1,4>6>9,273.456,3,0,2934.5600000000004
activated,1|2|3|7|9,1,6>3>1>4,1082.592,4,2,11025.920000000002
activated,1|2|3|7|9,1,9>2>1>6,1218.528,7,3,8356.703427649087
activated,1|2|3|7|9,1,1>4>2>1,1171.0079999999998,7,4,6716.9511218657435
activated,1|2|3|7|9,1,1>2>6>7,1175.76,6,3,3818.639157993548
activated,1|2|3|7|9,1,6>9>2>1,816.912,5,2,4340.543427649087
activated,1|2|3|7|9,1,1>6>9>4,765.6480000000001,5,2,6688.479438662366
activated,1|2|3|7|9,1,2>6>1,594.72,5,2,2122.0716832033813
activated,1|2|3|7|9,1,1>6>2>9,738.72,5,3,6384.775172094793
activated,1|2|3|7|9,1,2>4>3>6,940.752,7,2,5657.432244541016
activated,1|2|3|7|9,1,6>2>1>4,1217.088,7,3,8345.75168320338
activated,1|2|3|7|9,1,3>2>4>7,931.392,6,3,1487.5200000000007
activated,1|2|3|7|9,1,4>9>6>2,259.2,3,0,2792.0
activated,1|2|3|7|9,1,3>2>6>3,985.104,7,4,5007.992244541017
activated,1|2|3|7|9,1,6>9>3>2,1057.824,7,3,5762.72
activated,1|2|3|7|9,1,1>4>2>7,1028.1599999999999,6,3,2342.639157993546
activated,1|2|3|7|9,1,9>6>1,668.592,5,2,2888.319438662364
activated,1|2|3|7|9,1,9>4>3>6,924.912,7,1,5526.5599999999995
activated,1|2|3|7|9,1,4>6>2>4,246.38400000000001,3,0,2663.84
activated,1|2|3|7|9,1,1>4>6>9,822.384,5,2,7255.839438662365
activated,1|2|3|7|9,1,4>6>4,242.49599999999998,3,0,2624.96
activated,1|2|3|7|9,1,3>9>3>6,1290.96,4,3,8094.079999999999
activated,1|2|3|7|9,1,3>6>2,566.928,5,2,4776.32
activated,1|2|3|7|9,1,6>4,135.648,3,0,1556.48
activated,1|2|3|7|9,1,4>3>6>2,986.976,7,2,8976.800000000001
activated,1|2|3|7|9,1,3>4>2>3,968.2560000000001,7,4,4839.512244541017
activated,1|2|3|7|9,1,6>4>3>4,1010.4480000000001,7,0,10304.480000000001
activated,1|2|3|7|9,1,7>1>9>4,1215.36,2,2,11185.599438662364
activated,1|2|3|7|9,1,6>3>2>7,1356.336,5,3,5736.960000000001
activated,1|2|3|7|9,1,3>4>6,561.6,5,0,5816.0
activated,1|2|3|7|9,1,3>7,673.344,1,1,9.094947017729282e-13
activated,1|2|3|7|9,1,4>2>6>2,200.88,3,0,2208.8
activated,1|2|3|7|9,1,2>6>9>3,620.064,5,2,2447.1039889867207
activated,1|2|3|7|9,1,1>4>3>1,1077.696,4,1,10976.96
activated,1|2|3|7|9,1,4>1,528.624,2,0,5486.24
activated,1|2|3|7|9,1,2>4>9>6,212.976,3,1,2326.3117444457052
activated,1|2|3|7|9,1,1>4>9>2,655.2,5,2,5553.023427649086
activated,1|2|3|7|9,1,4>9>6>1,699.8399999999999,5,2,3200.7994386623636
activated,1|2|3|7|9,1,6>9>3>1,667.5840000000001,5,2,2878.239438662364
activated,1|2|3|7|9,1,9>6>9>3,693.9359999999999,5,1,3216.7999999999975
activated,1|2|3|7|9,1,4>9>1>2,1125.216,7,4,6286.558877324728
activated,1|2|3|7|9,1,4>6,106.848,3,0,1268.48
activated,1|2|3|7|9,1,4>3>6>1,1427.616,4,1,14476.16
activated,1|2|3|7|9,1,6>3>9>2,924.624,7,2,8322.303988986723
activated,1|2|3|7|9,1,4>3>1>2,1121.904,4,2,10251.039438662367
activated,1|2|3|7|9,1,6>9>1>9,1186.272,7,4,6897.118877324728
activated,1|2|3|7|9,1,6>9>3>7,1232.208,6,2,1666.0800000000008
activated,1|2|3|7|9,1,6>4>9>4,197.712,3,0,2177.12
activated,1|2|3|7|9,1,6>4>2>9,260.06399999999996,3,1,2797.1917444457044
activated,1|2|3|7|9,1,2>6>4>3,616.896,5,2,2418.8722445410153
activated,1|2|3|7|9,1,3>6>3,898.992,4,0,9189.92
activated,1|2|3|7|9,1,4>2>6>1,641.52,5,2,2590.0716832033804
activated,1|2|3|7|9,1,6>2>3>1,668.3040000000001,5,2,2857.9116832033815
activated,1|2|3|7|9,1,3>4>1,983.376,4,0,10033.76
activated,1|2|3|7|9,1,6>2>9>2,245.51999999999998,3,1,2651.751744445705
activated,1|2|3|7|9,1,6>9>4>2,244.224,3,0,2642.24
activated,1|2|3|7|9,1,9>6>4>3,690.768,5,1,3185.119999999999
activated,1|2|3|7|9,1,4>3>6>7,1415.52,5,1,7421.760000000001
activated,1|2|3|7|9,1,6>3>1>9,1052.496,4,3,9556.959438662365
activated,1|2|3|7|9,1,1>4>9>1,1081.008,7,4,5844.478877324728
activated,1|2|3|7|9,1,3>9>7,782.64,3,3,1.5631940186722204e-13
activated,1|2|3|7|9,1,3>2>9>6,711.648,5,3,6189.095733432428
activated,1|2|3|7|9,1,3>9>4>6,562.3199999999999,5,2,4730.239999999999
activated,1|2|3|7|9,1,4>1>9>4,1078.2720000000002,4,2,9814.719438662367
activated,1|2|3|7|9,1,6>3>4>2,926.496,7,2,8372.0
activated,1|2|3|7|9,1,2>9>2,152.64,3,1,1722.951744445705
activated,1|2|3|7|9,1,6>2>1>9,1186.992,7,4,6876.7911218657455
activated,1|2|3|7|9,1,6>2>3>7,1232.928,6,3,1645.7522445410168
activated,1|2|3|7|9,1,6>3>9>1,1350.432,4,4,8613.759438662364
activated,1|2|3|7|9,1,1>4>9>7,938.1600000000001,6,3,1442.6391579935478
activated,1|2|3|7|9,1,4>6>9>4,304.272,3,0,3242.72
activated,1|2|3|7|9,1,4>6>2>9,277.344,3,1,2969.991744445705
activated,1|2|3|7|9,1,2>3>2,965.664,4,4,4813.592244541015
activated,1|2|3|7|9,1,6>2>4>2,186.336,3,0,2063.36
activated,1|2|3|7|9,1,3>6>9,640.656,5,2,5513.599999999999
activated,1|2|3|7|9,1,4>9>1>7,1299.6,6,3,2227.4391579935464
activated,1|2|3|7|9,1,3>2>7,931.392,3,3,1487.5200000000007
activated,1|2|3|7|9,1,2>4>6>2,246.384,3,0,2663.84
activated,1|2|3|7|9,1,3>4>9>3,878.256,7,3,3967.039999999998
activated,1|2|3|7|9,1,6>2>9>1,671.328,5,3,2881.255172094791
activated,1|2|3|7|9,1,6>9>4>1,726.048,5,2,3462.8794386623636
activated,1|2|3|7|9,1,2>6>1>4,1143.6480000000001,7,3,7611.351683203382
activated,1|2|3|7|9,1,3>2>4>6,652.4639999999999,5,2,5631.679999999999
activated,1|2|3|7|9,1,9>3>2,891.2159999999999,4,3,4096.6399999999985
activated,1|2|3|7|9,1,6>4>3>9,980.3520000000001,7,2,8910.560000000001
activated,1|2|3|7|9,1,6>3>9>7,1207.584,5,3,4249.4400000000005
activated,1|2|3|7|9,1,1>6>2>3,1127.808,7,4,6359.9916832033805
activated,1|2|3|7|9,1,1>6>4>9,735.1200000000001,5,2,6383.1994386623655
activated,1|2|3|7|9,1,4>3>1>7,1296.288,3,1,6191.919719331184
activated,1|2|3|7|9,1,1>4>2>6,656.928,5,2,5601.279438662365
activated,1|2|3|7|9,1,9>4>6>2,230.54399999999998,3,0,2505.4399999999996
plain,2|3|4|7|8,1,9>6>1>4,1217.52,7,4,6359.267554679513
plain,2|3|4|7|8,1,6>3>4>1,1408.3200000000002,4,3,8335.839438662366
plain,2|3|4|7|8,1,6>9>2>6,302.832,3,1,3218.403067090923
plain,2|3|4|7|8,1,3>9>6>2,652.6080000000001,5,3,5019.872115557542
plain,2|3|4|7|8,1,1>4>6>3,1080.72,7,4,5045.171401413757
plain,2|3|4|7|8,1,3>6>2>4,613.584,5,3,4619.581164024158
plain,2|3|4|7|8,1,3>6>4,609.696,5,2,4610.451962751391
plain,2|3|4|7|8,1,4>2>1>7,1389.6,6,3,2832.268206460165
plain,2|3|4|7|8,1,6>3>2>6,985.104,4,2,4167.937725821402
plain,2|3|4|7|8,1,2>1>2>7,1600.848,5,5,3215.0409601567217
plain,2|3|4|7|8,1,2>9>3,469.87199999999996,5,3,691.3434888914097
plain,2|3|4|7|8,1,6>2>4>1,668.1600000000001,5,4,2561.660602686525
plain,2|3|4|7|8,1,9>6>2>1,803.232,5,3,3943.4342501989922
plain,2|3|4|7|8,1,3>4>6>4,697.248,5,2,5485.971962751391
plain,2|3|4|7|8,1,6>3>4>7,1265.472,5,3,55.42867735478035
plain,2|3|4|7|8,1,2>6>3>2,985.104,7,3,4148.103860003247
plain,2|3|4|7|8,1,2>4>6>1,687.024,5,3,2760.2175355956015
plain,2|3|4|7|8,1,9>1>2>7,1526.3999999999999,5,5,2748.4809601567185
plain,2|3|4|7|8,1,4>6>3>9,956.4480000000001,7,4,4463.705981375699
plain,2|3|4|7|8,1,9>6>3>2,1058.976,7,3,4906.657725821402
plain,2|3|4|7|8,1,9>4>6>1,671.184,5,2,2628.9854200380605
plain,2|3|4|7|8,1,6>1>2,1126.656,4,4,5455.639736582853
plain,2|3|4|7|8,1,3>9>6>1,1093.248,7,4,5177.054097392843
plain,2|3|4|7|8,1,9>4>1>2,1152.576,7,4,5703.2812408255395
plain,2|3|4|7|8,1,6>2>6>3,579.024,5,3,1766.4778786275515
plain,2|3|4|7|8,1,1>6>1,1101.7440000000001,4,4,5216.272414912961
plain,2|3|4|7|8,1,2>1>9>2,1169.136,4,4,5844.5079257913485
plain,2|3|4|7|8,1,3>6,474.048,2,1,3261.3059813756945
plain,2|3|4|7|8,1,9>2>3,541.7280000000001,5,2,1413.3517444457057
plain,2|3|4|7|8,1,9>1>9>2,1094.688,4,4,5377.947925791349
plain,2|3|4|7|8,1,3>6>3>4,1353.744,4,2,7864.254658730478
plain,2|3|4|7|8,1,6>4>2>3,649.152,5,4,2456.5380969332377
plain,2|3|4|7|8,1,2>6>3>1,594.864,5,3,1863.2025057532876
plain,2|3|4|7|8,1,3>9>6>7,1081.152,6,3,2391.705981375696
plain,2|3|4|7|8,1,2>6>9>2,302.832,3,1,3218.403067090923
plain,2|3|4|7|8,1,3>2>6>1,1093.6799999999998,7,4,5162.271554219904
plain,2|3|4|7|8,1,2>3>9,891.36,4,3,3816.711744445708
plain,2|3|4|7|8,1,9>6>3>1,668.7360000000001,5,2,2618.3081160171473
plain,2|3|4|7|8,1,2>1>4>2,1171.008,4,4,5870.427925791348
plain,2|3|4|7|8,1,2>6>1>9,1113.5520000000001,7,5,5882.081944415654
plain,2|3|4|7|8,1,2>6>3>7,1159.488,6,3,647.5948115366291
plain,2|3|4|7|8,1,1>6>9>3,1127.0880000000002,7,4,5515.454097392844
plain,2|3|4|7|8,1,1>4>9>6,715.248,5,2,5591.065420038061
plain,2|3|4|7|8,1,3>4>2>1,1076.8319999999999,7,3,4986.4575355956
plain,2|3|4|7|8,1,2>9>4,108.432,3,1,1280.8717444457052
plain,2|3|4|7|8,1,4>1>6,1096.848,4,4,5155.753919155643
plain,2|3|4|7|8,1,9>1>4>2,1096.56,4,4,5403.867925791346
plain,2|3|4|7|8,1,2>4>1>7,1342.8,6,4,2347.0172549267827
plain,2|3|4|7|8,1,3>2>6>7,1081.5839999999998,6,3,2383.392115557539
plain,2|3|4|7|8,1,9>6>3>7,1233.3600000000001,6,3,1406.148677354784
plain,2|3|4|7|8,1,2>6>4>2,243.64800000000002,3,2,2619.229048466619
plain,2|3|4|7|8,1,4>6>2>3,666.432,5,3,2636.672115557541
plain,2|3|4|7|8,1,4>9>1>6,1100.304,7,4,5190.313919155645
plain,2|3|4|7|8,1,4>6>4>9,273.74399999999997,3,1,2930.105981375695
plain,2|3|4|7|8,1,3>6>9>4,671.472,5,3,5221.011962751391
plain,2|3|4|7|8,1,3>6>2>9,644.544,5,4,4935.783860003246
plain,2|3|4|7|8,1,9>4>1>7,1326.96,6,3,2223.1191579935457
plain,2|3|4|7|8,1,2>6>9>1,728.64,5,3,3197.514250198992
plain,2|3|4|7|8,1,2>3>4,921.456,4,2,3538.7917444457044
plain,2|3|4|7|8,1,9>6>4>2,317.52000000000004,3,2,3357.949048466619
plain,2|3|4|7|8,1,2>1>9>7,1452.096,5,5,2306.478596655913
plain,2|3|4|7|8,1,9>3>2>4,937.8719999999998,7,4,3949.8180969332334
plain,2|3|4|7|8,1,3>4>2>7,933.984,6,2,917.3090484666175
plain,2|3|4|7|8,1,4>3>1>6,1096.9920000000002,4,4,5157.193919155646
plain,2|3|4|7|8,1,9>6>9>1,802.512,5,2,3956.0681160171457
plain,2|3|4|7|8,1,1>4>7,934.704,3,3,829.1991579935452
plain,2|3|4|7|8,1,9>3>4,847.008,4,3,3075.6799999999994
plain,2|3|4|7|8,1,6>4>1,664.272,5,3,2552.5314014137566
plain,2|3|4|7|8,1,3>4>6>9,728.2080000000001,5,2,5795.705981375697
plain,2|3|4|7|8,1,1>6>4>3,1123.92,7,5,5469.837382789453
plain,2|3|4|7|8,1,9>1>9>7,1377.648,5,5,1839.9185966559114
plain,2|3|4|7|8,1,6>2>9>6,305.568,3,2,3242.314811536628
plain,2|3|4|7|8,1,6>9>4>6,304.272,3,0,3242.72
plain,2|3|4|7|8,1,4>2>1>6,1190.304,7,4,6073.062967622263
plain,2|3|4|7|8,1,2>9,77.616,3,1,972.7117444457051
plain,2|3|4|7|8,1,9>2>4,121.68,3,1,1399.5490484666188
plain,2|3|4|7|8,1,6>3>7,1098.288,3,2,55.42867735478376
plain,2|3|4|7|8,1,6>1>9,1052.3519999999999,4,4,5291.557373082044
plain,2|3|4|7|8,1,2>1>2>6,1229.616,4,4,6473.516986246568
plain,2|3|4|7|8,1,2>6>4>1,725.472,5,4,3144.6975355956015
plain,2|3|4|7|8,1,2>9>3>4,924.624,7,4,3567.023488891409
plain,2|3|4|7|8,1,2>1>4>7,1509.9840000000002,5,5,2306.4785966559134
plain,2|3|4|7|8,1,3>4>3>1,983.52,4,3,4087.839438662364
plain,2|3|4|7|8,1,9>1>2>6,1155.168,4,4,6006.956986246565
plain,2|3|4|7|8,1,3>4>9>2,561.024,5,2,4113.9490484666185
plain,2|3|4|7|8,1,1>9>2,593.856,5,2,4367.228487128983
plain,2|3|4|7|8,1,2>3,466.704,2,1,663.1117444457059
plain,2|3|4|7|8,1,9>6>4>1,799.344,5,3,3903.251401413757
plain,2|3|4|7|8,1,9>1>4>7,1435.536,5,5,1839.9185966559103
plain,2|3|4|7|8,1,4>6>1,640.3679999999999,5,2,2320.8254200380597
plain,2|3|4|7|8,1,6>4>9>3,559.1519999999999,5,3,1576.3719627513913
plain,2|3|4|7|8,1,3>6>3>9,1323.648,4,3,7556.09465873048
plain,2|3|4|7|8,1,9>3,392.256,2,2,199.99999999999991
plain,2|3|4|7|8,1,1>3>2,664.704,2,2,5100.081802163174
plain,2|3|4|7|8,1,6>1>4,1082.4479999999999,4,4,5013.637373082043
plain,2|3|4|7|8,1,1>4>6>2,748.656,5,3,5912.5115542199055
plain,2|3|4|7|8,1,9>2,75.024,3,0,950.24
plain,2|3|4|7|8,1,9>2>3>4,996.48,7,3,4289.031744445703
plain,2|3|4|7|8,1,3>4>9>1,986.832,7,4,4113.759438662364
plain,2|3|4|7|8,1,6>3>6>2,991.872,7,3,4225.700792912323
plain,2|3|4|7|8,1,1>6>2>1,1236.384,7,5,6531.280053337492
plain,2|3|4|7|8,1,4>6>9>3,665.712,5,2,2649.3059813756954
plain,2|3|4|7|8,1,2>3>9>4,922.176,7,3,3538.791744445706
plain,2|3|4|7|8,1,2>3>2>9,1043.28,4,3,4732.580792912324
plain,2|3|4|7|8,1,1>9>3,911.088,4,4,4220.319438662366
plain,2|3|4|7|8,1,2>6>3>6,960.192,7,3,3908.9007929123236
plain,2|3|4|7|8,1,1>4>6>1,1189.2959999999998,7,4,6055.89084007612
plain,2|3|4|7|8,1,9>3>9>4,847.7280000000001,7,4,3075.680000000001
plain,2|3|4|7|8,1,3>4>9>7,843.9839999999999,6,3,27.360000000000127
plain,2|3|4|7|8,1,6>1,533.52,2,2,1271.2379344196784
plain,2|3|4|7|8,1,2>4>1>6,1143.504,7,5,5587.812016088879
plain,2|3|4|7|8,1,1>6>2>7,1093.536,6,4,2407.3603340063073
plain,2|3|4|7|8,1,6>9>1>2,1260.576,7,4,6789.74991818032
plain,2|3|4|7|8,1,9>4>1>6,1127.6640000000002,7,4,5463.913919155647
plain,2|3|4|7|8,1,4>6>4>3,662.544,5,3,2610.291962751391
plain,2|3|4|7|8,1,3>6>2>3,1033.632,7,3,4633.383860003246
plain,2|3|4|7|8,1,1>4>6>7,1177.1999999999998,6,3,3246.825139369241
plain,2|3|4|7|8,1,3>6>4>9,640.9440000000001,5,3,4915.7319627513925
plain,2|3|4|7|8,1,2>1>9>6,1229.1840000000002,4,4,6454.904858700428
plain,2|3|4|7|8,1,1>2>3,1059.84,4,3,4847.5135466088805
plain,2|3|4|7|8,1,3>4>2>6,562.7520000000001,5,2,4128.512115557541
plain,2|3|4|7|8,1,6>3>1>2,1126.8,4,4,5457.079736582854
plain,2|3|4|7|8,1,2>9>3>9,894.528,7,5,3844.943488891413
plain,2|3|4|7|8,1,6>4>1>4,1213.2,7,5,6294.930840076121
plain,2|3|4|7|8,1,9>1>9>6,1154.7359999999999,4,4,5988.344858700424
plain,2|3|4|7|8,1,3>4>6>3,986.5440000000001,7,3,4178.451962751391
plain,2|3|4|7|8,1,6>2>6>1,687.5999999999999,5,4,2780.6455728442097
plain,2|3|4|7|8,1,1>6>3>1,1101.8880000000001,4,4,5217.7124149129595
plain,2|3|4|7|8,1,1>6>9>2,809.8560000000001,5,2,6527.228487128985
plain,2|3|4|7|8,1,6>3>6>7,1420.416,5,3,1597.5346587304784
plain,2|3|4|7|8,1,4>9>2,106.272,3,0,1262.72
plain,2|3|4|7|8,1,2>1>7,1342.8,3,3,2381.519157993547
plain,2|3|4|7|8,1,1>3>9,590.4,2,2,4935.999438662367
plain,2|3|4|7|8,1,6>1>9>4,1083.168,4,4,5013.637373082042
plain,2|3|4|7|8,1,6>4>2>1,757.728,5,4,3467.257535595602
plain,2|3|4|7|8,1,2>1>4>6,1231.056,4,4,6480.824858700426
plain,2|3|4|7|8,1,9>1>7,1268.3519999999999,3,3,1914.959157993544
plain,2|3|4|7|8,1,4>3>2,919.008,4,3,3500.509048466617
plain,2|3|4|7|8,1,1>9>2>4,640.512,5,3,4816.537535595601
plain,2|3|4|7|8,1,9>1>4>6,1156.608,4,4,6014.264858700425
plain,2|3|4|7|8,1,1>2>9,670.752,5,3,5132.740231574689
plain,2|3|4|7|8,1,1>9>4,549.648,5,2,3942.3994386623654
plain,2|3|4|7|8,1,6>4>3>2,1054.656,7,4,4842.321011218009
plain,2|3|4|7|8,1,7>1>9>2,1259.5679999999998,2,2,11024.34848712898
plain,2|3|4|7|8,1,1>6>4>2,750.672,5,4,5925.337535595602
plain,2|3|4|7|8,1,6>9>1>7,1434.96,6,3,3309.5878353483276
plain,2|3|4|7|8,1,1>3>2>4,711.3599999999999,5,3,5532.217535595601
plain,2|3|4|7|8,1,3>6>1,1007.568,4,3,4332.543915795374
plain,2|3|4|7|8,1,3>4>3>6,1348.848,4,3,7808.825981375695
plain,2|3|4|7|8,1,1>6>9>1,1235.6640000000002,7,4,6526.173536055211
plain,2|3|4|7|8,1,1>3>4,620.496,2,2,4658.079438662365
plain,2|3|4|7|8,1,6>3>1>7,1301.184,3,3,1976.917653750861
plain,2|3|4|7|8,1,4>6>2>1,775.008,5,3,3647.391554219906
plain,2|3|4|7|8,1,4>1>2>7,1554.192,5,5,2748.4809601567204
plain,2|3|4|7|8,1,1>2>4,639.7919999999999,5,3,4816.537535595601
plain,2|3|4|7|8,1,4>9>3,423.50399999999996,5,2,234.5599999999997
plain,2|3|4|7|8,1,7>1>4>2,1261.4399999999998,2,2,11050.26848712898
plain,2|3|4|7|8,1,1>6>9>7,1092.816,6,3,2395.7851393692426
plain,2|3|4|7|8,1,6>2>1>7,1435.6799999999998,6,4,3300.4022250844696
plain,2|3|4|7|8,1,4>6>3>2,1030.752,7,3,4610.615029842314
plain,2|3|4|7|8,1,1>9,518.832,2,2,4220.319438662366
plain,2|3|4|7|8,1,6>4>3>1,664.416,5,3,2553.971401413757
plain,2|3|4|7|8,1,2>9>6,212.688,3,1,2323.431744445705
plain,2|3|4|7|8,1,6>4>9>2,241.92,3,1,2611.8659813756954
plain,2|3|4|7|8,1,1>6>4>1,1232.496,7,5,6480.556821451816
plain,2|3|4|7|8,1,3>6>9>3,1032.9119999999998,7,4,4648.734658730477
plain,2|3|4|7|8,1,2>3>4>9,952.7040000000001,4,3,3844.071744445707
plain,2|3|4|7|8,1,3>4>9>6,621.072,5,2,4724.345981375696
plain,2|3|4|7|8,1,2>3>6,940.752,4,2,3724.4177258214013
plain,2|3|4|7|8,1,9>3>2>3,1357.9199999999998,4,3,7886.180792912321
plain,2|3|4|7|8,1,1>6>2>6,722.3040000000001,5,4,5656.083681766048
plain,2|3|4|7|8,1,6>4>1>9,1183.104,7,5,6572.850840076124
plain,2|3|4|7|8,1,6>4>3>7,1229.04,6,4,1341.8119627513897
plain,2|3|4|7|8,1,4>2>3,513.504,5,2,1117.3090484666184
plain,2|3|4|7|8,1,4>1>9>2,1122.48,4,4,5377.947925791347
plain,2|3|4|7|8,1,1>6>4>7,1089.6480000000001,6,4,2363.971120744939
plain,2|3|4|7|8,1,9>3>6,866.304,4,3,3261.3059813756945
plain,2|3|4|7|8,1,1>2,593.136,2,2,4384.401802163175
plain,2|3|4|7|8,1,3>4>7,840.528,3,2,-6.821210263296962e-13
plain,2|3|4|7|8,1,4>6>3>1,640.5120000000001,5,2,2322.265420038061
plain,2|3|4|7|8,1,4>6>9>2,348.48,3,0,3684.8
plain,2|3|4|7|8,1,3>6>4>3,1029.7440000000001,7,4,4603.117944127089
plain,2|3|4|7|8,1,6>4>9>1,667.728,5,3,2587.091401413756
plain,2|3|4|7|8,1,9>2>6,136.224,3,1,1552.3230670909227
plain,2|3|4|7|8,1,7>1>2>6,1320.048,2,2,11653.357547584203
plain,2|3|4|7|8,1,4>3>9,844.704,4,4,3353.6000000000004
plain,2|3|4|7|8,1,2>9>1,578.448,5,3,1702.0629275537747
plain,2|3|4|7|8,1,1>9>2>9,671.472,5,3,5139.940231574688
plain,2|3|4|7|8,1,2>4>2,93.45599999999999,3,1,1117.3090484666186
plain,2|3|4|7|8,1,2>1>6>7,1664.9279999999999,5,5,3865.5936384868255
plain,2|3|4|7|8,1,4>1>4>2,1124.352,4,4,5403.867925791348
plain,2|3|4|7|8,1,4>6>1>9,1159.1999999999998,7,4,6341.144858700425
plain,2|3|4|7|8,1,4>6>3>7,1205.136,6,3,1110.1059813756956
plain,2|3|4|7|8,1,9>4>2,77.616,3,0,976.16
plain,2|3|4|7|8,1,1>3>9>4,621.216,5,2,4658.079438662365
plain,2|3|4|7|8,1,2>3>1,575.424,2,2,1678.7194386623642
plain,2|3|4|7|8,1,1>3>2>9,742.3199999999999,5,3,5848.420231574688
plain,2|3|4|7|8,1,9>1>6>7,1590.48,5,5,3399.033638486824
plain,2|3|4|7|8,1,9>6>1>2,1261.728,7,4,6801.26991818032
plain,2|3|4|7|8,1,4>2>9,124.416,3,1,1440.7117444457049
plain,2|3|4|7|8,1,4>9>4,62.064,3,0,820.6399999999999
plain,2|3|4|7|8,1,3>9>2,499.68,5,2,3500.50904846662
plain,2|3|4|7|8,1,9>3>1,500.976,2,2,1212.159438662365
plain,2|3|4|7|8,1,4>3>2>4,965.664,4,3,3967.0690484666166
plain,2|3|4|7|8,1,4>6>9>1,774.288,5,2,3660.0254200380605
plain,2|3|4|7|8,1,1>2>9>4,701.568,5,3,5440.900231574689
plain,2|3|4|7|8,1,4>1>9>7,1405.44,5,5,1839.918596655915
plain,2|3|4|7|8,1,6>4>2>6,243.64799999999997,3,2,2619.229048466618
plain,2|3|4|7|8,1,3>4>6>2,654.48,5,2,5045.7921155575405
plain,2|3|4|7|8,1,9>2>1,650.304,5,2,2424.0711831080694
plain,2|3|4|7|8,1,6>3>1>6,1101.888,4,4,5217.712414912958
plain,2|3|4|7|8,1,2>3>9>3,1283.616,4,4,7739.271744445706
plain,2|3|4|7|8,1,2>4>3,466.704,5,3,632.058096933237
plain,2|3|4|7|8,1,4>9,31.248,3,0,512.48
plain,2|3|4|7|8,1,7>3>9>4,1012.608,2,2,8647.04
plain,2|3|4|7|8,1,4>1>2>6,1182.96,4,4,6006.956986246567
plain,2|3|4|7|8,1,4>6>4>1,771.12,5,3,3621.011401413756
plain,2|3|4|7|8,1,3>6>2>1,1142.208,7,4,5647.551554219906
plain,2|3|4|7|8,1,9>4>3,450.864,5,2,508.1599999999991
plain,2|3|4|7|8,1,2>6>1>7,1362.24,6,4,2566.0022250844704
plain,2|3|4|7|8,1,4>1>4>7,1463.3280000000002,5,5,1839.918596655914
plain,2|3|4|7|8,1,2>9>4>3,528.48,5,3,1263.620792912324
plain,2|3|4|7|8,1,4>3,420.048,2,2,199.9999999999993
plain,2|3|4|7|8,1,3>9>3,816.912,4,4,3353.600000000003
plain,2|3|4|7|8,1,2>9>6>4,348.336,3,1,3676.0259813756957
plain,2|3|4|7|8,1,9>6>1>7,1436.112,6,3,3321.107835348328
plain,2|3|4|7|8,1,3>4>6>1,1095.12,7,3,5189.171401413754
plain,2|3|4|7|8,1,9>2>9>3,544.896,5,3,1441.5834888914096
plain,2|3|4|7|8,1,3>6>2>7,999.36,6,3,1561.1521155575408
plain,2|3|4|7|8,1,1>6>7,1089.6480000000001,3,3,2388.314199824463
plain,2|3|4|7|8,1,4>2,46.8,3,0,668.0
plain,2|3|4|7|8,1,7>1>9>6,1319.616,2,2,11634.74542003806
plain,2|3|4|7|8,1,9>3>4>3,1267.056,4,3,6998.240000000001
plain,2|3|4|7|8,1,2>4>9,77.904,3,1,961.7890484666185
plain,2|3|4|7|8,1,9>3>6>4,1001.952,7,4,4610.451962751392
plain,2|3|4|7|8,1,3>4>6>7,1083.024,6,2,2417.6259813756924
plain,2|3|4|7|8,1,9>2>4>3,541.7280000000001,5,3,1382.2980969332377
plain,2|3|4|7|8,1,9>2>6>4,271.87199999999996,3,2,2901.469048466618
plain,2|3|4|7|8,1,3>6>3>1,1007.712,4,3,4333.983915795373
plain,2|3|4|7|8,1,3>6>9>2,715.68,5,2,5660.509048466618
plain,2|3|4|7|8,1,4>3>2>9,996.624,4,4,4269.469048466618
plain,2|3|4|7|8,1,2>9>1>4,1127.376,7,5,5444.46236621614
plain,2|3|4|7|8,1,7>1>4>6,1321.4879999999998,2,2,11660.665420038056
plain,2|3|4|7|8,1,1>9>2>3,1060.56,7,4,4830.340231574687
plain,2|3|4|7|8,1,1>9>4>9,580.8960000000001,5,2,4254.879438662366
plain,2|3|4|7|8,1,6>4>9>6,301.96799999999996,3,1,3212.345981375695
plain,2|3|4|7|8,1,1>9>6,653.904,5,2,4977.625420038061
plain,2|3|4|7|8,1,9>4>2>4,124.27199999999999,3,1,1425.4690484666185
plain,2|3|4|7|8,1,2>3>1>4,1124.3519999999999,4,4,5421.118877324728
plain,2|3|4|7|8,1,1>3>2>3,1131.408,4,3,5563.193546608879
plain,2|3|4|7|8,1,3>9>2>4,546.336,5,3,3949.818096933238
plain,2|3|4|7|8,1,1>3>4>9,651.744,5,2,4963.359438662365
plain,2|3|4|7|8,1,3>2>9,576.576,5,3,4266.020792912324
plain,2|3|4|7|8,1,3>9>4,455.472,5,2,3075.6799999999994
plain,2|3|4|7|8,1,9>3>1>4,1049.904,4,4,4954.55887732473
plain,2|3|4|7|8,1,1>3>6,639.792,2,2,4860.71448049328
plain,2|3|4|7|8,1,3>6>4>2,656.496,5,3,5058.618096933236
plain,2|3|4|7|8,1,4>1>9>6,1182.5280000000002,4,4,5988.344858700428
plain,2|3|4|7|8,1,2>9>3>2,968.8319999999999,7,4,3991.852537358028
plain,2|3|4|7|8,1,3>6>9>1,1141.4879999999998,7,4,5659.454097392841
plain,2|3|4|7|8,1,1>2>4>9,671.04,5,3,5121.817535595602
plain,2|3|4|7|8,1,3>2>7>1,1597.104,5,4,3272.9884871289833
plain,2|3|4|7|8,1,4>9>3>9,848.16,7,4,3388.1600000000017
plain,2|3|4|7|8,1,9>2>1>4,1199.232,7,4,6166.470621770434
plain,2|3|4|7|8,1,1>2>6,654.336,5,3,4986.320614675125
plain,2|3|4|7|8,1,9>3>2>1,1466.4959999999999,4,3,8900.348487128982
plain,2|3|4|7|8,1,2>4,46.656,3,1,649.3090484666186
plain,2|3|4|7|8,1,3>2>4,545.616,5,2,3949.818096933236
plain,2|3|4|7|8,1,2>4>3>4,921.456,7,4,3507.7380969332344
plain,2|3|4|7|8,1,2>3>2>7,1398.096,5,3,1354.5007929123224
plain,2|3|4|7|8,1,4>1>7,1296.144,3,3,1914.959157993546
plain,2|3|4|7|8,1,9>4,30.816,3,0,508.16
plain,2|3|4|7|8,1,3>6>9>7,998.6399999999999,6,3,1566.5859813756933
plain,2|3|4|7|8,1,1>9>1,1019.664,4,4,5231.0388773247305
plain,2|3|4|7|8,1,1>4>2,595.728,5,2,4393.148487128983
plain,2|3|4|7|8,1,2>3>6>9,1107.36,4,3,5383.2977258214005
plain,2|3|4|7|8,1,2>6>1>6,1162.944,7,5,5806.796986246565
plain,2|3|4|7|8,1,3>9,424.656,2,2,3353.600000000002
plain,2|3|4|7|8,1,4>1>4>6,1184.4,4,4,6014.264858700425
plain,2|3|4|7|8,1,6>9>2,241.632,3,0,2616.32
plain,2|3|4|7|8,1,9>3>2>7,1323.648,5,4,891.3890484666174
plain,2|3|4|7|8,1,3>6>4>1,1138.3200000000002,7,4,5613.837382789452
plain,2|3|4|7|8,1,4>2>3>9,938.1600000000001,7,4,4270.90904846662
plain,2|3|4|7|8,1,3>9>3>4,1271.664,4,4,7315.04
plain,2|3|4|7|8,1,2>9>3>1,578.592,5,3,1703.5029275537752
plain,2|3|4|7|8,1,6>3>2,923.904,4,2,3555.9377258214017
plain,2|3|4|7|8,1,3>6>2>6,628.128,5,3,4772.355182648464
plain,2|3|4|7|8,1,3>6>4>7,995.472,6,3,1534.7719627513898
plain,2|3|4|7|8,1,2>3>9>2,966.384,7,3,3963.6207929123248
plain,2|3|4|7|8,1,1>2>1,1168.416,4,4,5861.681240825539
plain,2|3|4|7|8,1,2>9>1>9,1097.28,7,5,5722.382366216141
plain,2|3|4|7|8,1,3>2,498.96,2,1,3500.509048466618
plain,2|3|4|7|8,1,2>9>3>7,1143.216,6,4,491.34348889140983
plain,2|3|4|7|8,1,2>4>9>4,108.72,3,1,1269.9490484666187
plain,2|3|4|7|8,1,9>3>9>2,891.936,7,4,3500.50904846662
plain,2|3|4|7|8,1,2>9>4>2,155.232,3,1,1748.871744445705
plain,2|3|4|7|8,1,2>3>1>9,1094.2559999999999,4,4,5699.038877324729
plain,2|3|4|7|8,1,4>9>2>3,572.976,5,2,1712.0290484666186
plain,2|3|4|7|8,1,1>3>9>3,982.656,4,4,4935.999438662367
plain,2|3|4|7|8,1,3>9>2>9,577.296,5,3,4273.220792912325
plain,2|3|4|7|8,1,1>4>3,968.976,4,4,3942.3994386623644
plain,2|3|4|7|8,1,9>2>3>1,650.4480000000001,5,2,2425.511183108071
plain,2|3|4|7|8,1,6>1>2>7,1559.088,5,5,2808.999455914033
plain,2|3|4|7|8,1,4>9>6,166.32,3,0,1863.1999999999998
plain,2|3|4|7|8,1,9>3>1>9,1019.808,4,4,5232.478877324731
plain,2|3|4|7|8,1,6>9>3,558.864,5,2,1594.6286773547827
plain,2|3|4|7|8,1,2>3>4>2,968.256,4,2,3989.540792912323
plain,2|3|4|7|8,1,1>2>9>3,1063.0079999999998,7,5,4851.371976020392
plain,2|3|4|7|8,1,1>9>4>3,969.696,7,4,3942.3994386623654
plain,2|3|4|7|8,1,2>3>9>1,1392.192,4,4,8787.51146377689
plain,2|3|4|7|8,1,4>3>6,894.096,4,3,3261.3059813756936
plain,2|3|4|7|8,1,9>3>4>2,893.808,7,3,3526.429048466618
plain,2|3|4|7|8,1,1>9>6>4,789.552,5,3,6326.771401413757
plain,2|3|4|7|8,1,6>4>1>2,1257.408,7,5,6736.933203576929
plain,2|3|4|7|8,1,9>2>3>7,1215.0720000000001,6,3,1213.3517444457057
plain,2|3|4|7|8,1,4>2>4>9,124.704,3,1,1429.7890484666186
plain,2|3|4|7|8,1,1>3>4>3,1040.5439999999999,4,4,4658.079438662363
plain,2|3|4|7|8,1,3>2>9>4,607.392,5,3,4574.180792912324
plain,2|3|4|7|8,1,2>9>4>1,637.056,5,3,2274.340231574689
plain,2|3|4|7|8,1,1>3>6>4,775.44,5,3,6192.851401413757
plain,2|3|4|7|8,1,4>2>6,108.0,3,1,1270.083067090923
plain,2|3|4|7|8,1,2>4>3>9,891.36,7,5,3785.658096933238
plain,2|3|4|7|8,1,6>1>9>2,1127.3759999999997,4,4,5438.466421548661
plain,2|3|4|7|8,1,6>2>3,559.5840000000001,5,2,1581.994811536629
plain,2|3|4|7|8,1,2>3>9>7,1249.344,5,4,463.1117444457079
plain,2|3|4|7|8,1,1>4>9,580.176,5,2,4247.679438662365
plain,2|3|4|7|8,1,9>2>9>1,653.472,5,3,2452.302927553774
plain,2|3|4|7|8,1,1>2>4>3,1059.84,7,5,4799.286584062219
plain,2|3|4|7|8,1,2>9>2>6,213.83999999999997,3,2,2325.034811536628
plain,2|3|4|7|8,1,9>3>9>7,1174.896,5,5,1.1368683772161603e-12
plain,2|3|4|7|8,1,1>2>6>4,789.984,5,4,6318.457535595602
plain,2|3|4|7|8,1,4>9>1,532.08,5,2,1245.2794386623646
plain,2|3|4|7|8,1,4>1>6>7,1618.272,5,5,3399.033638486824
plain,2|3|4|7|8,1,4>6>1>2,1233.504,7,4,6505.2272222012325
plain,2|3|4|7|8,1,9>3>4>1,1375.632,4,3,8008.959438662364
plain,2|3|4|7|8,1,2>9>6>3,637.6320000000001,5,3,2368.943488891411
plain,2|3|4|7|8,1,6>3>9,849.6,4,3,3409.028677354785
plain,2|3|4|7|8,1,2>3>2>6,1026.864,4,2,4575.620792912323
plain,2|3|4|7|8,1,4>3>1,528.768,2,2,1212.1594386623647
plain,2|3|4|7|8,1,1>4>2>4,642.3839999999999,5,3,4842.457535595601
plain,2|3|4|7|8,1,6>1>4>2,1129.2479999999998,4,4,5464.38642154866
plain,2|3|4|7|8,1,2>3>4>7,1307.232,5,3,463.1117444457043
plain,2|3|4|7|8,1,9>3>2>6,952.4159999999999,7,4,4102.592115557541
plain,2|3|4|7|8,1,6>9>2>4,288.288,3,1,3065.6290484666188
plain,2|3|4|7|8,1,9>2>4>1,650.3040000000001,5,3,2393.0175355956026
plain,2|3|4|7|8,1,6>2>9,170.49599999999998,3,2,1891.5948115366277
plain,2|3|4|7|8,1,6>9>4,197.424,3,1,2166.905981375696
plain,2|3|4|7|8,1,9>3>4>7,1232.784,5,4,-6.821210263296962e-13
plain,2|3|4|7|8,1,6>4>1>7,1431.792,6,4,3256.7711207449374
plain,2|3|4|7|8,1,4>2>1,622.0799999999999,5,2,2128.0284871289823
plain,2|3|4|7|8,1,9>3>6>3,1291.248,4,3,7239.294658730477
plain,2|3|4|7|8,1,3>6>7,995.472,3,2,1542.1059813756938
plain,2|3|4|7|8,1,1>9>2>1,1169.136,7,4,5841.059670237054
plain,2|3|4|7|8,1,6>3>2>4,970.56,4,2,4022.4977258213994
plain,2|3|4|7|8,1,6>3>4,879.696,4,2,3131.108677354783
plain,2|3|4|7|8,1,9>1>2,1093.9679999999998,4,4,5395.121240825538
plain,2|3|4|7|8,1,6>1>9>7,1410.3359999999998,5,5,1900.4370924132243
plain,2|3|4|7|8,1,9>2>6>3,561.168,5,3,1597.8348115366282
plain,2|3|4|7|8,1,2>9>3>6,943.92,7,4,3752.6494702671043
plain,2|3|4|7|8,1,2>6>2,154.07999999999998,3,2,1720.9661341818455
plain,2|3|4|7|8,1,4>3>9>3,1236.96,4,4,7276.160000000001
plain,2|3|4|7|8,1,1>9>2>7,1026.288,6,3,1720.5882064601665
plain,2|3|4|7|8,1,6>2>4,139.536,3,2,1568.1921155575417
plain,2|3|4|7|8,1,9>6>2,227.952,3,1,2469.603067090923
plain,2|3|4|7|8,1,1>4,548.928,2,2,3942.3994386623644
plain,2|3|4|7|8,1,1>9>6>9,820.512,5,2,6643.70542003806
plain,2|3|4|7|8,1,2>4>6,153.504,3,1,1717.7890484666186
plain,2|3|4|7|8,1,4>6>1>7,1407.888,6,3,3025.0651393692406
plain,2|3|4|7|8,1,9>4>2>3,544.32,5,2,1425.4690484666191
plain,2|3|4|7|8,1,6>9,166.608,3,0,1866.08
plain,2|3|4|7|8,1,4>2>9>3,516.672,5,3,1145.5407929123242
plain,2|3|4|7|8,1,6>1>2>6,1187.856,4,4,6067.475482003881
plain,2|3|4|7|8,1,1>3>2>7,1097.136,3,3,2453.4415214943574
plain,2|3|4|7|8,1,3>9>2>3,966.384,7,4,3963.620792912324
plain,2|3|4|7|8,1,4>9>6>4,301.96799999999996,3,1,3212.345981375695
plain,2|3|4|7|8,1,3>9>4>9,486.71999999999997,5,2,3388.16
plain,2|3|4|7|8,1,9>4>6,137.664,3,0,1576.6399999999999
plain,2|3|4|7|8,1,6>9>3>4,1013.616,7,3,4470.308677354781
plain,2|3|4|7|8,1,1>3>6>9,806.4000000000001,5,2,6502.585420038061
plain,2|3|4|7|8,1,6>1>4>7,1468.224,5,5,1900.4370924132231
plain,2|3|4|7|8,1,3>9>6,559.7280000000001,5,2,4110.905981375697
plain,2|3|4|7|8,1,6>3,424.944,2,1,255.42867735478376
plain,2|3|4|7|8,1,1>9>3>1,1019.808,4,4,5232.478877324731
plain,2|3|4|7|8,1,9>2>3>6,1015.7760000000001,7,3,4474.6577258214
plain,2|3|4|7|8,1,1>2>6>9,820.944,5,3,6628.191554219906
plain,2|3|4|7|8,1,6>2,92.88,3,1,1118.8830670909229
plain,2|3|4|7|8,1,4>2>4>3,513.504,5,3,1100.058096933237
plain,2|3|4|7|8,1,2>6>3,486.144,5,2,847.5948115366293
plain,2|3|4|7|8,1,2>3>9>6,1026.432,7,3,4574.017725821402
plain,2|3|4|7|8,1,1>3>9>2,665.424,5,2,5082.908487128983
plain,2|3|4|7|8,1,4>2>6>4,243.648,3,2,2619.229048466619
plain,2|3|4|7|8,1,3>2>4>9,576.864,5,3,4255.098096933238
plain,2|3|4|7|8,1,6>2>3>4,1014.336,7,3,4457.674811536628
plain,2|3|4|7|8,1,2>4>1,575.28,5,3,1642.777535595601
plain,2|3|4|7|8,1,1>4>2>9,673.3439999999999,5,3,5158.660231574689
plain,2|3|4|7|8,1,3>2>6,560.16,5,2,4102.59211555754
plain,2|3|4|7|8,1,9>6>3,560.0160000000001,5,2,1606.148677354783
plain,2|3|4|7|8,1,9>3>9>6,951.984,7,4,4110.905981375697
plain,2|3|4|7|8,1,1>2>3>1,1168.56,4,4,5863.121240825538
plain,2|3|4|7|8,1,2>9>4>6,215.28,3,1,2349.351744445705
plain,2|3|4|7|8,1,9>4>1,559.44,5,2,1518.879438662365
plain,2|3|4|7|8,1,1>9>4>2,596.448,5,2,4393.148487128983
plain,2|3|4|7|8,1,3>9>1,925.488,4,4,4364.319438662367
plain,2|3|4|7|8,1,2>3>7,1140.048,3,2,463.11174444570497
plain,2|3|4|7|8,1,2>1>9,1094.112,4,4,5697.598877324732
plain,2|3|4|7|8,1,3>4>2,501.552,5,1,3526.429048466618
plain,2|3|4|7|8,1,6>3>9>4,880.416,7,3,3131.108677354783
plain,2|3|4|7|8,1,6>3>2>9,1001.52,4,3,4324.897725821403
plain,2|3|4|7|8,1,4>3>1>4,1077.696,4,4,4954.558877324728
plain,2|3|4|7|8,1,2>3>4>6,1028.304,4,2,4599.937725821402
plain,2|3|4|7|8,1,1>3>4>2,667.2959999999999,5,2,5108.8284871289825
plain,2|3|4|7|8,1,9>3>7,1065.6,3,3,0.0
plain,2|3|4|7|8,1,4>9>2>1,681.552,5,2,2722.7484871289835
plain,2|3|4|7|8,1,2>6>9,227.808,3,1,2468.163067090923
plain,2|3|4|7|8,1,9>3>4>6,953.856,7,3,4136.825981375695
plain,2|3|4|7|8,1,6>2>9>4,201.31199999999998,3,2,2195.8690484666186
plain,2|3|4|7|8,1,7>3>9>2,1056.8159999999998,2,2,9071.869048466617
plain,2|3|4|7|8,1,2>4>9>3,470.15999999999997,5,3,666.6180969332365
plain,2|3|4|7|8,1,4>9>3>2,922.4639999999999,7,3,3535.0690484666166
plain,2|3|4|7|8,1,3>2>1,1074.24,4,3,4977.788487128982
plain,2|3|4|7|8,1,2>1>4,1124.208,4,4,5419.678877324731
plain,2|3|4|7|8,1,9>4>9>3,454.32,5,2,542.7199999999996
plain,2|3|4|7|8,1,1>2>9>1,1171.5839999999998,7,5,5862.091414682757
plain,2|3|4|7|8,1,1>9>4>1,1078.272,7,4,4953.118877324729
plain,2|3|4|7|8,1,9>2>4>6,228.52800000000002,3,1,2468.029048466619
plain,2|3|4|7|8,1,6>1>9>6,1187.424,4,4,6048.86335445774
plain,2|3|4|7|8,1,1>3>9>7,948.384,3,3,1544.8791579935485
plain,2|3|4|7|8,1,2>9>6>2,305.568,3,2,3242.314811536628
plain,2|3|4|7|8,1,6>9>3>9,983.52,7,4,4748.228677354785
plain,2|3|4|7|8,1,9>1>4,1049.76,4,4,4953.1188773247295
plain,2|3|4|7|8,1,2>6>2>4,200.736,3,3,2170.2751826484646
plain,2|3|4|7|8,1,1>9>2>6,655.056,5,3,4969.311554219907
plain,2|3|4|7|8,1,2>6>4,196.848,3,2,2151.2290484666187
plain,2|3|4|7|8,1,4>3>2>7,1351.44,5,4,891.3890484666192
plain,2|3|4|7|8,1,7>3>4>2,1058.6879999999999,2,1,9097.789048466617
plain,2|3|4|7|8,1,9>6>2>4,274.608,3,2,2918.9121155575417
plain,2|3|4|7|8,1,3>4>3,874.8,4,3,3075.6799999999985
plain,2|3|4|7|8,1,1>2>9>7,1028.7359999999999,6,4,1741.6199509058697
plain,2|3|4|7|8,1,1>9>4>7,935.424,6,3,829.1991579935466
plain,2|3|4|7|8,1,4>3>6>9,1060.704,7,4,4920.185981375695
plain,2|3|4|7|8,1,9>6>4,270.72,3,1,2899.865981375696
plain,2|3|4|7|8,1,1>9>6>3,1078.848,7,4,5033.054097392843
plain,2|3|4|7|8,1,6>1>7,1301.04,3,3,1975.4776537508587
plain,2|3|4|7|8,1,1>3>2>6,725.904,5,3,5702.000614675125
plain,2|3|4|7|8,1,9>3>6>2,959.184,7,4,4170.272115557541
plain,2|3|4|7|8,1,1>2>4>1,1168.416,7,5,5810.006022724584
plain,2|3|4|7|8,1,4>9>3>1,532.2239999999999,5,2,1246.7194386623642
plain,2|3|4|7|8,1,9>4>6>4,273.312,3,1,2925.7859813756954
plain,2|3|4|7|8,1,6>1>4>6,1189.2959999999998,4,4,6074.783354457739
plain,2|3|4|7|8,1,1>3>4>7,1006.2719999999999,3,3,1544.8791579935455
plain,2|3|4|7|8,1,3>2>9>3,968.832,7,5,3984.652537358029
plain,2|3|4|7|8,1,3>9>4>3,875.52,7,4,3075.6800000000003
plain,2|3|4|7|8,1,4>2>6>9,274.608,3,1,2936.163067090923
plain,2|3|4|7|8,1,1>3>6>3,1064.736,4,3,4916.143157848063
plain,2|3|4|7|8,1,2>1,575.28,2,2,1677.2794386623636
plain,2|3|4|7|8,1,6>2>3>9,984.24,7,4,4735.59481153663
plain,2|3|4|7|8,1,3>9>6>4,695.3760000000001,5,3,5460.051962751393
plain,2|3|4|7|8,1,2>9>6>1,746.208,5,3,3379.662927553775
plain,2|3|4|7|8,1,9>2>6>2,229.10399999999998,3,2,2471.206134181846
plain,2|3|4|7|8,1,4>3>9>2,919.728,7,4,3500.509048466617
plain,2|3|4|7|8,1,9>1,500.832,2,2,1210.7194386623644
plain,2|3|4|7|8,1,1>2>4>7,1025.568,6,4,1703.3372549267829
plain,2|3|4|7|8,1,4>9>1>9,1050.912,7,4,5265.598877324732
plain,2|3|4|7|8,1,2>6,61.2,3,1,802.0830670909229
plain,2|3|4|7|8,1,4>9>3>7,1096.848,6,3,34.55999999999858
plain,2|3|4|7|8,1,1>2>6>3,1079.28,7,4,5031.83235912083
plain,2|3|4|7|8,1,2>6>3>4,940.896,7,3,3723.2748115366267
plain,2|3|4|7|8,1,3>4>9,486.0,5,2,3380.96
plain,2|3|4|7|8,1,2>3>1>2,1168.56,4,4,5863.121240825538
plain,2|3|4|7|8,1,4>2>3>1,622.224,5,2,2129.4684871289837
plain,2|3|4|7|8,1,9>6,135.072,3,0,1550.72
plain,2|3|4|7|8,1,9>3>6>1,1399.824,4,3,8255.103915795375
plain,2|3|4|7|8,1,4>9>4>2,108.864,3,0,1288.64
plain,2|3|4|7|8,1,4>3>1>9,1047.6,4,4,5232.478877324731
plain,2|3|4|7|8,1,3>2>4>3,965.664,7,4,3932.567145399853
plain,2|3|4|7|8,1,1>6>2,661.104,5,3,5054.000614675126
plain,2|3|4|7|8,1,2>4>1>4,1124.208,7,5,5385.176974257967
plain,2|3|4|7|8,1,3>2>6>4,695.808,5,3,5451.738096933236
plain,2|3|4|7|8,1,7>3>2>6,1117.296,2,1,9683.869048466619
plain,2|3|4|7|8,1,9>6>3>4,1014.768,7,3,4481.828677354782
plain,2|3|4|7|8,1,1>4>2>3,1062.432,7,4,4842.457535595601
plain,2|3|4|7|8,1,9>3>1>2,1094.112,4,4,5396.56124082554
plain,2|3|4|7|8,1,3>4>7>1,1506.24,5,4,2381.5994386623615
plain,2|3|4|7|8,1,2>3>6>7,1462.176,5,3,2005.2177258213987
plain,2|3|4|7|8,1,6>9>2>3,708.336,5,2,3079.4317444457056
plain,2|3|4|7|8,1,4>3>4>2,921.5999999999999,7,3,3526.429048466617
plain,2|3|4|7|8,1,1>4>6,655.776,5,2,5003.54542003806
plain,2|3|4|7|8,1,9>2>6>1,669.7439999999999,5,3,2608.554250198991
plain,2|3|4|7|8,1,1>7,767.52,1,1,904.2397193311817
plain,2|3|4|7|8,1,4>2>1>9,1140.9119999999998,7,4,6148.347925791349
plain,2|3|4|7|8,1,4>2>3>7,1186.848,6,3,917.3090484666172
plain,2|3|4|7|8,1,2>1>9>4,1124.928,4,4,5419.67887732473
plain,2|3|4|7|8,1,6>9>6,301.68,3,0,3216.8
plain,2|3|4|7|8,1,4>3>9>1,1345.536,4,4,8338.202415310272
plain,2|3|4|7|8,1,9>3>6>7,1387.728,5,4,1542.1059813756938
plain,2|3|4|7|8,1,3>4>2>4,548.208,5,2,3975.738096933236
plain,2|3|4|7|8,1,6>3>4>9,910.9440000000001,7,3,3436.388677354784
plain,2|3|4|7|8,1,9>1>9>4,1050.48,4,4,4953.118877324729
plain,2|3|4|7|8,1,9>4>2>1,652.896,5,2,2436.188487128982
plain,2|3|4|7|8,1,2>6>9>4,258.62399999999997,3,2,2768.9890484666184
plain,2|3|4|7|8,1,2>6>2>9,231.69599999999997,3,3,2493.677878627551
plain,2|3|4|7|8,1,4>2>9>1,625.248,5,3,2156.260231574689
plain,2|3|4|7|8,1,2>4>3>2,965.664,7,4,3932.567145399853
plain,2|3|4|7|8,1,3>9>2>1,1074.96,7,4,4974.340231574689
plain,2|3|4|7|8,1,4>3>9>7,1202.6879999999999,5,5,2.2737367544323206e-13
plain,2|3|4|7|8,1,2>9>1>7,1345.9679999999998,6,4,2406.302646884955
plain,2|3|4|7|8,1,6>2>4>9,170.784,3,2,1880.6721155575415
plain,2|3|4|7|8,1,9>4>3>2,949.824,7,3,3808.669048466617
plain,2|3|4|7|8,1,2>4>6>9,320.11199999999997,3,1,3383.8690484666186
plain,2|3|4|7|8,1,4>9>2>6,167.472,3,1,1864.803067090923
plain,2|3|4|7|8,1,1>6>3,993.1680000000001,4,3,4200.463157848063
plain,2|3|4|7|8,1,1>3>9>6,725.472,5,2,5693.30542003806
plain,2|3|4|7|8,1,3>9>3>2,1315.872,4,4,7739.86904846662
plain,2|3|4|7|8,1,2>3>1>7,1342.944,3,3,2382.959157993546
plain,2|3|4|7|8,1,1>4>1,1077.5520000000001,4,4,4953.1188773247295
plain,2|3|4|7|8,1,3>9>2>7,932.1120000000001,6,3,891.3890484666192
plain,2|3|4|7|8,1,4>9>6>3,591.264,5,2,1904.825981375696
plain,2|3|4|7|8,1,1>9>7,876.816,3,3,829.1991579935482
plain,2|3|4|7|8,1,4>3>2>6,980.2080000000001,4,3,4112.509048466619
plain,2|3|4|7|8,1,3>4,454.752,2,1,3075.6799999999994
plain,2|3|4|7|8,1,6>9>1,667.44,5,2,2605.3481160171473
plain,2|3|4|7|8,1,9>3>1>7,1268.496,3,3,1916.3991579935464
plain,2|3|4|7|8,1,3>9>6>9,726.336,5,2,5776.985981375697
plain,2|3|4|7|8,1,6>4>2,182.44799999999998,3,2,2007.2290484666182
plain,2|3|4|7|8,1,4>2>4>1,622.08,5,3,2110.777535595602
plain,2|3|4|7|8,1,6>1>6>7,1623.1680000000001,5,5,3459.5521342441407
plain,2|3|4|7|8,1,1>2>9>6,805.824,5,3,6483.460231574689
plain,2|3|4|7|8,1,1>9>4>6,656.496,5,2,5003.545420038061
plain,2|3|4|7|8,1,4>3>4>7,1260.576,5,4,-2.5011104298755527e-12
plain,2|3|4|7|8,1,2>4>3>1,575.424,5,3,1644.2175355956015
plain,2|3|4|7|8,1,4>3>6>3,1319.04,4,3,7503.411962751389
plain,2|3|4|7|8,1,2>4>9>2,152.928,3,1,1712.0290484666186
plain,2|3|4|7|8,1,6>3>1,533.664,2,2,1272.677934419678
plain,2|3|4|7|8,1,9>2>1>7,1417.824,6,3,3128.3109024392525
plain,2|3|4|7|8,1,1>3>4>6,727.3439999999999,5,2,5719.22542003806
plain,2|3|4|7|8,1,9>4>3>1,559.584,5,2,1520.3194386623636
plain,2|3|4|7|8,1,2>6>3>9,910.8,7,4,4001.1948115366304
plain,2|3|4|7|8,1,4>1>2,1121.76,4,4,5395.12124082554
plain,2|3|4|7|8,1,3>9>3>1,925.6320000000001,4,4,4365.759438662366
plain,2|3|4|7|8,1,1>6>9,734.8320000000001,5,2,5786.905420038062
plain,2|3|4|7|8,1,4>2>6>3,532.944,5,3,1301.792115557541
plain,2|3|4|7|8,1,1>2>7,1025.568,3,3,1737.7615214943567
plain,2|3|4|7|8,1,2>4>1>9,1094.112,7,5,5663.096974257968
plain,2|3|4|7|8,1,6>2>1,668.16,5,3,2596.162505753287
plain,2|3|4|7|8,1,7>3>9>6,1116.864,2,2,9682.265981375695
plain,2|3|4|7|8,1,3>2>6>9,726.768,5,3,5761.472115557542
plain,2|3|4|7|8,1,2>4>3>7,1140.048,6,4,432.058096933235
plain,2|3|4|7|8,1,1>4>9>3,972.432,7,4,3969.759438662364
plain,2|3|4|7|8,1,1>2>4>6,746.6399999999999,5,3,5885.017535595601
plain,2|3|4|7|8,1,4>9>3>6,897.5519999999999,7,3,3295.865981375693
plain,2|3|4|7|8,1,4>6>2,199.728,3,1,2187.3630670909233
plain,2|3|4|7|8,1,9>4>3>7,1124.208,6,3,308.16000000000076
plain,2|3|4|7|8,1,1>9>6>2,746.784,5,3,5886.591554219906
plain,2|3|4|7|8,1,3>4>2>9,579.168,5,3,4291.9407929123245
plain,2|3|4|7|8,1,2>4>9>1,578.736,5,3,1677.3375355956014
plain,2|3|4|7|8,1,6>3>9>3,1241.856,4,4,7331.588677354782
plain,2|3|4|7|8,1,1>6>2>4,707.76,5,4,5486.300602686525
plain,2|3|4|7|8,1,6>4>3,555.696,5,3,1541.8119627513918
plain,2|3|4|7|8,1,3>2>3>1,1074.384,4,3,4979.228487128982
plain,2|3|4|7|8,1,1>6>4,703.8720000000001,5,3,5477.171401413758
plain,2|3|4|7|8,1,3>9>4>2,502.272,5,2,3526.429048466618
plain,2|3|4|7|8,1,9>4>9>1,562.896,5,2,1553.4394386623635
plain,2|3|4|7|8,1,1>3>6>2,732.672,5,3,5769.680614675125
plain,2|3|4|7|8,1,7>3>4>6,1118.7359999999999,2,1,9708.185981375693
plain,2|3|4|7|8,1,1>4>6>4,791.424,5,3,6352.6914014137565
plain,2|3|4|7|8,1,4>2>3>6,987.552,7,3,4178.615029842314
plain,2|3|4|7|8,1,6>2>9>3,562.752,5,4,1610.226555982333
plain,2|3|4|7|8,1,6>9>4>3,617.472,5,3,2159.571962751391
plain,2|3|4|7|8,1,6>3>4>3,1299.7440000000001,4,3,7317.785981375698
plain,2|3|4|7|8,1,2>1>6,1143.504,4,4,5622.313919155643
plain,2|3|4|7|8,1,1>9>6>1,1187.424,7,4,6043.773536055208
plain,2|3|4|7|8,1,4>6>3,531.792,5,2,1310.1059813756958
plain,2|3|4|7|8,1,4>3>9>6,979.776,7,4,4110.905981375696
plain,2|3|4|7|8,1,2>9>1>6,1146.672,7,5,5647.097408047056
plain,2|3|4|7|8,1,2>6>4>9,228.096,3,2,2463.7090484666187
plain,2|3|4|7|8,1,6>4>9,166.896,3,1,1861.6259813756953
plain,2|3|4|7|8,1,2>4>2>6,154.656,3,2,1719.3921155575415
plain,2|3|4|7|8,1,9>1>6,1069.056,4,4,5155.753919155645
plain,2|3|4|7|8,1,3>2>9>1,1077.408,7,5,4995.371976020392
plain,2|3|4|7|8,1,3>9>4>1,984.096,7,4,4086.3994386623635
plain,2|3|4|7|8,1,1>6,568.224,2,2,4145.03448049328
plain,2|3|4|7|8,1,6>2>4>3,559.5840000000001,5,4,1550.9411640241601
plain,2|3|4|7|8,1,3>4>3>9,1299.456,4,4,7315.039999999998
plain,2|3|4|7|8,1,9>6>2>3,694.656,5,3,2932.7148115366276
plain,2|3|4|7|8,1,9>4>2>6,138.816,3,1,1578.243067090923
plain,2|3|4|7|8,1,2>4>6>3,578.448,5,3,1749.4980969332366
plain,2|3|4|7|8,1,2>3>1>6,1143.6480000000001,4,4,5623.753919155645
plain,2|3|4|7|8,1,1>9>6>7,1175.328,6,3,3220.9051393692416
plain,2|3|4|7|8,1,4>2>9>6,259.488,3,1,2791.431744445705
plain,2|3|4|7|8,1,4>9>4>6,168.912,3,0,1889.1200000000001
plain,2|3|4|7|8,1,3>9>2>6,560.88,5,3,4102.592115557542
plain,2|3|4|7|8,1,4>3>7,1093.392,3,3,-9.094947017729282e-13
plain,2|3|4|7|8,1,4>1>9,1047.4560000000001,4,4,5231.038877324732
plain,2|3|4|7|8,1,9>4>6>3,562.608,5,2,1618.2659813756957
plain,2|3|4|7|8,1,9>3>1>6,1069.2,4,4,5157.193919155644
plain,2|3|4|7|8,1,1>2>6>1,1187.856,7,5,6046.000053337489
plain,2|3|4|7|8,1,3>2>9>7,934.56,6,4,912.4207929123224
plain,2|3|4|7|8,1,3>9>4>7,841.248,6,3,-4.547473508864641e-13
plain,2|3|4|7|8,1,6>9>1>4,1216.368,7,4,6347.747554679512
plain,2|3|4|7|8,1,1>3>6>7,1161.216,3,3,3103.9941998244612
plain,2|3|4|7|8,1,3>9>6>3,984.672,7,4,4166.3346587304795
plain,2|3|4|7|8,1,4>3>4>6,981.6479999999999,7,3,4136.825981375694
plain,2|3|4|7|8,1,3>2>4>1,1074.24,7,4,4943.286584062218
plain,2|3|4|7|8,1,4>6>9,273.456,3,0,2934.5600000000004
plain,2|3|4|7|8,1,6>3>1>4,1082.592,4,4,5015.077373082046
plain,2|3|4|7|8,1,9>2>1>6,1218.528,7,4,6369.10566360135
plain,2|3|4|7|8,1,1>4>2>1,1171.0079999999998,7,4,5853.1769742579645
plain,2|3|4|7|8,1,1>2>6>7,1175.76,6,4,3229.600334006308
plain,2|3|4|7|8,1,6>9>2>1,816.912,5,2,4090.15118310807
plain,2|3|4|7|8,1,1>6>9>4,765.6480000000001,5,3,6087.731401413758
plain,2|3|4|7|8,1,2>6>1,594.72,5,3,1861.762505753288
plain,2|3|4|7|8,1,1>6>2>9,738.72,5,4,5802.503298665612
plain,2|3|4|7|8,1,2>4>3>6,940.752,7,4,3693.3640783089313
plain,2|3|4|7|8,1,6>2>1>4,1217.088,7,5,6338.561944415651
plain,2|3|4|7|8,1,3>2>4>7,931.392,6,3,874.1380969332351
plain,2|3|4|7|8,1,4>9>6>2,259.2,3,1,2782.083067090923
plain,2|3|4|7|8,1,3>2>6>3,985.104,7,3,4148.103860003247
plain,2|3|4|7|8,1,6>9>3>2,1057.824,7,3,4895.137725821402
plain,2|3|4|7|8,1,1>4>2>7,1028.1599999999999,6,3,1746.5082064601634
plain,2|3|4|7|8,1,9>6>1,668.592,5,2,2616.868116017147
plain,2|3|4|7|8,1,9>4>3>6,924.912,7,3,3569.4659813756953
plain,2|3|4|7|8,1,4>6>2>4,246.38400000000001,3,1,2646.589048466619
plain,2|3|4|7|8,1,1>4>6>9,822.384,5,2,6662.425420038061
plain,2|3|4|7|8,1,4>6>4,242.49599999999998,3,1,2617.6259813756956
plain,2|3|4|7|8,1,3>9>3>6,1290.96,4,4,7500.665981375695
plain,2|3|4|7|8,1,3>6>2,566.928,5,2,4170.27211555754
plain,2|3|4|7|8,1,6>4,135.648,3,1,1549.1459813756956
plain,2|3|4|7|8,1,4>3>6>2,986.976,7,4,4170.27211555754
plain,2|3|4|7|8,1,3>4>2>3,968.2560000000001,7,3,3975.738096933237
plain,2|3|4|7|8,1,6>4>3>4,1010.4480000000001,7,4,4417.491962751392
plain,2|3|4|7|8,1,7>1>9>4,1215.36,2,2,10599.519438662363
plain,2|3|4|7|8,1,6>3>2>7,1356.336,5,3,946.8177258214021
plain,2|3|4|7|8,1,3>4>6,561.6,5,1,4136.825981375695
plain,2|3|4|7|8,1,3>7,673.344,1,1,0.0
plain,2|3|4|7|8,1,4>2>6>2,200.88,3,2,2188.9661341818464
plain,2|3|4|7|8,1,2>6>9>3,620.064,5,3,2186.7948115366275
plain,2|3|4|7|8,1,1>4>3>1,1077.696,4,4,4954.558877324728
plain,2|3|4|7|8,1,4>1,528.624,2,2,1210.7194386623642
plain,2|3|4|7|8,1,2>4>9>6,212.976,3,1,2312.509048466619
plain,2|3|4|7|8,1,1>4>9>2,655.2,5,2,4980.6684871289835
plain,2|3|4|7|8,1,4>9>6>1,699.8399999999999,5,2,2915.54542003806
plain,2|3|4|7|8,1,6>9>3>1,667.5840000000001,5,2,2606.788116017147
plain,2|3|4|7|8,1,9>6>9>3,693.9359999999999,5,2,2945.348677354781
plain,2|3|4|7|8,1,4>9>1>2,1125.216,7,4,5429.681240825539
plain,2|3|4|7|8,1,4>6,106.848,3,0,1268.48
plain,2|3|4|7|8,1,4>3>6>1,1427.616,4,3,8533.023915795373
plain,2|3|4|7|8,1,6>3>9>2,924.624,7,3,3555.9377258214017
plain,2|3|4|7|8,1,4>3>1>2,1121.904,4,4,5396.56124082554
plain,2|3|4|7|8,1,6>9>1>9,1186.272,7,4,6625.667554679513
plain,2|3|4|7|8,1,6>9>3>7,1232.208,6,3,1394.6286773547836
plain,2|3|4|7|8,1,6>4>9>4,197.712,3,1,2169.7859813756954
plain,2|3|4|7|8,1,6>4>2>9,260.06399999999996,3,2,2783.389048466618
plain,2|3|4|7|8,1,2>6>4>3,616.896,5,4,2133.9780969332364
plain,2|3|4|7|8,1,3>6>3,898.992,4,2,3316.7346587304783
plain,2|3|4|7|8,1,4>2>6>1,641.52,5,3,2312.511554219906
plain,2|3|4|7|8,1,6>2>3>1,668.3040000000001,5,3,2597.6025057532884
plain,2|3|4|7|8,1,3>4>1,983.376,4,3,4086.3994386623635
plain,2|3|4|7|8,1,6>2>9>2,245.51999999999998,3,2,2641.834811536628
plain,2|3|4|7|8,1,6>9>4>2,244.224,3,1,2634.9059813756953
plain,2|3|4|7|8,1,9>6>4>3,690.768,5,3,2892.531962751392
plain,2|3|4|7|8,1,4>3>6>7,1415.52,5,4,1542.1059813756956
plain,2|3|4|7|8,1,6>3>1>9,1052.496,4,4,5292.997373082047
plain,2|3|4|7|8,1,1>4>9>1,1081.008,7,4,4980.478877324729
plain,2|3|4|7|8,1,3>9>7,782.64,3,3,1.1368683772161603e-12
plain,2|3|4|7|8,1,3>2>9>6,711.648,5,3,5616.740792912325
plain,2|3|4|7|8,1,3>9>4>6,562.3199999999999,5,2,4136.825981375695
plain,2|3|4|7|8,1,4>1>9>4,1078.2720000000002,4,4,4953.11887732473
plain,2|3|4|7|8,1,6>3>4>2,926.496,7,2,3581.8577258214
plain,2|3|4|7|8,1,2>9>2,152.64,3,1,1722.951744445705
plain,2|3|4|7|8,1,6>2>1>9,1186.992,7,5,6616.481944415654
plain,2|3|4|7|8,1,6>2>3>7,1232.928,6,3,1381.994811536629
plain,2|3|4|7|8,1,6>3>9>1,1350.432,4,4,8379.828396685967
plain,2|3|4|7|8,1,1>4>9>7,938.1600000000001,6,3,856.5591579935472
plain,2|3|4|7|8,1,4>6>9>4,304.272,3,0,3242.72
plain,2|3|4|7|8,1,4>6>2>9,277.344,3,2,2960.074811536628
plain,2|3|4|7|8,1,2>3>2,965.664,4,2,3963.620792912323
plain,2|3|4|7|8,1,6>2>4>2,186.336,3,2,2036.1921155575417
plain,2|3|4|7|8,1,3>6>9,640.656,5,2,4920.1859813756955
plain,2|3|4|7|8,1,4>9>1>7,1299.6,6,3,1949.5191579935472
plain,2|3|4|7|8,1,3>2>7,931.392,3,2,891.3890484666174
plain,2|3|4|7|8,1,2>4>6>2,246.384,3,2,2636.672115557542
plain,2|3|4|7|8,1,3>4>9>3,878.256,7,4,3103.039999999999
plain,2|3|4|7|8,1,6>2>9>1,671.328,5,4,2620.9459946446977
plain,2|3|4|7|8,1,6>9>4>1,726.048,5,3,3170.291401413756
plain,2|3|4|7|8,1,2>6>1>4,1143.6480000000001,7,5,5604.161944415653
plain,2|3|4|7|8,1,3>2>4>6,652.4639999999999,5,2,5018.298096933236
plain,2|3|4|7|8,1,9>3>2,891.2159999999999,4,3,3500.509048466618
plain,2|3|4|7|8,1,6>4>3>9,980.3520000000001,7,5,4695.411962751394
plain,2|3|4|7|8,1,6>3>9>7,1207.584,5,4,55.428677354784895
plain,2|3|4|7|8,1,1>6>2>3,1127.808,7,4,5517.112359120831
plain,2|3|4|7|8,1,1>6>4>9,735.1200000000001,5,3,5782.451401413758
plain,2|3|4|7|8,1,4>3>1>7,1296.288,3,3,1916.3991579935482
plain,2|3|4|7|8,1,1>4>2>6,656.928,5,3,4995.231554219906
plain,2|3|4|7|8,1,9>4>6>2,230.54399999999998,3,1,2495.5230670909227
activated,2|3|4|7|8,1,9>6>1>4,1217.52,7,0,12375.2
activated,2|3|4|7|8,1,6>3>4>1,1408.3200000000002,4,2,12611.36
activated,2|3|4|7|8,1,6>9>2>6,302.832,3,0,3228.3199999999997
activated,2|3|4|7|8,1,3>9>6>2,652.6080000000001,5,1,5036.98904846662
activated,2|3|4|7|8,1,1>4>6>3,1080.72,7,1,6806.72
activated,2|3|4|7|8,1,3>6>2>4,613.584,5,3,4629.498096933236
activated,2|3|4|7|8,1,3>6>4,609.696,5,2,4625.12
activated,2|3|4|7|8,1,4>2>1>7,1389.6,6,0,14096.0
activated,2|3|4|7|8,1,6>3>2>6,985.104,4,1,8361.94904846662
activated,2|3|4|7|8,1,2>1>2>7,1600.848,5,0,16208.48
activated,2|3|4|7|8,1,2>9>3,469.87199999999996,5,1,680.9890484666175
activated,2|3|4|7|8,1,6>2>4>1,668.1600000000001,5,1,6864.349048466619
activated,2|3|4|7|8,1,9>6>2>1,803.232,5,0,8232.32
activated,2|3|4|7|8,1,3>4>6>4,697.248,5,2,5500.64
activated,2|3|4|7|8,1,6>3>4>7,1265.472,5,3,4249.439999999999
activated,2|3|4|7|8,1,2>6>3>2,985.104,7,2,4144.2180969332385
activated,2|3|4|7|8,1,2>4>6>1,687.024,5,1,7052.989048466618
activated,2|3|4|7|8,1,9>1>2>7,1526.3999999999999,5,0,15463.999999999998
activated,2|3|4|7|8,1,4>6>3>9,956.4480000000001,7,1,5564.000000000001
activated,2|3|4|7|8,1,9>6>3>2,1058.976,7,1,9100.669048466621
activated,2|3|4|7|8,1,9>4>6>1,671.184,5,0,6911.84
activated,2|3|4|7|8,1,6>1>2,1126.656,4,0,11466.56
activated,2|3|4|7|8,1,3>9>6>1,1093.248,7,0,11132.48
activated,2|3|4|7|8,1,9>4>1>2,1152.576,7,0,11725.76
activated,2|3|4|7|8,1,6>2>6>3,579.024,5,1,1772.509048466618
activated,2|3|4|7|8,1,1>6>1,1101.7440000000001,4,0,11217.440000000002
activated,2|3|4|7|8,1,2>1>9>2,1169.136,4,0,11891.36
activated,2|3|4|7|8,1,3>6,474.048,2,0,4940.48
activated,2|3|4|7|8,1,9>2>3,541.7280000000001,5,1,1399.5490484666188
activated,2|3|4|7|8,1,9>1>9>2,1094.688,4,0,11146.880000000001
activated,2|3|4|7|8,1,3>6>3>4,1353.744,4,2,12065.599999999999
activated,2|3|4|7|8,1,6>4>2>3,649.152,5,1,2473.7890484666186
activated,2|3|4|7|8,1,2>6>3>1,594.864,5,1,1930.9090484666185
activated,2|3|4|7|8,1,3>9>6>7,1081.152,6,1,4078.08
activated,2|3|4|7|8,1,2>6>9>2,302.832,3,0,3228.3199999999997
activated,2|3|4|7|8,1,3>2>6>1,1093.6799999999998,7,1,9447.709048466619
activated,2|3|4|7|8,1,2>3>9,891.36,4,1,4895.869048466619
activated,2|3|4|7|8,1,9>6>3>1,668.7360000000001,5,0,6887.360000000001
activated,2|3|4|7|8,1,2>1>4>2,1171.008,4,0,11910.08
activated,2|3|4|7|8,1,2>6>1>9,1113.5520000000001,7,0,11335.52
activated,2|3|4|7|8,1,2>6>3>7,1159.488,6,2,643.7090484666187
activated,2|3|4|7|8,1,1>6>9>3,1127.0880000000002,7,0,11470.880000000001
activated,2|3|4|7|8,1,1>4>9>6,715.248,5,0,7352.4800000000005
activated,2|3|4|7|8,1,3>4>2>1,1076.8319999999999,7,2,9279.229048466617
activated,2|3|4|7|8,1,2>9>4,108.432,3,0,1284.3200000000002
activated,2|3|4|7|8,1,4>1>6,1096.848,4,0,11168.48
activated,2|3|4|7|8,1,9>1>4>2,1096.56,4,0,11165.599999999999
activated,2|3|4|7|8,1,2>4>1>7,1342.8,6,1,13610.749048466618
activated,2|3|4|7|8,1,3>2>6>7,1081.5839999999998,6,2,2393.3090484666172
activated,2|3|4|7|8,1,9>6>3>7,1233.3600000000001,6,1,5600.160000000002
activated,2|3|4|7|8,1,2>6>4>2,243.64800000000002,3,0,2636.4800000000005
activated,2|3|4|7|8,1,4>6>2>3,666.432,5,1,2646.589048466618
activated,2|3|4|7|8,1,4>9>1>6,1100.304,7,0,11203.04
activated,2|3|4|7|8,1,4>6>4>9,273.74399999999997,3,0,2937.4399999999996
activated,2|3|4|7|8,1,3>6>9>4,671.472,5,2,5242.879999999999
activated,2|3|4|7|8,1,3>6>2>9,644.544,5,1,4956.349048466619
activated,2|3|4|7|8,1,9>4>1>7,1326.96,6,0,13469.6
activated,2|3|4|7|8,1,2>6>9>1,728.64,5,0,7486.4
activated,2|3|4|7|8,1,2>3>4,921.456,4,3,3524.9890484666175
activated,2|3|4|7|8,1,9>6>4>2,317.52000000000004,3,0,3375.2000000000003
activated,2|3|4|7|8,1,2>1>9>7,1452.096,5,0,14720.96
activated,2|3|4|7|8,1,9>3>2>4,937.8719999999998,7,3,7872.378096933233
activated,2|3|4|7|8,1,3>4>2>7,933.984,6,3,917.3090484666184
activated,2|3|4|7|8,1,4>3>1>6,1096.9920000000002,4,1,6969.440000000001
activated,2|3|4|7|8,1,9>6>9>1,802.512,5,0,8225.119999999999
activated,2|3|4|7|8,1,1>4>7,934.704,3,0,9547.039999999999
activated,2|3|4|7|8,1,9>3>4,847.008,4,2,6998.239999999999
activated,2|3|4|7|8,1,6>4>1,664.272,5,0,6842.72
activated,2|3|4|7|8,1,3>4>6>9,728.2080000000001,5,2,5810.240000000001
activated,2|3|4|7|8,1,1>6>4>3,1123.92,7,1,7238.72
activated,2|3|4|7|8,1,9>1>9>7,1377.648,5,0,13976.48
activated,2|3|4|7|8,1,6>2>9>6,305.568,3,0,3255.68
activated,2|3|4|7|8,1,6>9>4>6,304.272,3,0,3242.72
activated,2|3|4|7|8,1,4>2>1>6,1190.304,7,0,12103.04
activated,2|3|4|7|8,1,2>9,77.616,3,0,976.16
activated,2|3|4|7|8,1,9>2>4,121.68,3,1,1399.5490484666188
activated,2|3|4|7|8,1,6>3>7,1098.288,3,1,4249.4400000000005
activated,2|3|4|7|8,1,6>1>9,1052.3519999999999,4,0,10723.519999999999
activated,2|3|4|7|8,1,2>1>2>6,1229.616,4,0,12496.16
activated,2|3|4|7|8,1,2>6>4>1,725.472,5,0,7454.719999999999
activated,2|3|4|7|8,1,2>9>3>4,924.624,7,3,3556.669048466618
activated,2|3|4|7|8,1,2>1>4>7,1509.9840000000002,5,0,15299.840000000002
activated,2|3|4|7|8,1,3>4>3>1,983.52,4,3,4162.88
activated,2|3|4|7|8,1,9>1>2>6,1155.168,4,0,11751.679999999998
activated,2|3|4|7|8,1,3>4>9>2,561.024,5,2,4121.149048466618
activated,2|3|4|7|8,1,1>9>2,593.856,5,0,6138.5599999999995
activated,2|3|4|7|8,1,2>3,466.704,2,1,649.3090484666182
activated,2|3|4|7|8,1,9>6>4>1,799.344,5,0,8193.44
activated,2|3|4|7|8,1,9>1>4>7,1435.536,5,0,14555.36
activated,2|3|4|7|8,1,4>6>1,640.3679999999999,5,0,6603.679999999999
activated,2|3|4|7|8,1,6>4>9>3,559.1519999999999,5,1,1591.039999999999
activated,2|3|4|7|8,1,3>6>3>9,1323.648,4,0,13436.48
activated,2|3|4|7|8,1,9>3,392.256,2,0,4122.5599999999995
activated,2|3|4|7|8,1,1>3>2,664.704,2,1,5157.9490484666185
activated,2|3|4|7|8,1,6>1>4,1082.4479999999999,4,0,11024.48
activated,2|3|4|7|8,1,1>4>6>2,748.656,5,0,7686.5599999999995
activated,2|3|4|7|8,1,9>2,75.024,3,0,950.24
activated,2|3|4|7|8,1,9>2>3>4,996.48,7,3,4275.229048466617
activated,2|3|4|7|8,1,3>4>9>1,986.832,7,2,8396.48
activated,2|3|4|7|8,1,6>3>6>2,991.872,7,1,8429.629048466619
activated,2|3|4|7|8,1,1>6>2>1,1236.384,7,0,12563.84
activated,2|3|4|7|8,1,4>6>9>3,665.712,5,1,2656.6399999999994
activated,2|3|4|7|8,1,2>3>9>4,922.176,7,3,3532.1890484666183
activated,2|3|4|7|8,1,2>3>2>9,1043.28,4,2,4725.978096933237
activated,2|3|4|7|8,1,1>9>3,911.088,4,0,9310.88
activated,2|3|4|7|8,1,2>6>3>6,960.192,7,1,5584.189048466618
activated,2|3|4|7|8,1,1>4>6>1,1189.2959999999998,7,0,12092.96
activated,2|3|4|7|8,1,9>3>9>4,847.7280000000001,7,2,7005.44
activated,2|3|4|7|8,1,3>4>9>7,843.9839999999999,6,3,34.55999999999972
activated,2|3|4|7|8,1,6>1,533.52,2,0,5535.2
activated,2|3|4|7|8,1,2>4>1>6,1143.504,7,1,11617.789048466617
activated,2|3|4|7|8,1,1>6>2>7,1093.536,6,0,11135.36
activated,2|3|4|7|8,1,6>9>1>2,1260.576,7,0,12805.76
activated,2|3|4|7|8,1,9>4>1>6,1127.6640000000002,7,0,11476.640000000003
activated,2|3|4|7|8,1,4>6>4>3,662.544,5,1,2624.959999999999
activated,2|3|4|7|8,1,3>6>2>3,1033.632,7,2,4629.498096933237
activated,2|3|4|7|8,1,1>4>6>7,1177.1999999999998,6,0,11971.999999999998
activated,2|3|4|7|8,1,3>6>4>9,640.9440000000001,5,2,4937.6
activated,2|3|4|7|8,1,2>1>9>6,1229.1840000000002,4,0,12491.840000000002
activated,2|3|4|7|8,1,1>2>3,1059.84,4,1,6580.669048466618
activated,2|3|4|7|8,1,3>4>2>6,562.7520000000001,5,2,4138.429048466619
activated,2|3|4|7|8,1,6>3>1>2,1126.8,4,1,9778.90904846662
activated,2|3|4|7|8,1,2>9>3>9,894.528,7,1,4927.549048466619
activated,2|3|4|7|8,1,6>4>1>4,1213.2,7,0,12332.0
activated,2|3|4|7|8,1,9>1>9>6,1154.7359999999999,4,0,11747.359999999999
activated,2|3|4|7|8,1,3>4>6>3,986.5440000000001,7,3,4193.12
activated,2|3|4|7|8,1,6>2>6>1,687.5999999999999,5,0,7075.999999999999
activated,2|3|4|7|8,1,1>6>3>1,1101.8880000000001,4,0,11218.880000000001
activated,2|3|4|7|8,1,1>6>9>2,809.8560000000001,5,0,8298.560000000001
activated,2|3|4|7|8,1,6>3>6>7,1420.416,5,1,7470.719999999999
activated,2|3|4|7|8,1,4>9>2,106.272,3,0,1262.72
activated,2|3|4|7|8,1,2>1>7,1342.8,3,0,13628.0
activated,2|3|4|7|8,1,1>3>9,590.4,2,0,6104.0
activated,2|3|4|7|8,1,6>1>9>4,1083.168,4,0,11031.679999999998
activated,2|3|4|7|8,1,6>4>2>1,757.728,5,0,7777.28
activated,2|3|4|7|8,1,2>1>4>6,1231.056,4,0,12510.560000000001
activated,2|3|4|7|8,1,9>1>7,1268.3519999999999,3,0,12883.519999999999
activated,2|3|4|7|8,1,4>3>2,919.008,4,2,3500.509048466619
activated,2|3|4|7|8,1,1>9>2>4,640.512,5,1,6587.869048466618
activated,2|3|4|7|8,1,9>1>4>6,1156.608,4,0,11766.08
activated,2|3|4|7|8,1,1>2>9,670.752,5,0,6907.5199999999995
activated,2|3|4|7|8,1,1>9>4,549.648,5,0,5696.4800000000005
activated,2|3|4|7|8,1,6>4>3>2,1054.656,7,2,4856.989048466618
activated,2|3|4|7|8,1,7>1>9>2,1259.5679999999998,2,0,12795.679999999997
activated,2|3|4|7|8,1,1>6>4>2,750.672,5,0,7706.72
activated,2|3|4|7|8,1,6>9>1>7,1434.96,6,0,14549.6
activated,2|3|4|7|8,1,1>3>2>4,711.3599999999999,5,3,5607.258096933236
activated,2|3|4|7|8,1,3>6>1,1007.568,4,0,10275.68
activated,2|3|4|7|8,1,3>4>3>6,1348.848,4,3,7816.159999999999
activated,2|3|4|7|8,1,1>6>9>1,1235.6640000000002,7,0,12556.640000000003
activated,2|3|4|7|8,1,1>3>4,620.496,2,2,4733.12
activated,2|3|4|7|8,1,6>3>1>7,1301.184,3,1,6278.4
activated,2|3|4|7|8,1,4>6>2>1,775.008,5,0,7950.08
activated,2|3|4|7|8,1,4>1>2>7,1554.192,5,0,15741.92
activated,2|3|4|7|8,1,1>2>4,639.7919999999999,5,1,6580.669048466618
activated,2|3|4|7|8,1,4>9>3,423.50399999999996,5,1,234.5599999999995
activated,2|3|4|7|8,1,7>1>4>2,1261.4399999999998,2,0,12814.399999999998
activated,2|3|4|7|8,1,1>6>9>7,1092.816,6,0,11128.16
activated,2|3|4|7|8,1,6>2>1>7,1435.6799999999998,6,0,14556.8
activated,2|3|4|7|8,1,4>6>3>2,1030.752,7,2,4617.949048466619
activated,2|3|4|7|8,1,1>9,518.832,2,0,5388.32
activated,2|3|4|7|8,1,6>4>3>1,664.416,5,1,2643.6800000000003
activated,2|3|4|7|8,1,2>9>6,212.688,3,0,2326.88
activated,2|3|4|7|8,1,6>4>9>2,241.92,3,0,2619.2
activated,2|3|4|7|8,1,1>6>4>1,1232.496,7,0,12524.960000000001
activated,2|3|4|7|8,1,3>6>9>3,1032.9119999999998,7,0,10529.119999999999
activated,2|3|4|7|8,1,2>3>4>9,952.7040000000001,4,3,3837.469048466619
activated,2|3|4|7|8,1,3>4>9>6,621.072,5,2,4738.88
activated,2|3|4|7|8,1,2>3>6,940.752,4,1,5389.789048466619
activated,2|3|4|7|8,1,9>3>2>3,1357.9199999999998,4,2,7872.3780969332365
activated,2|3|4|7|8,1,1>6>2>6,722.3040000000001,5,0,7423.040000000001
activated,2|3|4|7|8,1,6>4>1>9,1183.104,7,0,12031.04
activated,2|3|4|7|8,1,6>4>3>7,1229.04,6,2,1356.4799999999977
activated,2|3|4|7|8,1,4>2>3,513.504,5,1,1117.3090484666182
activated,2|3|4|7|8,1,4>1>9>2,1122.48,4,0,11424.8
activated,2|3|4|7|8,1,1>6>4>7,1089.6480000000001,6,0,11096.480000000001
activated,2|3|4|7|8,1,9>3>6,866.304,4,0,8863.039999999999
activated,2|3|4|7|8,1,1>2,593.136,2,0,6131.36
activated,2|3|4|7|8,1,3>4>7,840.528,3,3,2.2737367544323206e-13
activated,2|3|4|7|8,1,4>6>3>1,640.5120000000001,5,1,2404.6400000000003
activated,2|3|4|7|8,1,4>6>9>2,348.48,3,0,3684.8
activated,2|3|4|7|8,1,3>6>4>3,1029.7440000000001,7,3,4625.120000000002
activated,2|3|4|7|8,1,6>4>9>1,667.728,5,0,6877.28
activated,2|3|4|7|8,1,9>2>6,136.224,3,0,1562.2399999999998
activated,2|3|4|7|8,1,7>1>2>6,1320.048,2,0,13400.48
activated,2|3|4|7|8,1,4>3>9,844.704,4,1,4446.559999999999
activated,2|3|4|7|8,1,2>9>1,578.448,5,0,5984.48
activated,2|3|4|7|8,1,1>9>2>9,671.472,5,0,6914.719999999999
activated,2|3|4|7|8,1,2>4>2,93.45599999999999,3,1,1117.3090484666186
activated,2|3|4|7|8,1,2>1>6>7,1664.9279999999999,5,0,16849.28
activated,2|3|4|7|8,1,4>1>4>2,1124.352,4,0,11443.52
activated,2|3|4|7|8,1,4>6>1>9,1159.1999999999998,7,0,11791.999999999998
activated,2|3|4|7|8,1,4>6>3>7,1205.136,6,2,1117.4399999999996
activated,2|3|4|7|8,1,9>4>2,77.616,3,0,976.16
activated,2|3|4|7|8,1,1>3>9>4,621.216,5,2,4740.32
activated,2|3|4|7|8,1,2>3>1,575.424,2,1,1736.509048466618
activated,2|3|4|7|8,1,1>3>2>9,742.3199999999999,5,1,5934.109048466618
activated,2|3|4|7|8,1,9>1>6>7,1590.48,5,0,16104.8
activated,2|3|4|7|8,1,9>6>1>2,1261.728,7,0,12817.28
activated,2|3|4|7|8,1,4>2>9,124.416,3,0,1444.1599999999999
activated,2|3|4|7|8,1,4>9>4,62.064,3,0,820.6399999999999
activated,2|3|4|7|8,1,3>9>2,499.68,5,1,3507.7090484666205
activated,2|3|4|7|8,1,9>3>1,500.976,2,0,5209.76
activated,2|3|4|7|8,1,4>3>2>4,965.664,4,3,3967.0690484666175
activated,2|3|4|7|8,1,4>6>9>1,774.288,5,0,7942.88
activated,2|3|4|7|8,1,1>2>9>4,701.568,5,0,7215.68
activated,2|3|4|7|8,1,4>1>9>7,1405.44,5,0,14254.400000000001
activated,2|3|4|7|8,1,6>4>2>6,243.64799999999997,3,0,2636.4799999999996
activated,2|3|4|7|8,1,3>4>6>2,654.48,5,2,5055.709048466619
activated,2|3|4|7|8,1,9>2>1,650.304,5,0,6703.04
activated,2|3|4|7|8,1,6>3>1>6,1101.888,4,0,11218.88
activated,2|3|4|7|8,1,2>3>9>3,1283.616,4,1,8818.429048466618
activated,2|3|4|7|8,1,2>4>3,466.704,5,2,632.0580969332368
activated,2|3|4|7|8,1,4>9,31.248,3,0,512.48
activated,2|3|4|7|8,1,7>3>9>4,1012.608,2,2,8654.24
activated,2|3|4|7|8,1,4>1>2>6,1182.96,4,0,12029.6
activated,2|3|4|7|8,1,4>6>4>1,771.12,5,0,7911.2
activated,2|3|4|7|8,1,3>6>2>1,1142.208,7,1,9932.989048466621
activated,2|3|4|7|8,1,9>4>3,450.864,5,1,508.15999999999894
activated,2|3|4|7|8,1,2>6>1>7,1362.24,6,0,13822.4
activated,2|3|4|7|8,1,4>1>4>7,1463.3280000000002,5,0,14833.280000000002
activated,2|3|4|7|8,1,2>9>4>3,528.48,5,1,1267.0690484666184
activated,2|3|4|7|8,1,4>3,420.048,2,1,199.9999999999991
activated,2|3|4|7|8,1,3>9>3,816.912,4,0,8369.12
activated,2|3|4|7|8,1,2>9>6>4,348.336,3,0,3683.36
activated,2|3|4|7|8,1,9>6>1>7,1436.112,6,0,14561.12
activated,2|3|4|7|8,1,3>4>6>1,1095.12,7,2,9479.359999999999
activated,2|3|4|7|8,1,9>2>9>3,544.896,5,1,1431.2290484666173
activated,2|3|4|7|8,1,3>6>2>7,999.36,6,2,1571.0690484666195
activated,2|3|4|7|8,1,1>6>7,1089.6480000000001,3,0,11096.480000000001
activated,2|3|4|7|8,1,4>2,46.8,3,0,668.0
activated,2|3|4|7|8,1,7>1>9>6,1319.616,2,0,13396.16
activated,2|3|4|7|8,1,9>3>4>3,1267.056,4,3,6998.240000000001
activated,2|3|4|7|8,1,2>4>9,77.904,3,1,961.7890484666185
activated,2|3|4|7|8,1,9>3>6>4,1001.952,7,2,8547.68
activated,2|3|4|7|8,1,3>4>6>7,1083.024,6,3,2424.9599999999973
activated,2|3|4|7|8,1,9>2>4>3,541.7280000000001,5,2,1382.2980969332375
activated,2|3|4|7|8,1,9>2>6>4,271.87199999999996,3,0,2918.7199999999993
activated,2|3|4|7|8,1,3>6>3>1,1007.712,4,0,10277.119999999999
activated,2|3|4|7|8,1,3>6>9>2,715.68,5,1,5667.709048466619
activated,2|3|4|7|8,1,4>3>2>9,996.624,4,2,4276.669048466619
activated,2|3|4|7|8,1,2>9>1>4,1127.376,7,0,11473.76
activated,2|3|4|7|8,1,7>1>4>6,1321.4879999999998,2,0,13414.879999999997
activated,2|3|4|7|8,1,1>9>2>3,1060.56,7,1,6587.869048466617
activated,2|3|4|7|8,1,1>9>4>9,580.8960000000001,5,0,6008.960000000001
activated,2|3|4|7|8,1,6>4>9>6,301.96799999999996,3,0,3219.6799999999994
activated,2|3|4|7|8,1,1>9>6,653.904,5,0,6739.04
activated,2|3|4|7|8,1,9>4>2>4,124.27199999999999,3,1,1425.4690484666185
activated,2|3|4|7|8,1,2>3>1>4,1124.3519999999999,4,3,5553.949048466617
activated,2|3|4|7|8,1,1>3>2>3,1131.408,4,2,5607.258096933236
activated,2|3|4|7|8,1,3>9>2>4,546.336,5,3,3957.0180969332378
activated,2|3|4|7|8,1,1>3>4>9,651.744,5,2,5045.6
activated,2|3|4|7|8,1,3>2>9,576.576,5,1,4276.66904846662
activated,2|3|4|7|8,1,3>9>4,455.472,5,2,3082.879999999999
activated,2|3|4|7|8,1,9>3>1>4,1049.904,4,2,9027.2
activated,2|3|4|7|8,1,1>3>6,639.792,2,0,6597.92
activated,2|3|4|7|8,1,3>6>4>2,656.496,5,2,5075.869048466619
activated,2|3|4|7|8,1,4>1>9>6,1182.5280000000002,4,0,12025.280000000002
activated,2|3|4|7|8,1,2>9>3>2,968.8319999999999,7,2,3981.4980969332373
activated,2|3|4|7|8,1,3>6>9>1,1141.4879999999998,7,0,11614.879999999997
activated,2|3|4|7|8,1,1>2>4>9,671.04,5,1,6893.149048466618
activated,2|3|4|7|8,1,3>2>7>1,1597.104,5,2,7548.50904846662
activated,2|3|4|7|8,1,4>9>3>9,848.16,7,1,4481.12
activated,2|3|4|7|8,1,9>2>1>4,1199.232,7,0,12192.32
activated,2|3|4|7|8,1,1>2>6,654.336,5,0,6743.360000000001
activated,2|3|4|7|8,1,9>3>2>1,1466.4959999999999,4,1,13175.869048466619
activated,2|3|4|7|8,1,2>4,46.656,3,1,649.3090484666186
activated,2|3|4|7|8,1,3>2>4,545.616,5,3,3949.818096933237
activated,2|3|4|7|8,1,2>4>3>4,921.456,7,4,3507.7380969332353
activated,2|3|4|7|8,1,2>3>2>7,1398.096,5,3,1340.6980969332365
activated,2|3|4|7|8,1,4>1>7,1296.144,3,0,13161.44
activated,2|3|4|7|8,1,9>4,30.816,3,0,508.16
activated,2|3|4|7|8,1,3>6>9>7,998.6399999999999,6,1,3252.9599999999973
activated,2|3|4|7|8,1,1>9>1,1019.664,4,0,10396.64
activated,2|3|4|7|8,1,1>4>2,595.728,5,0,6157.28
activated,2|3|4|7|8,1,2>3>6>9,1107.36,4,1,7055.869048466617
activated,2|3|4|7|8,1,2>6>1>6,1162.944,7,0,11829.439999999999
activated,2|3|4|7|8,1,3>9,424.656,2,0,4446.56
activated,2|3|4|7|8,1,4>1>4>6,1184.4,4,0,12044.0
activated,2|3|4|7|8,1,6>9>2,241.632,3,0,2616.32
activated,2|3|4|7|8,1,9>3>2>7,1323.648,5,2,4813.9490484666185
activated,2|3|4|7|8,1,3>6>4>1,1138.3200000000002,7,2,9911.36
activated,2|3|4|7|8,1,4>2>3>9,938.1600000000001,7,1,5363.869048466619
activated,2|3|4|7|8,1,3>9>3>4,1271.664,4,2,11244.8
activated,2|3|4|7|8,1,2>9>3>1,578.592,5,1,1768.1890484666183
activated,2|3|4|7|8,1,6>3>2,923.904,4,1,7749.94904846662
activated,2|3|4|7|8,1,3>6>2>6,628.128,5,1,4792.18904846662
activated,2|3|4|7|8,1,3>6>4>7,995.472,6,3,1549.439999999999
activated,2|3|4|7|8,1,2>3>9>2,966.384,7,2,3957.0180969332378
activated,2|3|4|7|8,1,1>2>1,1168.416,4,0,11884.16
activated,2|3|4|7|8,1,2>9>1>9,1097.28,7,0,11172.8
activated,2|3|4|7|8,1,3>2,498.96,2,1,3500.50904846662
activated,2|3|4|7|8,1,2>9>3>7,1143.216,6,2,480.98904846661753
activated,2|3|4|7|8,1,2>4>9>4,108.72,3,1,1269.9490484666187
activated,2|3|4|7|8,1,9>3>9>2,891.936,7,1,7430.26904846662
activated,2|3|4|7|8,1,2>9>4>2,155.232,3,0,1752.32
activated,2|3|4|7|8,1,2>3>1>9,1094.2559999999999,4,1,6924.829048466616
activated,2|3|4|7|8,1,4>9>2>3,572.976,5,1,1712.0290484666184
activated,2|3|4|7|8,1,1>3>9>3,982.656,4,0,10026.56
activated,2|3|4|7|8,1,3>9>2>9,577.296,5,1,4283.86904846662
activated,2|3|4|7|8,1,1>4>3,968.976,4,1,5689.28
activated,2|3|4|7|8,1,9>2>3>1,650.4480000000001,5,1,2486.7490484666196
activated,2|3|4|7|8,1,6>1>2>7,1559.088,5,0,15790.88
activated,2|3|4|7|8,1,4>9>6,166.32,3,0,1863.1999999999998
activated,2|3|4|7|8,1,9>3>1>9,1019.808,4,0,10398.08
activated,2|3|4|7|8,1,6>9>3,558.864,5,0,5788.64
activated,2|3|4|7|8,1,2>3>4>2,968.256,4,3,3975.738096933236
activated,2|3|4|7|8,1,1>2>9>3,1063.0079999999998,7,1,6612.349048466616
activated,2|3|4|7|8,1,1>9>4>3,969.696,7,1,5696.4800000000005
activated,2|3|4|7|8,1,2>3>9>1,1392.192,4,1,9904.189048466618
activated,2|3|4|7|8,1,4>3>6,894.096,4,1,4940.479999999999
activated,2|3|4|7|8,1,9>3>4>2,893.808,7,2,7448.9890484666175
activated,2|3|4|7|8,1,1>9>6>4,789.552,5,0,8095.52
activated,2|3|4|7|8,1,6>4>1>2,1257.408,7,0,12774.079999999998
activated,2|3|4|7|8,1,9>2>3>7,1215.0720000000001,6,2,1199.5490484666188
activated,2|3|4|7|8,1,4>2>4>9,124.704,3,1,1429.7890484666186
activated,2|3|4|7|8,1,1>3>4>3,1040.5439999999999,4,3,4733.119999999998
activated,2|3|4|7|8,1,3>2>9>4,607.392,5,2,4584.829048466619
activated,2|3|4|7|8,1,2>9>4>1,637.056,5,0,6570.56
activated,2|3|4|7|8,1,1>3>6>4,775.44,5,2,6282.56
activated,2|3|4|7|8,1,4>2>6,108.0,3,0,1280.0
activated,2|3|4|7|8,1,2>4>3>9,891.36,7,2,4878.618096933236
activated,2|3|4|7|8,1,6>1>9>2,1127.3759999999997,4,0,11473.759999999998
activated,2|3|4|7|8,1,6>2>3,559.5840000000001,5,1,1578.1090484666183
activated,2|3|4|7|8,1,2>3>9>7,1249.344,5,2,1542.2690484666182
activated,2|3|4|7|8,1,1>4>9,580.176,5,0,6001.76
activated,2|3|4|7|8,1,9>2>9>1,653.472,5,0,6734.719999999999
activated,2|3|4|7|8,1,1>2>4>3,1059.84,7,2,6563.418096933236
activated,2|3|4|7|8,1,2>9>2>6,213.83999999999997,3,0,2338.3999999999996
activated,2|3|4|7|8,1,9>3>9>7,1174.896,5,1,5015.519999999999
activated,2|3|4|7|8,1,1>2>6>4,789.984,5,0,8099.84
activated,2|3|4|7|8,1,4>9>1,532.08,5,0,5520.8
activated,2|3|4|7|8,1,4>1>6>7,1618.272,5,0,16382.72
activated,2|3|4|7|8,1,4>6>1>2,1233.504,7,0,12535.039999999999
activated,2|3|4|7|8,1,9>3>4>1,1375.632,4,2,12284.48
activated,2|3|4|7|8,1,2>9>6>3,637.6320000000001,5,1,2358.589048466619
activated,2|3|4|7|8,1,6>3>9,849.6,4,0,8696.0
activated,2|3|4|7|8,1,2>3>2>6,1026.864,4,2,4561.818096933237
activated,2|3|4|7|8,1,4>3>1,528.768,2,1,1287.1999999999998
activated,2|3|4|7|8,1,1>4>2>4,642.3839999999999,5,1,6606.589048466618
activated,2|3|4|7|8,1,6>1>4>2,1129.2479999999998,4,0,11492.479999999998
activated,2|3|4|7|8,1,2>3>4>7,1307.232,5,4,449.30904846661747
activated,2|3|4|7|8,1,9>3>2>6,952.4159999999999,7,1,8035.069048466619
activated,2|3|4|7|8,1,6>9>2>4,288.288,3,1,3065.6290484666188
activated,2|3|4|7|8,1,9>2>4>1,650.3040000000001,5,1,6685.7890484666195
activated,2|3|4|7|8,1,6>2>9,170.49599999999998,3,0,1904.9599999999998
activated,2|3|4|7|8,1,6>9>4,197.424,3,0,2174.2400000000002
activated,2|3|4|7|8,1,9>3>4>7,1232.784,5,3,3922.5599999999995
activated,2|3|4|7|8,1,6>4>1>7,1431.792,6,0,14517.919999999998
activated,2|3|4|7|8,1,4>2>1,622.0799999999999,5,0,6420.799999999999
activated,2|3|4|7|8,1,9>3>6>3,1291.248,4,0,13112.48
activated,2|3|4|7|8,1,3>6>7,995.472,3,1,3221.279999999999
activated,2|3|4|7|8,1,1>9>2>1,1169.136,7,0,11891.36
activated,2|3|4|7|8,1,6>3>2>4,970.56,4,2,8216.509048466616
activated,2|3|4|7|8,1,6>3>4,879.696,4,2,7325.12
activated,2|3|4|7|8,1,9>1>2,1093.9679999999998,4,0,11139.679999999998
activated,2|3|4|7|8,1,6>1>9>7,1410.3359999999998,5,0,14303.359999999997
activated,2|3|4|7|8,1,9>2>6>3,561.168,5,1,1593.9490484666185
activated,2|3|4|7|8,1,2>9>3>6,943.92,7,1,5421.469048466617
activated,2|3|4|7|8,1,2>6>2,154.07999999999998,3,0,1740.7999999999997
activated,2|3|4|7|8,1,4>3>9>3,1236.96,4,1,8369.119999999999
activated,2|3|4|7|8,1,1>9>2>7,1026.288,6,0,10462.880000000001
activated,2|3|4|7|8,1,6>2>4,139.536,3,1,1578.1090484666188
activated,2|3|4|7|8,1,9>6>2,227.952,3,0,2479.52
activated,2|3|4|7|8,1,1>4,548.928,2,0,5689.28
activated,2|3|4|7|8,1,1>9>6>9,820.512,5,0,8405.119999999999
activated,2|3|4|7|8,1,2>4>6,153.504,3,1,1717.7890484666186
activated,2|3|4|7|8,1,4>6>1>7,1407.888,6,0,14278.88
activated,2|3|4|7|8,1,9>4>2>3,544.32,5,1,1425.469048466619
activated,2|3|4|7|8,1,6>9,166.608,3,0,1866.08
activated,2|3|4|7|8,1,4>2>9>3,516.672,5,1,1148.9890484666184
activated,2|3|4|7|8,1,6>1>2>6,1187.856,4,0,12078.56
activated,2|3|4|7|8,1,1>3>2>7,1097.136,3,2,2548.8290484666195
activated,2|3|4|7|8,1,3>9>2>3,966.384,7,2,3957.0180969332378
activated,2|3|4|7|8,1,4>9>6>4,301.96799999999996,3,0,3219.6799999999994
activated,2|3|4|7|8,1,3>9>4>9,486.71999999999997,5,2,3395.3599999999997
activated,2|3|4|7|8,1,9>4>6,137.664,3,0,1576.6399999999999
activated,2|3|4|7|8,1,6>9>3>4,1013.616,7,2,8664.32
activated,2|3|4|7|8,1,1>3>6>9,806.4000000000001,5,0,8264.0
activated,2|3|4|7|8,1,6>1>4>7,1468.224,5,0,14882.24
activated,2|3|4|7|8,1,3>9>6,559.7280000000001,5,0,5797.280000000001
activated,2|3|4|7|8,1,6>3,424.944,2,0,4449.4400000000005
activated,2|3|4|7|8,1,1>9>3>1,1019.808,4,0,10398.08
activated,2|3|4|7|8,1,9>2>3>6,1015.7760000000001,7,1,6140.029048466618
activated,2|3|4|7|8,1,1>2>6>9,820.944,5,0,8409.439999999999
activated,2|3|4|7|8,1,6>2,92.88,3,0,1128.8
activated,2|3|4|7|8,1,4>2>4>3,513.504,5,2,1100.0580969332368
activated,2|3|4|7|8,1,2>6>3,486.144,5,1,843.7090484666187
activated,2|3|4|7|8,1,2>3>9>6,1026.432,7,1,6246.589048466618
activated,2|3|4|7|8,1,1>3>9>2,665.424,5,1,5165.149048466619
activated,2|3|4|7|8,1,4>2>6>4,243.648,3,0,2636.4800000000005
activated,2|3|4|7|8,1,3>2>4>9,576.864,5,3,4262.2980969332375
activated,2|3|4|7|8,1,6>2>3>4,1014.336,7,3,4453.789048466619
activated,2|3|4|7|8,1,2>4>1,575.28,5,1,5935.549048466618
activated,2|3|4|7|8,1,1>4>2>9,673.3439999999999,5,0,6933.44
activated,2|3|4|7|8,1,3>2>6,560.16,5,1,4112.509048466619
activated,2|3|4|7|8,1,9>6>3,560.0160000000001,5,0,5800.160000000001
activated,2|3|4|7|8,1,9>3>9>6,951.984,7,0,9719.84
activated,2|3|4|7|8,1,1>2>3>1,1168.56,4,1,7667.869048466617
activated,2|3|4|7|8,1,2>9>4>6,215.28,3,0,2352.8
activated,2|3|4|7|8,1,9>4>1,559.44,5,0,5794.400000000001
activated,2|3|4|7|8,1,1>9>4>2,596.448,5,0,6164.48
activated,2|3|4|7|8,1,3>9>1,925.488,4,0,9454.880000000001
activated,2|3|4|7|8,1,2>3>7,1140.048,3,2,449.30904846661724
activated,2|3|4|7|8,1,2>1>9,1094.112,4,0,11141.12
activated,2|3|4|7|8,1,3>4>2,501.552,5,2,3526.429048466619
activated,2|3|4|7|8,1,6>3>9>4,880.416,7,2,7332.319999999999
activated,2|3|4|7|8,1,6>3>2>9,1001.52,4,1,8526.10904846662
activated,2|3|4|7|8,1,4>3>1>4,1077.696,4,3,5104.6399999999985
activated,2|3|4|7|8,1,2>3>4>6,1028.304,4,3,4593.469048466619
activated,2|3|4|7|8,1,1>3>4>2,667.2959999999999,5,2,5183.869048466618
activated,2|3|4|7|8,1,9>3>7,1065.6,3,1,3922.5599999999995
activated,2|3|4|7|8,1,4>9>2>1,681.552,5,0,7015.52
activated,2|3|4|7|8,1,2>6>9,227.808,3,0,2478.08
activated,2|3|4|7|8,1,9>3>4>6,953.856,7,2,8066.719999999998
activated,2|3|4|7|8,1,6>2>9>4,201.31199999999998,3,0,2213.12
activated,2|3|4|7|8,1,7>3>9>2,1056.8159999999998,2,1,9079.069048466617
activated,2|3|4|7|8,1,2>4>9>3,470.15999999999997,5,2,666.6180969332363
activated,2|3|4|7|8,1,4>9>3>2,922.4639999999999,7,2,3535.0690484666184
activated,2|3|4|7|8,1,3>2>1,1074.24,4,1,9253.309048466619
activated,2|3|4|7|8,1,2>1>4,1124.208,4,0,11442.080000000002
activated,2|3|4|7|8,1,9>4>9>3,454.32,5,1,542.7199999999993
activated,2|3|4|7|8,1,1>2>9>1,1171.5839999999998,7,0,11915.839999999998
activated,2|3|4|7|8,1,1>9>4>1,1078.272,7,0,10982.72
activated,2|3|4|7|8,1,9>2>4>6,228.52800000000002,3,1,2468.029048466619
activated,2|3|4|7|8,1,6>1>9>6,1187.424,4,0,12074.24
activated,2|3|4|7|8,1,1>3>9>7,948.384,3,1,2750.3999999999996
activated,2|3|4|7|8,1,2>9>6>2,305.568,3,0,3255.68
activated,2|3|4|7|8,1,6>9>3>9,983.52,7,0,10035.2
activated,2|3|4|7|8,1,9>1>4,1049.76,4,0,10697.6
activated,2|3|4|7|8,1,2>6>2>4,200.736,3,1,2190.1090484666183
activated,2|3|4|7|8,1,1>9>2>6,655.056,5,0,6750.56
activated,2|3|4|7|8,1,2>6>4,196.848,3,0,2168.48
activated,2|3|4|7|8,1,4>3>2>7,1351.44,5,3,891.389048466621
activated,2|3|4|7|8,1,7>3>4>2,1058.6879999999999,2,2,9097.789048466617
activated,2|3|4|7|8,1,9>6>2>4,274.608,3,1,2928.8290484666186
activated,2|3|4|7|8,1,3>4>3,874.8,4,3,3075.6799999999994
activated,2|3|4|7|8,1,1>2>9>7,1028.7359999999999,6,0,10487.359999999999
activated,2|3|4|7|8,1,1>9>4>7,935.424,6,0,9554.24
activated,2|3|4|7|8,1,4>3>6>9,1060.704,7,1,6606.559999999999
activated,2|3|4|7|8,1,9>6>4,270.72,3,0,2907.2000000000003
activated,2|3|4|7|8,1,1>9>6>3,1078.848,7,0,10988.48
activated,2|3|4|7|8,1,6>1>7,1301.04,3,0,13210.4
activated,2|3|4|7|8,1,1>3>2>6,725.904,5,1,5769.949048466619
activated,2|3|4|7|8,1,9>3>6>2,959.184,7,1,8102.74904846662
activated,2|3|4|7|8,1,1>2>4>1,1168.416,7,1,11866.909048466618
activated,2|3|4|7|8,1,4>9>3>1,532.2239999999999,5,1,1321.7599999999993
activated,2|3|4|7|8,1,9>4>6>4,273.312,3,0,2933.12
activated,2|3|4|7|8,1,6>1>4>6,1189.2959999999998,4,0,12092.96
activated,2|3|4|7|8,1,1>3>4>7,1006.2719999999999,3,3,1657.439999999999
activated,2|3|4|7|8,1,3>2>9>3,968.832,7,2,3981.4980969332373
activated,2|3|4|7|8,1,3>9>4>3,875.52,7,3,3082.88
activated,2|3|4|7|8,1,4>2>6>9,274.608,3,0,2946.08
activated,2|3|4|7|8,1,1>3>6>3,1064.736,4,0,10847.36
activated,2|3|4|7|8,1,2>1,575.28,2,0,5952.799999999999
activated,2|3|4|7|8,1,6>2>3>9,984.24,7,1,5824.669048466618
activated,2|3|4|7|8,1,3>9>6>4,695.3760000000001,5,2,5481.920000000001
activated,2|3|4|7|8,1,2>9>6>1,746.208,5,0,7662.08
activated,2|3|4|7|8,1,9>2>6>2,229.10399999999998,3,0,2491.04
activated,2|3|4|7|8,1,4>3>9>2,919.728,7,2,3507.709048466618
activated,2|3|4|7|8,1,9>1,500.832,2,0,5208.32
activated,2|3|4|7|8,1,1>2>4>7,1025.568,6,1,10438.429048466618
activated,2|3|4|7|8,1,4>9>1>9,1050.912,7,0,10709.12
activated,2|3|4|7|8,1,2>6,61.2,3,0,812.0
activated,2|3|4|7|8,1,4>9>3>7,1096.848,6,2,34.55999999999858
activated,2|3|4|7|8,1,1>2>6>3,1079.28,7,1,6775.0690484666175
activated,2|3|4|7|8,1,2>6>3>4,940.896,7,3,3719.389048466617
activated,2|3|4|7|8,1,3>4>9,486.0,5,2,3388.16
activated,2|3|4|7|8,1,2>3>1>2,1168.56,4,2,5978.778096933236
activated,2|3|4|7|8,1,4>2>3>1,622.224,5,1,2204.509048466619
activated,2|3|4|7|8,1,9>6,135.072,3,0,1550.72
activated,2|3|4|7|8,1,9>3>6>1,1399.824,4,0,14198.240000000002
activated,2|3|4|7|8,1,4>9>4>2,108.864,3,0,1288.64
activated,2|3|4|7|8,1,4>3>1>9,1047.6,4,1,6475.5199999999995
activated,2|3|4|7|8,1,3>2>4>3,965.664,7,4,3932.567145399854
activated,2|3|4|7|8,1,1>6>2,661.104,5,0,6811.040000000001
activated,2|3|4|7|8,1,2>4>1>4,1124.208,7,1,11424.82904846662
activated,2|3|4|7|8,1,3>2>6>4,695.808,5,2,5468.989048466618
activated,2|3|4|7|8,1,7>3>2>6,1117.296,2,1,9683.86904846662
activated,2|3|4|7|8,1,9>6>3>4,1014.768,7,2,8675.84
activated,2|3|4|7|8,1,1>4>2>3,1062.432,7,1,6606.589048466618
activated,2|3|4|7|8,1,9>3>1>2,1094.112,4,1,9452.02904846662
activated,2|3|4|7|8,1,3>4>7>1,1506.24,5,3,6657.119999999998
activated,2|3|4|7|8,1,2>3>6>7,1462.176,5,2,3670.589048466616
activated,2|3|4|7|8,1,6>9>2>3,708.336,5,1,3065.6290484666188
activated,2|3|4|7|8,1,4>3>4>2,921.5999999999999,7,3,3526.429048466618
activated,2|3|4|7|8,1,1>4>6,655.776,5,0,6757.759999999999
activated,2|3|4|7|8,1,9>2>6>1,669.7439999999999,5,0,6897.439999999999
activated,2|3|4|7|8,1,1>7,767.52,1,0,7875.2
activated,2|3|4|7|8,1,4>2>1>9,1140.9119999999998,7,0,11609.119999999999
activated,2|3|4|7|8,1,4>2>3>7,1186.848,6,2,917.3090484666172
activated,2|3|4|7|8,1,2>1>9>4,1124.928,4,0,11449.28
activated,2|3|4|7|8,1,6>9>6,301.68,3,0,3216.8
activated,2|3|4|7|8,1,4>3>9>1,1345.536,4,1,9454.880000000001
activated,2|3|4|7|8,1,9>3>6>7,1387.728,5,1,7143.84
activated,2|3|4|7|8,1,3>4>2>4,548.208,5,3,3975.738096933237
activated,2|3|4|7|8,1,6>3>4>9,910.9440000000001,7,2,7637.599999999999
activated,2|3|4|7|8,1,9>1>9>4,1050.48,4,0,10704.8
activated,2|3|4|7|8,1,9>4>2>1,652.896,5,0,6728.959999999999
activated,2|3|4|7|8,1,2>6>9>4,258.62399999999997,3,0,2786.24
activated,2|3|4|7|8,1,2>6>2>9,231.69599999999997,3,0,2516.9599999999996
activated,2|3|4|7|8,1,4>2>9>1,625.248,5,0,6452.4800000000005
activated,2|3|4|7|8,1,2>4>3>2,965.664,7,3,3932.567145399855
activated,2|3|4|7|8,1,3>9>2>1,1074.96,7,1,9260.50904846662
activated,2|3|4|7|8,1,4>3>9>7,1202.6879999999999,5,2,1092.9599999999982
activated,2|3|4|7|8,1,2>9>1>7,1345.9679999999998,6,0,13659.679999999998
activated,2|3|4|7|8,1,6>2>4>9,170.784,3,1,1890.5890484666186
activated,2|3|4|7|8,1,9>4>3>2,949.824,7,2,3808.6690484666187
activated,2|3|4|7|8,1,2>4>6>9,320.11199999999997,3,1,3383.8690484666186
activated,2|3|4|7|8,1,4>9>2>6,167.472,3,0,1874.72
activated,2|3|4|7|8,1,1>6>3,993.1680000000001,4,0,10131.68
activated,2|3|4|7|8,1,1>3>9>6,725.472,5,0,7454.719999999999
activated,2|3|4|7|8,1,3>9>3>2,1315.872,4,1,11669.62904846662
activated,2|3|4|7|8,1,2>3>1>7,1342.944,3,2,2478.2690484666164
activated,2|3|4|7|8,1,1>4>1,1077.5520000000001,4,0,10975.52
activated,2|3|4|7|8,1,3>9>2>7,932.1120000000001,6,2,898.5890484666199
activated,2|3|4|7|8,1,4>9>6>3,591.264,5,1,1912.1599999999999
activated,2|3|4|7|8,1,1>9>7,876.816,3,0,8968.16
activated,2|3|4|7|8,1,4>3>2>6,980.2080000000001,4,2,4112.509048466621
activated,2|3|4|7|8,1,3>4,454.752,2,2,3075.6800000000003
activated,2|3|4|7|8,1,6>9>1,667.44,5,0,6874.400000000001
activated,2|3|4|7|8,1,9>3>1>7,1268.496,3,1,5951.52
activated,2|3|4|7|8,1,3>9>6>9,726.336,5,0,7463.360000000001
activated,2|3|4|7|8,1,6>4>2,182.44799999999998,3,0,2024.4799999999998
activated,2|3|4|7|8,1,4>2>4>1,622.08,5,1,6403.549048466619
activated,2|3|4|7|8,1,6>1>6>7,1623.1680000000001,5,0,16431.68
activated,2|3|4|7|8,1,1>2>9>6,805.824,5,0,8258.24
activated,2|3|4|7|8,1,1>9>4>6,656.496,5,0,6764.96
activated,2|3|4|7|8,1,4>3>4>7,1260.576,5,4,-1.5916157281026244e-12
activated,2|3|4|7|8,1,2>4>3>1,575.424,5,2,1719.2580969332366
activated,2|3|4|7|8,1,4>3>6>3,1319.04,4,1,9189.919999999998
activated,2|3|4|7|8,1,2>4>9>2,152.928,3,1,1712.0290484666186
activated,2|3|4|7|8,1,6>3>1,533.664,2,0,5536.639999999999
activated,2|3|4|7|8,1,9>2>1>7,1417.824,6,0,14378.240000000002
activated,2|3|4|7|8,1,1>3>4>6,727.3439999999999,5,2,5801.599999999999
activated,2|3|4|7|8,1,9>4>3>1,559.584,5,1,1595.3599999999988
activated,2|3|4|7|8,1,2>6>3>9,910.8,7,1,5090.269048466618
activated,2|3|4|7|8,1,4>1>2,1121.76,4,0,11417.6
activated,2|3|4|7|8,1,3>9>3>1,925.6320000000001,4,0,9456.32
activated,2|3|4|7|8,1,1>6>9,734.8320000000001,5,0,7548.3200000000015
activated,2|3|4|7|8,1,4>2>6>3,532.944,5,1,1311.7090484666178
activated,2|3|4|7|8,1,1>2>7,1025.568,3,0,10455.68
activated,2|3|4|7|8,1,2>4>1>9,1094.112,7,1,11123.869048466619
activated,2|3|4|7|8,1,6>2>1,668.16,5,0,6881.599999999999
activated,2|3|4|7|8,1,7>3>9>6,1116.864,2,0,11368.64
activated,2|3|4|7|8,1,3>2>6>9,726.768,5,1,5778.58904846662
activated,2|3|4|7|8,1,2>4>3>7,1140.048,6,3,432.058096933235
activated,2|3|4|7|8,1,1>4>9>3,972.432,7,1,5723.839999999999
activated,2|3|4|7|8,1,1>2>4>6,746.6399999999999,5,1,7649.149048466617
activated,2|3|4|7|8,1,4>9>3>6,897.5519999999999,7,1,4975.039999999998
activated,2|3|4|7|8,1,4>6>2,199.728,3,0,2197.28
activated,2|3|4|7|8,1,9>4>3>7,1124.208,6,2,308.16000000000076
activated,2|3|4|7|8,1,1>9>6>2,746.784,5,0,7667.84
activated,2|3|4|7|8,1,3>4>2>9,579.168,5,2,4302.589048466619
activated,2|3|4|7|8,1,2>4>9>1,578.736,5,1,5970.109048466618
activated,2|3|4|7|8,1,6>3>9>3,1241.856,4,0,12618.56
activated,2|3|4|7|8,1,1>6>2>4,707.76,5,1,7260.349048466619
activated,2|3|4|7|8,1,6>4>3,555.696,5,1,1556.4799999999996
activated,2|3|4|7|8,1,3>2>3>1,1074.384,4,2,5037.018096933238
activated,2|3|4|7|8,1,1>6>4,703.8720000000001,5,0,7238.720000000001
activated,2|3|4|7|8,1,3>9>4>2,502.272,5,2,3533.629048466618
activated,2|3|4|7|8,1,9>4>9>1,562.896,5,0,5828.959999999999
activated,2|3|4|7|8,1,1>3>6>2,732.672,5,1,5837.62904846662
activated,2|3|4|7|8,1,7>3>4>6,1118.7359999999999,2,2,9715.519999999999
activated,2|3|4|7|8,1,1>4>6>4,791.424,5,0,8114.24
activated,2|3|4|7|8,1,4>2>3>6,987.552,7,1,5857.789048466619
activated,2|3|4|7|8,1,6>2>9>3,562.752,5,1,1609.7890484666177
activated,2|3|4|7|8,1,6>9>4>3,617.472,5,1,2174.239999999999
activated,2|3|4|7|8,1,6>3>4>3,1299.7440000000001,4,3,7325.120000000002
activated,2|3|4|7|8,1,2>1>6,1143.504,4,0,11635.039999999999
activated,2|3|4|7|8,1,1>9>6>1,1187.424,7,0,12074.24
activated,2|3|4|7|8,1,4>6>3,531.792,5,1,1317.4399999999996
activated,2|3|4|7|8,1,4>3>9>6,979.776,7,1,5797.28
activated,2|3|4|7|8,1,2>9>1>6,1146.672,7,0,11666.720000000001
activated,2|3|4|7|8,1,2>6>4>9,228.096,3,0,2480.96
activated,2|3|4|7|8,1,6>4>9,166.896,3,0,1868.9599999999998
activated,2|3|4|7|8,1,2>4>2>6,154.656,3,1,1729.3090484666186
activated,2|3|4|7|8,1,9>1>6,1069.056,4,0,10890.560000000001
activated,2|3|4|7|8,1,3>2>9>1,1077.408,7,1,9284.989048466618
activated,2|3|4|7|8,1,3>9>4>1,984.096,7,2,8369.119999999999
activated,2|3|4|7|8,1,1>6,568.224,2,0,5882.240000000001
activated,2|3|4|7|8,1,6>2>4>3,559.5840000000001,5,2,1560.858096933237
activated,2|3|4|7|8,1,3>4>3>9,1299.456,4,3,7322.239999999997
activated,2|3|4|7|8,1,9>6>2>3,694.656,5,1,2928.8290484666177
activated,2|3|4|7|8,1,9>4>2>6,138.816,3,0,1588.16
activated,2|3|4|7|8,1,2>4>6>3,578.448,5,2,1749.4980969332364
activated,2|3|4|7|8,1,2>3>1>6,1143.6480000000001,4,1,7418.74904846662
activated,2|3|4|7|8,1,1>9>6>7,1175.328,6,0,11953.279999999999
activated,2|3|4|7|8,1,4>2>9>6,259.488,3,0,2794.88
activated,2|3|4|7|8,1,4>9>4>6,168.912,3,0,1889.1200000000001
activated,2|3|4|7|8,1,3>9>2>6,560.88,5,1,4119.70904846662
activated,2|3|4|7|8,1,4>3>7,1093.392,3,2,-9.094947017729282e-13
activated,2|3|4|7|8,1,4>1>9,1047.4560000000001,4,0,10674.560000000001
activated,2|3|4|7|8,1,9>4>6>3,562.608,5,1,1625.5999999999995
activated,2|3|4|7|8,1,9>3>1>6,1069.2,4,0,10892.0
activated,2|3|4|7|8,1,1>2>6>1,1187.856,7,0,12078.56
activated,2|3|4|7|8,1,3>2>9>7,934.56,6,2,923.0690484666177
activated,2|3|4|7|8,1,3>9>4>7,841.248,6,3,7.199999999999136
activated,2|3|4|7|8,1,6>9>1>4,1216.368,7,0,12363.68
activated,2|3|4|7|8,1,1>3>6>7,1161.216,3,1,4878.719999999999
activated,2|3|4|7|8,1,3>9>6>3,984.672,7,0,10046.720000000001
activated,2|3|4|7|8,1,4>3>4>6,981.6479999999999,7,3,4144.159999999999
activated,2|3|4|7|8,1,3>2>4>1,1074.24,7,3,9236.058096933235
activated,2|3|4|7|8,1,4>6>9,273.456,3,0,2934.5600000000004
activated,2|3|4|7|8,1,6>3>1>4,1082.592,4,2,9354.080000000002
activated,2|3|4|7|8,1,9>2>1>6,1218.528,7,0,12385.28
activated,2|3|4|7|8,1,1>4>2>1,1171.0079999999998,7,0,11910.079999999998
activated,2|3|4|7|8,1,1>2>6>7,1175.76,6,0,11957.6
activated,2|3|4|7|8,1,6>9>2>1,816.912,5,0,8369.12
activated,2|3|4|7|8,1,1>6>9>4,765.6480000000001,5,0,7856.480000000001
activated,2|3|4|7|8,1,2>6>1,594.72,5,0,6147.200000000001
activated,2|3|4|7|8,1,1>6>2>9,738.72,5,0,7587.200000000001
activated,2|3|4|7|8,1,2>4>3>6,940.752,7,2,5372.538096933236
activated,2|3|4|7|8,1,6>2>1>4,1217.088,7,0,12370.88
activated,2|3|4|7|8,1,3>2>4>7,931.392,6,4,874.138096933236
activated,2|3|4|7|8,1,4>9>6>2,259.2,3,0,2792.0
activated,2|3|4|7|8,1,3>2>6>3,985.104,7,2,4144.2180969332385
activated,2|3|4|7|8,1,6>9>3>2,1057.824,7,1,9089.149048466621
activated,2|3|4|7|8,1,1>4>2>7,1028.1599999999999,6,0,10481.599999999999
activated,2|3|4|7|8,1,9>6>1,668.592,5,0,6885.92
activated,2|3|4|7|8,1,9>4>3>6,924.912,7,1,5248.64
activated,2|3|4|7|8,1,4>6>2>4,246.38400000000001,3,1,2646.589048466619
activated,2|3|4|7|8,1,1>4>6>9,822.384,5,0,8423.84
activated,2|3|4|7|8,1,4>6>4,242.49599999999998,3,0,2624.96
activated,2|3|4|7|8,1,3>9>3>6,1290.96,4,0,13109.6
activated,2|3|4|7|8,1,3>6>2,566.928,5,1,4180.189048466619
activated,2|3|4|7|8,1,6>4,135.648,3,0,1556.48
activated,2|3|4|7|8,1,4>3>6>2,986.976,7,2,4180.189048466619
activated,2|3|4|7|8,1,3>4>2>3,968.2560000000001,7,3,3975.738096933238
activated,2|3|4|7|8,1,6>4>3>4,1010.4480000000001,7,3,4432.160000000001
activated,2|3|4|7|8,1,7>1>9>4,1215.36,2,0,12353.599999999999
activated,2|3|4|7|8,1,6>3>2>7,1356.336,5,2,5140.8290484666195
activated,2|3|4|7|8,1,3>4>6,561.6,5,2,4144.16
activated,2|3|4|7|8,1,3>7,673.344,1,1,0.0
activated,2|3|4|7|8,1,4>2>6>2,200.88,3,0,2208.8
activated,2|3|4|7|8,1,2>6>9>3,620.064,5,1,2182.9090484666176
activated,2|3|4|7|8,1,1>4>3>1,1077.696,4,1,6776.479999999999
activated,2|3|4|7|8,1,4>1,528.624,2,0,5486.24
activated,2|3|4|7|8,1,2>4>9>6,212.976,3,1,2312.509048466619
activated,2|3|4|7|8,1,1>4>9>2,655.2,5,0,6752.0
activated,2|3|4|7|8,1,4>9>6>1,699.8399999999999,5,0,7198.4
activated,2|3|4|7|8,1,6>9>3>1,667.5840000000001,5,0,6875.84
activated,2|3|4|7|8,1,9>6>9>3,693.9359999999999,5,0,7139.359999999999
activated,2|3|4|7|8,1,4>9>1>2,1125.216,7,0,11452.16
activated,2|3|4|7|8,1,4>6,106.848,3,0,1268.48
activated,2|3|4|7|8,1,4>3>6>1,1427.616,4,1,10275.68
activated,2|3|4|7|8,1,6>3>9>2,924.624,7,1,7757.149048466619
activated,2|3|4|7|8,1,4>3>1>2,1121.904,4,2,5529.46904846662
activated,2|3|4|7|8,1,6>9>1>9,1186.272,7,0,12062.72
activated,2|3|4|7|8,1,6>9>3>7,1232.208,6,1,5588.640000000001
activated,2|3|4|7|8,1,6>4>9>4,197.712,3,0,2177.12
activated,2|3|4|7|8,1,6>4>2>9,260.06399999999996,3,0,2800.6399999999994
activated,2|3|4|7|8,1,2>6>4>3,616.896,5,1,2151.2290484666173
activated,2|3|4|7|8,1,3>6>3,898.992,4,0,9189.92
activated,2|3|4|7|8,1,4>2>6>1,641.52,5,0,6615.2
activated,2|3|4|7|8,1,6>2>3>1,668.3040000000001,5,1,2665.309048466619
activated,2|3|4|7|8,1,3>4>1,983.376,4,2,8361.92
activated,2|3|4|7|8,1,6>2>9>2,245.51999999999998,3,0,2655.2
activated,2|3|4|7|8,1,6>9>4>2,244.224,3,0,2642.24
activated,2|3|4|7|8,1,9>6>4>3,690.768,5,1,2907.2
activated,2|3|4|7|8,1,4>3>6>7,1415.52,5,2,3221.2800000000007
activated,2|3|4|7|8,1,6>3>1>9,1052.496,4,0,10724.960000000001
activated,2|3|4|7|8,1,1>4>9>1,1081.008,7,0,11010.08
activated,2|3|4|7|8,1,3>9>7,782.64,3,1,1092.9599999999991
activated,2|3|4|7|8,1,3>2>9>6,711.648,5,1,5627.38904846662
activated,2|3|4|7|8,1,3>9>4>6,562.3199999999999,5,2,4151.359999999999
activated,2|3|4|7|8,1,4>1>9>4,1078.2720000000002,4,0,10982.720000000001
activated,2|3|4|7|8,1,6>3>4>2,926.496,7,2,7775.869048466617
activated,2|3|4|7|8,1,2>9>2,152.64,3,0,1726.3999999999999
activated,2|3|4|7|8,1,6>2>1>9,1186.992,7,0,12069.92
activated,2|3|4|7|8,1,6>2>3>7,1232.928,6,2,1378.1090484666183
activated,2|3|4|7|8,1,6>3>9>1,1350.432,4,0,13704.32
activated,2|3|4|7|8,1,1>4>9>7,938.1600000000001,6,0,9581.6
activated,2|3|4|7|8,1,4>6>9>4,304.272,3,0,3242.72
activated,2|3|4|7|8,1,4>6>2>9,277.344,3,0,2973.44
activated,2|3|4|7|8,1,2>3>2,965.664,4,2,3949.818096933237
activated,2|3|4|7|8,1,6>2>4>2,186.336,3,1,2046.1090484666188
activated,2|3|4|7|8,1,3>6>9,640.656,5,0,6606.5599999999995
activated,2|3|4|7|8,1,4>9>1>7,1299.6,6,0,13196.0
activated,2|3|4|7|8,1,3>2>7,931.392,3,2,891.3890484666192
activated,2|3|4|7|8,1,2>4>6>2,246.384,3,1,2646.589048466619
activated,2|3|4|7|8,1,3>4>9>3,878.256,7,3,3110.239999999999
activated,2|3|4|7|8,1,6>2>9>1,671.328,5,0,6913.28
activated,2|3|4|7|8,1,6>9>4>1,726.048,5,0,7460.48
activated,2|3|4|7|8,1,2>6>1>4,1143.6480000000001,7,0,11636.480000000001
activated,2|3|4|7|8,1,3>2>4>6,652.4639999999999,5,3,5018.298096933237
activated,2|3|4|7|8,1,9>3>2,891.2159999999999,4,1,7423.069048466619
activated,2|3|4|7|8,1,6>4>3>9,980.3520000000001,7,1,5803.04
activated,2|3|4|7|8,1,6>3>9>7,1207.584,5,1,5342.4
activated,2|3|4|7|8,1,1>6>2>3,1127.808,7,1,7260.349048466618
activated,2|3|4|7|8,1,1>6>4>9,735.1200000000001,5,0,7551.200000000001
activated,2|3|4|7|8,1,4>3>1>7,1296.288,3,2,2028.960000000001
activated,2|3|4|7|8,1,1>4>2>6,656.928,5,0,6769.28
activated,2|3|4|7|8,1,9>4>6>2,230.54399999999998,3,0,2505.4399999999996
plain,1|2|3|7|10,1,9>6>1>4,1217.52,7,4,6098.749058922202
plain,1|2|3|7|10,1,6>3>4>1,1408.3200000000002,4,4,8122.758156482951
plain,1|2|3|7|10,1,6>9>2>6,302.832,3,1,3218.403067090923
plain,1|2|3|7|10,1,3>9>6>2,652.6080000000001,5,3,4135.518812511953
plain,1|2|3|7|10,1,1>4>6>3,1080.72,7,4,3910.350554144236
plain,1|2|3|7|10,1,3>6>2>4,613.584,5,3,3745.2788125119514
plain,1|2|3|7|10,1,3>6>4,609.696,5,2,3726.232678330107
plain,1|2|3|7|10,1,4>2>1>7,1389.6,6,3,1353.7599999999984
plain,1|2|3|7|10,1,6>3>2>6,985.104,4,3,3020.955745421028
plain,1|2|3|7|10,1,2>1>2>7,1600.848,5,5,810.7194386623646
plain,1|2|3|7|10,1,2>9>3,469.87199999999996,5,3,24.78348889140935
plain,1|2|3|7|10,1,6>2>4>1,668.1600000000001,5,3,1929.6025057532872
plain,1|2|3|7|10,1,9>6>2>1,803.232,5,3,3276.874250198992
plain,1|2|3|7|10,1,3>4>6>4,697.248,5,2,4601.752678330107
plain,1|2|3|7|10,1,6>3>4>7,1265.472,5,4,2.2737367544323206e-13
plain,1|2|3|7|10,1,2>6>3>2,985.104,7,4,2593.603067090924
plain,1|2|3|7|10,1,2>4>6>1,687.024,5,2,2128.1594386623638
plain,1|2|3|7|10,1,9>1>2>7,1526.3999999999999,5,5,810.7194386623646
plain,1|2|3|7|10,1,4>6>3>9,956.4480000000001,7,4,4220.438437151767
plain,1|2|3|7|10,1,9>6>3>2,1058.976,7,3,3754.750181597471
plain,1|2|3|7|10,1,9>4>6>1,671.184,5,2,2382.269620259832
plain,1|2|3|7|10,1,6>1>2,1126.656,4,4,4286.558877324731
plain,1|2|3|7|10,1,3>9>6>1,1093.248,7,4,4032.182298589939
plain,1|2|3|7|10,1,9>4>1>2,1152.576,7,4,4591.270621770435
plain,1|2|3|7|10,1,6>2>6>3,579.024,5,4,1103.366134181845
plain,1|2|3|7|10,1,1>6>1,1101.7440000000001,4,4,4047.191555654838
plain,1|2|3|7|10,1,2>1>9>2,1169.136,4,4,4293.75887732473
plain,1|2|3|7|10,1,3>6,474.048,2,2,2369.7526783301064
plain,1|2|3|7|10,1,9>2>3,541.7280000000001,5,2,746.7917444457051
plain,1|2|3|7|10,1,9>1>9>2,1094.688,4,4,4293.758877324732
plain,1|2|3|7|10,1,3>6>3>4,1353.744,4,3,6717.272678330104
plain,1|2|3|7|10,1,6>4>2>3,649.152,5,3,1814.5630670909227
plain,1|2|3|7|10,1,2>6>3>1,594.864,5,3,1196.6425057532872
plain,1|2|3|7|10,1,3>9>6>7,1081.152,6,3,1707.3526783301068
plain,1|2|3|7|10,1,2>6>9>2,302.832,3,1,3218.403067090923
plain,1|2|3|7|10,1,3>2>6>1,1093.6799999999998,7,5,3604.1582511743154
plain,1|2|3|7|10,1,2>3>9,891.36,4,4,3153.6000000000013
plain,1|2|3|7|10,1,9>6>3>1,668.7360000000001,5,2,2357.7896202598326
plain,1|2|3|7|10,1,2>1>4>2,1171.008,4,4,4312.47887732473
plain,1|2|3|7|10,1,2>6>1>9,1113.5520000000001,7,5,5215.521944415654
plain,1|2|3|7|10,1,2>6>3>7,1159.488,6,4,184.4830670909223
plain,1|2|3|7|10,1,1>6>9>3,1127.0880000000002,7,4,4370.5822985899395
plain,1|2|3|7|10,1,1>4>9>6,715.248,5,2,4706.712116992472
plain,1|2|3|7|10,1,3>4>2>1,1076.8319999999999,7,4,3445.759438662365
plain,1|2|3|7|10,1,2>9>4,108.432,3,1,1280.8717444457052
plain,1|2|3|7|10,1,4>1>6,1096.848,4,4,4047.191555654835
plain,1|2|3|7|10,1,9>1>4>2,1096.56,4,4,4312.47887732473
plain,1|2|3|7|10,1,2>4>1>7,1342.8,6,3,885.7599999999984
plain,1|2|3|7|10,1,3>2>6>7,1081.5839999999998,6,4,1691.838812511951
plain,1|2|3|7|10,1,9>6>3>7,1233.3600000000001,6,3,1345.6301815974693
plain,1|2|3|7|10,1,2>6>4>2,243.64800000000002,3,1,2626.5630670909236
plain,1|2|3|7|10,1,4>6>2>3,666.432,5,3,1987.363067090922
plain,1|2|3|7|10,1,4>9>1>6,1100.304,7,4,4078.30330010054
plain,1|2|3|7|10,1,4>6>4>9,273.74399999999997,3,0,2937.4399999999996
plain,1|2|3|7|10,1,3>6>9>4,671.472,5,2,4343.992678330106
plain,1|2|3|7|10,1,3>6>2>9,644.544,5,4,4051.4305569576572
plain,1|2|3|7|10,1,9>4>1>7,1326.96,6,3,1190.4717444457037
plain,1|2|3|7|10,1,2>6>9>1,728.64,5,3,2530.9542501989918
plain,1|2|3|7|10,1,2>3>4,921.456,4,4,2875.680000000002
plain,1|2|3|7|10,1,9>6>4>2,317.52000000000004,3,1,3365.2830670909234
plain,1|2|3|7|10,1,2>1>9>7,1452.096,5,5,810.7194386623639
plain,1|2|3|7|10,1,9>3>2>4,937.8719999999998,7,4,2875.6799999999994
plain,1|2|3|7|10,1,3>4>2>7,933.984,6,3,225.92000000000098
plain,1|2|3|7|10,1,4>3>1>6,1096.9920000000002,4,4,4048.6315556548375
plain,1|2|3|7|10,1,9>6>9>1,802.512,5,2,3695.549620259831
plain,1|2|3|7|10,1,1>4>7,934.704,3,3,1.5916157281026244e-12
plain,1|2|3|7|10,1,9>3>4,847.008,4,4,2875.680000000004
plain,1|2|3|7|10,1,6>4>1,664.272,5,2,2316.597875814129
plain,1|2|3|7|10,1,3>4>6>9,728.2080000000001,5,2,4911.352678330108
plain,1|2|3|7|10,1,1>6>4>3,1123.92,7,4,4342.3505541442355
plain,1|2|3|7|10,1,9>1>9>7,1377.648,5,5,810.7194386623657
plain,1|2|3|7|10,1,6>2>9>6,305.568,3,2,3242.314811536628
plain,1|2|3|7|10,1,6>9>4>6,304.272,3,0,3242.72
plain,1|2|3|7|10,1,4>2>1>6,1190.304,7,4,4515.191555654836
plain,1|2|3|7|10,1,2>9,77.616,3,1,972.7117444457051
plain,1|2|3|7|10,1,9>2>4,121.68,3,0,1416.8000000000002
plain,1|2|3|7|10,1,6>3>7,1098.288,3,2,-1.8189894035458565e-12
plain,1|2|3|7|10,1,6>1>9,1052.3519999999999,4,4,5031.03887732473
plain,1|2|3|7|10,1,2>1>2>6,1229.616,4,4,4898.394622745758
plain,1|2|3|7|10,1,2>6>4>1,725.472,5,3,2502.7225057532864
plain,1|2|3|7|10,1,2>9>3>4,924.624,7,5,2900.4634888914134
plain,1|2|3|7|10,1,2>1>4>7,1509.9840000000002,5,5,810.7194386623682
plain,1|2|3|7|10,1,3>4>3>1,983.52,4,4,3887.8394386623686
plain,1|2|3|7|10,1,9>1>2>6,1155.168,4,4,4898.394622745758
plain,1|2|3|7|10,1,3>4>9>2,561.024,5,2,3229.76
plain,1|2|3|7|10,1,1>9>2,593.856,5,2,3483.039438662365
plain,1|2|3|7|10,1,2>3,466.704,2,2,-6.252776074688882e-13
plain,1|2|3|7|10,1,9>6>4>1,799.344,5,2,3663.8696202598326
plain,1|2|3|7|10,1,9>1>4>7,1435.536,5,5,810.7194386623682
plain,1|2|3|7|10,1,4>6>1,640.3679999999999,5,2,2077.5578758141282
plain,1|2|3|7|10,1,6>4>9>3,559.1519999999999,5,2,1336.9901815974672
plain,1|2|3|7|10,1,3>6>3>9,1323.648,4,3,6416.312678330105
plain,1|2|3|7|10,1,9>3,392.256,2,2,-8.526512829121202e-14
plain,1|2|3|7|10,1,1>3>2,664.704,2,2,4191.519438662366
plain,1|2|3|7|10,1,6>1>4,1082.4479999999999,4,4,4753.118877324732
plain,1|2|3|7|10,1,1>4>6>2,748.656,5,3,5020.9582511743165
plain,1|2|3|7|10,1,9>2,75.024,3,0,950.24
plain,1|2|3|7|10,1,9>2>3>4,996.48,7,4,3622.4717444457074
plain,1|2|3|7|10,1,3>4>9>1,986.832,7,4,3917.5111831080703
plain,1|2|3|7|10,1,6>3>6>2,991.872,7,4,3078.718812511949
plain,1|2|3|7|10,1,1>6>2>1,1236.384,7,5,4956.157689836681
plain,1|2|3|7|10,1,4>6>9>3,665.712,5,2,2402.5901815974676
plain,1|2|3|7|10,1,2>3>9>4,922.176,7,4,2882.880000000002
plain,1|2|3|7|10,1,2>3>2>9,1043.28,4,4,3185.279999999999
plain,1|2|3|7|10,1,1>9>3,911.088,4,4,4020.3194386623663
plain,1|2|3|7|10,1,2>6>3>6,960.192,7,5,2354.2357454210287
plain,1|2|3|7|10,1,1>4>6>1,1189.2959999999998,7,4,4921.069992806599
plain,1|2|3|7|10,1,9>3>9>4,847.7280000000001,7,4,2882.8800000000037
plain,1|2|3|7|10,1,3>4>9>7,843.9839999999999,6,3,234.56000000000267
plain,1|2|3|7|10,1,6>1,533.52,2,2,1010.7194386623637
plain,1|2|3|7|10,1,2>4>1>6,1143.504,7,4,4047.1915556548342
plain,1|2|3|7|10,1,1>6>2>7,1093.536,6,4,669.5988125119525
plain,1|2|3|7|10,1,6>9>1>2,1260.576,7,4,5620.669058922199
plain,1|2|3|7|10,1,9>4>1>6,1127.6640000000002,7,4,4351.903300100543
plain,1|2|3|7|10,1,4>6>4>3,662.544,5,2,2374.3584371517636
plain,1|2|3|7|10,1,3>6>2>3,1033.632,7,5,3078.718812511951
plain,1|2|3|7|10,1,1>4>6>7,1177.1999999999998,6,3,1526.0726783301038
plain,1|2|3|7|10,1,3>6>4>9,640.9440000000001,5,2,4038.7126783301073
plain,1|2|3|7|10,1,2>1>9>6,1229.1840000000002,4,4,4903.991555654837
plain,1|2|3|7|10,1,1>2>3,1059.84,4,4,3275.839438662366
plain,1|2|3|7|10,1,3>4>2>6,562.7520000000001,5,3,3236.9588125119526
plain,1|2|3|7|10,1,6>3>1>2,1126.8,4,4,4287.998877324731
plain,1|2|3|7|10,1,2>9>3>9,894.528,7,5,3178.3834888914125
plain,1|2|3|7|10,1,6>4>1>4,1213.2,7,4,6058.997314476497
plain,1|2|3|7|10,1,9>1>9>6,1154.7359999999999,4,4,4903.991555654835
plain,1|2|3|7|10,1,3>4>6>3,986.5440000000001,7,4,3043.6311154818713
plain,1|2|3|7|10,1,6>2>6>1,687.5999999999999,5,4,2114.0855728442093
plain,1|2|3|7|10,1,1>6>3>1,1101.8880000000001,4,4,4048.6315556548366
plain,1|2|3|7|10,1,1>6>9>2,809.8560000000001,5,2,5642.875184083397
plain,1|2|3|7|10,1,6>3>6>7,1420.416,5,4,650.5526783301038
plain,1|2|3|7|10,1,4>9>2,106.272,3,0,1262.72
plain,1|2|3|7|10,1,2>1>7,1342.8,3,3,885.7599999999984
plain,1|2|3|7|10,1,1>3>9,590.4,2,2,4935.999438662367
plain,1|2|3|7|10,1,6>1>9>4,1083.168,4,4,4760.31887732473
plain,1|2|3|7|10,1,6>4>2>1,757.728,5,3,2825.282505753287
plain,1|2|3|7|10,1,2>1>4>6,1231.056,4,4,4922.711555654836
plain,1|2|3|7|10,1,9>1>7,1268.3519999999999,3,3,885.7599999999984
plain,1|2|3|7|10,1,4>3>2,919.008,4,3,2409.120000000001
plain,1|2|3|7|10,1,1>9>2>4,640.512,5,2,3949.5994386623643
plain,1|2|3|7|10,1,9>1>4>6,1156.608,4,4,4922.711555654836
plain,1|2|3|7|10,1,1>2>9,670.752,5,3,4248.55118310807
plain,1|2|3|7|10,1,1>9>4,549.648,5,2,3949.599438662368
plain,1|2|3|7|10,1,6>4>3>2,1054.656,7,3,3714.998437151765
plain,1|2|3|7|10,1,7>1>9>2,1259.5679999999998,2,2,10140.159438662362
plain,1|2|3|7|10,1,1>6>4>2,750.672,5,3,5041.118251174317
plain,1|2|3|7|10,1,6>9>1>7,1434.96,6,3,2219.8701815974673
plain,1|2|3|7|10,1,1>3>2>4,711.3599999999999,5,2,4658.079438662365
plain,1|2|3|7|10,1,3>6>1,1007.568,4,4,3180.4721169924715
plain,1|2|3|7|10,1,3>4>3>6,1348.848,4,4,6717.272678330106
plain,1|2|3|7|10,1,1>6>9>1,1235.6640000000002,7,4,5381.301737252306
plain,1|2|3|7|10,1,1>3>4,620.496,2,2,4658.079438662368
plain,1|2|3|7|10,1,6>3>1>7,1301.184,3,3,887.1999999999989
plain,1|2|3|7|10,1,4>6>2>1,775.008,5,3,2998.082505753287
plain,1|2|3|7|10,1,4>1>2>7,1554.192,5,5,810.7194386623664
plain,1|2|3|7|10,1,1>2>4,639.7919999999999,5,2,3942.3994386623654
plain,1|2|3|7|10,1,4>9>3,423.50399999999996,5,2,31.111744445703067
plain,1|2|3|7|10,1,7>1>4>2,1261.4399999999998,2,2,10158.879438662363
plain,1|2|3|7|10,1,1>6>9>7,1092.816,6,3,682.2326783301055
plain,1|2|3|7|10,1,6>2>1>7,1435.6799999999998,6,4,1804.6430670909206
plain,1|2|3|7|10,1,4>6>3>2,1030.752,7,3,3475.958437151766
plain,1|2|3|7|10,1,1>9,518.832,2,2,4220.319438662366
plain,1|2|3|7|10,1,6>4>3>1,664.416,5,2,2318.0378758141296
plain,1|2|3|7|10,1,2>9>6,212.688,3,1,2323.431744445705
plain,1|2|3|7|10,1,6>4>9>2,241.92,3,0,2619.2
plain,1|2|3|7|10,1,1>6>4>1,1232.496,7,4,5353.069992806601
plain,1|2|3|7|10,1,3>6>9>3,1032.9119999999998,7,4,3503.8628599275735
plain,1|2|3|7|10,1,2>3>4>9,952.7040000000001,4,4,3188.1600000000026
plain,1|2|3|7|10,1,3>4>9>6,621.072,5,2,3839.992678330107
plain,1|2|3|7|10,1,2>3>6,940.752,4,4,2169.7526783301064
plain,1|2|3|7|10,1,9>3>2>3,1357.9199999999998,4,3,6328.231744445705
plain,1|2|3|7|10,1,1>6>2>6,722.3040000000001,5,4,4747.521318265241
plain,1|2|3|7|10,1,6>4>1>9,1183.104,7,4,6336.917314476496
plain,1|2|3|7|10,1,6>4>3>7,1229.04,6,3,1305.8784371517631
plain,1|2|3|7|10,1,4>2>3,513.504,5,2,467.9999999999994
plain,1|2|3|7|10,1,4>1>9>2,1122.48,4,4,4293.758877324729
plain,1|2|3|7|10,1,1>6>4>7,1089.6480000000001,6,3,650.552678330107
plain,1|2|3|7|10,1,9>3>6,866.304,4,4,2169.7526783301064
plain,1|2|3|7|10,1,1>2,593.136,2,2,3475.839438662367
plain,1|2|3|7|10,1,3>4>7,840.528,3,3,200.00000000000387
plain,1|2|3|7|10,1,4>6>3>1,640.5120000000001,5,2,2078.9978758141297
plain,1|2|3|7|10,1,4>6>9>2,348.48,3,0,3684.8
plain,1|2|3|7|10,1,3>6>4>3,1029.7440000000001,7,4,3475.631115481873
plain,1|2|3|7|10,1,6>4>9>1,667.728,5,2,2347.709620259832
plain,1|2|3|7|10,1,9>2>6,136.224,3,1,1552.3230670909227
plain,1|2|3|7|10,1,7>1>2>6,1320.048,2,2,10744.795184083396
plain,1|2|3|7|10,1,4>3>9,844.704,4,4,3153.6000000000004
plain,1|2|3|7|10,1,2>9>1,578.448,5,3,1035.5029275537743
plain,1|2|3|7|10,1,1>9>2>9,671.472,5,3,4255.75118310807
plain,1|2|3|7|10,1,2>4>2,93.45599999999999,3,0,1134.56
plain,1|2|3|7|10,1,2>1>6>7,1664.9279999999999,5,5,1461.2721169924685
plain,1|2|3|7|10,1,4>1>4>2,1124.352,4,4,4312.478877324731
plain,1|2|3|7|10,1,4>6>1>9,1159.1999999999998,7,4,6097.877314476494
plain,1|2|3|7|10,1,4>6>3>7,1205.136,6,3,1066.838437151764
plain,1|2|3|7|10,1,9>4>2,77.616,3,0,976.16
plain,1|2|3|7|10,1,1>3>9>4,621.216,5,2,4665.279438662367
plain,1|2|3|7|10,1,2>3>1,575.424,2,2,1012.1594386623639
plain,1|2|3|7|10,1,1>3>2>9,742.3199999999999,5,3,4964.23118310807
plain,1|2|3|7|10,1,9>1>6>7,1590.48,5,5,1461.2721169924703
plain,1|2|3|7|10,1,9>6>1>2,1261.728,7,4,5632.189058922199
plain,1|2|3|7|10,1,4>2>9,124.416,3,1,1440.7117444457049
plain,1|2|3|7|10,1,4>9>4,62.064,3,0,820.6399999999999
plain,1|2|3|7|10,1,3>9>2,499.68,5,2,2616.3200000000015
plain,1|2|3|7|10,1,9>3>1,500.976,2,2,1012.1594386623653
plain,1|2|3|7|10,1,4>3>2>4,965.664,4,4,2875.6800000000003
plain,1|2|3|7|10,1,4>6>9>1,774.288,5,2,3413.309620259832
plain,1|2|3|7|10,1,1>2>9>4,701.568,5,3,4556.711183108071
plain,1|2|3|7|10,1,4>1>9>7,1405.44,5,5,810.7194386623657
plain,1|2|3|7|10,1,6>4>2>6,243.64799999999997,3,1,2626.5630670909227
plain,1|2|3|7|10,1,3>4>6>2,654.48,5,3,4154.238812511952
plain,1|2|3|7|10,1,9>2>1,650.304,5,2,1757.5111831080692
plain,1|2|3|7|10,1,6>3>1>6,1101.888,4,4,4048.6315556548348
plain,1|2|3|7|10,1,2>3>9>3,1283.616,4,4,7072.711744445706
plain,1|2|3|7|10,1,2>4>3,466.704,5,2,-6.252776074688882e-13
plain,1|2|3|7|10,1,4>9,31.248,3,0,512.48
plain,1|2|3|7|10,1,7>3>9>4,1012.608,2,2,8654.240000000003
plain,1|2|3|7|10,1,4>1>2>6,1182.96,4,4,4898.394622745759
plain,1|2|3|7|10,1,4>6>4>1,771.12,5,2,3385.0778758141287
plain,1|2|3|7|10,1,3>6>2>1,1142.208,7,5,4089.438251174318
plain,1|2|3|7|10,1,9>4>3,450.864,5,2,304.7117444457025
plain,1|2|3|7|10,1,2>6>1>7,1362.24,6,4,1070.2430670909216
plain,1|2|3|7|10,1,4>1>4>7,1463.3280000000002,5,5,810.7194386623682
plain,1|2|3|7|10,1,2>9>4>3,528.48,5,3,610.8634888914102
plain,1|2|3|7|10,1,4>3,420.048,2,2,-7.176481631177012e-13
plain,1|2|3|7|10,1,3>9>3,816.912,4,4,3153.600000000003
plain,1|2|3|7|10,1,2>9>6>4,348.336,3,1,3679.911744445705
plain,1|2|3|7|10,1,9>6>1>7,1436.112,6,3,2231.3901815974677
plain,1|2|3|7|10,1,3>4>6>1,1095.12,7,4,4054.3505541442346
plain,1|2|3|7|10,1,9>2>9>3,544.896,5,3,775.0234888914091
plain,1|2|3|7|10,1,3>6>2>7,999.36,6,4,869.5988125119525
plain,1|2|3|7|10,1,1>6>7,1089.6480000000001,3,3,650.552678330107
plain,1|2|3|7|10,1,4>2,46.8,3,0,668.0
plain,1|2|3|7|10,1,7>1>9>6,1319.616,2,2,10750.392116992472
plain,1|2|3|7|10,1,9>3>4>3,1267.056,4,4,6794.791744445707
plain,1|2|3|7|10,1,2>4>9,77.904,3,1,975.5917444457051
plain,1|2|3|7|10,1,9>3>6>4,1001.952,7,4,3526.232678330108
plain,1|2|3|7|10,1,3>4>6>7,1083.024,6,3,1726.0726783301043
plain,1|2|3|7|10,1,9>2>4>3,541.7280000000001,5,2,746.7917444457051
plain,1|2|3|7|10,1,9>2>6>4,271.87199999999996,3,1,2908.8030670909225
plain,1|2|3|7|10,1,3>6>3>1,1007.712,4,4,3181.91211699247
plain,1|2|3|7|10,1,3>6>9>2,715.68,5,2,4776.155745421029
plain,1|2|3|7|10,1,4>3>2>9,996.624,4,4,3185.2799999999997
plain,1|2|3|7|10,1,2>9>1>4,1127.376,7,5,4777.9023662161435
plain,1|2|3|7|10,1,7>1>4>6,1321.4879999999998,2,2,10769.11211699247
plain,1|2|3|7|10,1,1>9>2>3,1060.56,7,4,3279.5911831080684
plain,1|2|3|7|10,1,1>9>4>9,580.8960000000001,5,2,4262.079438662368
plain,1|2|3|7|10,1,6>4>9>6,301.96799999999996,3,0,3219.6799999999994
plain,1|2|3|7|10,1,1>9>6,653.904,5,2,4093.272116992471
plain,1|2|3|7|10,1,9>4>2>4,124.27199999999999,3,0,1442.7199999999998
plain,1|2|3|7|10,1,2>3>1>4,1124.3519999999999,4,4,4754.558877324731
plain,1|2|3|7|10,1,1>3>2>3,1131.408,4,4,3991.5194386623643
plain,1|2|3|7|10,1,3>9>2>4,546.336,5,2,3082.880000000001
plain,1|2|3|7|10,1,1>3>4>9,651.744,5,2,4970.559438662368
plain,1|2|3|7|10,1,3>2>9,576.576,5,3,3381.831744445706
plain,1|2|3|7|10,1,3>9>4,455.472,5,2,3082.880000000002
plain,1|2|3|7|10,1,9>3>1>4,1049.904,4,4,4754.558877324735
plain,1|2|3|7|10,1,1>3>6,639.792,2,2,3952.1521169924713
plain,1|2|3|7|10,1,3>6>4>2,656.496,5,3,4174.398812511952
plain,1|2|3|7|10,1,4>1>9>6,1182.5280000000002,4,4,4903.9915556548385
plain,1|2|3|7|10,1,2>9>3>2,968.8319999999999,7,4,2433.903488891411
plain,1|2|3|7|10,1,3>6>9>1,1141.4879999999998,7,4,4514.582298589937
plain,1|2|3|7|10,1,1>2>4>9,671.04,5,3,4251.43118310807
plain,1|2|3|7|10,1,3>2>7>1,1597.104,5,4,1915.0394386623657
plain,1|2|3|7|10,1,4>9>3>9,848.16,7,4,3184.7117444457053
plain,1|2|3|7|10,1,9>2>1>4,1199.232,7,4,5499.9106217704375
plain,1|2|3|7|10,1,1>2>6,654.336,5,3,4077.7582511743176
plain,1|2|3|7|10,1,9>3>2>1,1466.4959999999999,4,3,7342.399438662364
plain,1|2|3|7|10,1,2>4,46.656,3,0,666.5600000000001
plain,1|2|3|7|10,1,3>2>4,545.616,5,2,3075.680000000001
plain,1|2|3|7|10,1,2>4>3>4,921.456,7,4,2875.680000000002
plain,1|2|3|7|10,1,2>3>2>7,1398.096,5,4,-9.094947017729282e-13
plain,1|2|3|7|10,1,4>1>7,1296.144,3,3,885.7600000000002
plain,1|2|3|7|10,1,9>4,30.816,3,0,508.16
plain,1|2|3|7|10,1,3>6>9>7,998.6399999999999,6,3,882.2326783301041
plain,1|2|3|7|10,1,1>9>1,1019.664,4,4,5031.038877324731
plain,1|2|3|7|10,1,1>4>2,595.728,5,2,3501.759438662366
plain,1|2|3|7|10,1,2>3>6>9,1107.36,4,4,3835.8326783301045
plain,1|2|3|7|10,1,2>6>1>6,1162.944,7,5,4231.674622745757
plain,1|2|3|7|10,1,3>9,424.656,2,2,3353.600000000002
plain,1|2|3|7|10,1,4>1>4>6,1184.4,4,4,4922.711555654836
plain,1|2|3|7|10,1,6>9>2,241.632,3,0,2616.32
plain,1|2|3|7|10,1,9>3>2>7,1323.648,5,4,9.094947017729282e-13
plain,1|2|3|7|10,1,3>6>4>1,1138.3200000000002,7,4,4486.350554144236
plain,1|2|3|7|10,1,4>2>3>9,938.1600000000001,7,4,3621.6000000000013
plain,1|2|3|7|10,1,3>9>3>4,1271.664,4,4,7122.240000000003
plain,1|2|3|7|10,1,2>9>3>1,578.592,5,3,1036.9429275537748
plain,1|2|3|7|10,1,6>3>2,923.904,4,2,2409.12
plain,1|2|3|7|10,1,3>6>2>6,628.128,5,4,3880.8018796028755
plain,1|2|3|7|10,1,3>6>4>7,995.472,6,3,850.5526783301057
plain,1|2|3|7|10,1,2>3>9>2,966.384,7,4,2416.3199999999997
plain,1|2|3|7|10,1,1>2>1,1168.416,4,4,4286.558877324731
plain,1|2|3|7|10,1,2>9>1>9,1097.28,7,5,5055.822366216141
plain,1|2|3|7|10,1,3>2,498.96,2,1,2609.1200000000017
plain,1|2|3|7|10,1,2>9>3>7,1143.216,6,4,24.783488891409434
plain,1|2|3|7|10,1,2>4>9>4,108.72,3,1,1283.751744445705
plain,1|2|3|7|10,1,9>3>9>2,891.936,7,4,2416.3200000000015
plain,1|2|3|7|10,1,2>9>4>2,155.232,3,1,1748.871744445705
plain,1|2|3|7|10,1,2>3>1>9,1094.2559999999999,4,4,5032.478877324728
plain,1|2|3|7|10,1,4>9>2>3,572.976,5,2,1059.2717444457048
plain,1|2|3|7|10,1,1>3>9>3,982.656,4,4,4735.999438662367
plain,1|2|3|7|10,1,3>9>2>9,577.296,5,3,3389.031744445707
plain,1|2|3|7|10,1,1>4>3,968.976,4,4,3742.399438662368
plain,1|2|3|7|10,1,9>2>3>1,650.4480000000001,5,2,1758.9511831080706
plain,1|2|3|7|10,1,6>1>2>7,1559.088,5,5,810.7194386623646
plain,1|2|3|7|10,1,4>9>6,166.32,3,0,1863.1999999999998
plain,1|2|3|7|10,1,9>3>1>9,1019.808,4,4,5032.478877324732
plain,1|2|3|7|10,1,6>9>3,558.864,5,2,1334.110181597468
plain,1|2|3|7|10,1,2>3>4>2,968.256,4,4,2435.04
plain,1|2|3|7|10,1,1>2>9>3,1063.0079999999998,7,5,3300.6229275537735
plain,1|2|3|7|10,1,1>9>4>3,969.696,7,4,3746.1511831080716
plain,1|2|3|7|10,1,2>3>9>1,1392.192,4,4,8120.95146377689
plain,1|2|3|7|10,1,4>3>6,894.096,4,4,2169.7526783301055
plain,1|2|3|7|10,1,9>3>4>2,893.808,7,4,2435.040000000002
plain,1|2|3|7|10,1,1>9>6>4,789.552,5,2,5449.752116992471
plain,1|2|3|7|10,1,6>4>1>2,1257.408,7,4,5592.437314476493
plain,1|2|3|7|10,1,9>2>3>7,1215.0720000000001,6,3,746.7917444457053
plain,1|2|3|7|10,1,4>2>4>9,124.704,3,1,1443.591744445705
plain,1|2|3|7|10,1,1>3>4>3,1040.5439999999999,4,4,4458.079438662367
plain,1|2|3|7|10,1,3>2>9>4,607.392,5,3,3689.991744445706
plain,1|2|3|7|10,1,2>9>4>1,637.056,5,3,1621.582927553775
plain,1|2|3|7|10,1,1>3>6>4,775.44,5,2,5308.632116992472
plain,1|2|3|7|10,1,4>2>6,108.0,3,1,1270.083067090923
plain,1|2|3|7|10,1,2>4>3>9,891.36,7,4,3153.6000000000013
plain,1|2|3|7|10,1,6>1>9>2,1127.3759999999997,4,4,4293.758877324728
plain,1|2|3|7|10,1,6>2>3,559.5840000000001,5,3,918.8830670909224
plain,1|2|3|7|10,1,2>3>9>7,1249.344,5,5,1.1368683772161603e-12
plain,1|2|3|7|10,1,1>4>9,580.176,5,2,4254.879438662368
plain,1|2|3|7|10,1,9>2>9>1,653.472,5,3,1785.742927553774
plain,1|2|3|7|10,1,1>2>4>3,1059.84,7,4,3275.839438662365
plain,1|2|3|7|10,1,2>9>2>6,213.83999999999997,3,2,2325.034811536628
plain,1|2|3|7|10,1,9>3>9>7,1174.896,5,5,1.1368683772161603e-12
plain,1|2|3|7|10,1,1>2>6>4,789.984,5,3,5434.238251174317
plain,1|2|3|7|10,1,4>9>1,532.08,5,2,1041.831183108068
plain,1|2|3|7|10,1,4>1>6>7,1618.272,5,5,1461.2721169924703
plain,1|2|3|7|10,1,4>6>1>2,1233.504,7,4,5353.397314476495
plain,1|2|3|7|10,1,9>3>4>1,1375.632,4,4,7808.959438662367
plain,1|2|3|7|10,1,2>9>6>3,637.6320000000001,5,3,1702.3834888914107
plain,1|2|3|7|10,1,6>3>9,849.6,4,3,3153.5999999999995
plain,1|2|3|7|10,1,2>3>2>6,1026.864,4,4,3020.955745421028
plain,1|2|3|7|10,1,4>3>1,528.768,2,2,1012.1594386623647
plain,1|2|3|7|10,1,1>4>2>4,642.3839999999999,5,2,3968.3194386623654
plain,1|2|3|7|10,1,6>1>4>2,1129.2479999999998,4,4,4312.478877324728
plain,1|2|3|7|10,1,2>3>4>7,1307.232,5,5,2.0463630789890885e-12
plain,1|2|3|7|10,1,9>3>2>6,952.4159999999999,7,5,3011.0388125119525
plain,1|2|3|7|10,1,6>9>2>4,288.288,3,0,3082.88
plain,1|2|3|7|10,1,9>2>4>1,650.3040000000001,5,2,1757.51118310807
plain,1|2|3|7|10,1,6>2>9,170.49599999999998,3,2,1891.5948115366277
plain,1|2|3|7|10,1,6>9>4,197.424,3,0,2174.2400000000002
plain,1|2|3|7|10,1,9>3>4>7,1232.784,5,5,3.865352482534945e-12
plain,1|2|3|7|10,1,6>4>1>7,1431.792,6,3,2191.6384371517615
plain,1|2|3|7|10,1,4>2>1,622.0799999999999,5,2,1478.7194386623632
plain,1|2|3|7|10,1,9>3>6>3,1291.248,4,4,6087.222859927575
plain,1|2|3|7|10,1,3>6>7,995.472,3,3,850.5526783301057
plain,1|2|3|7|10,1,1>9>2>1,1169.136,7,4,4290.310621770435
plain,1|2|3|7|10,1,6>3>2>4,970.56,4,3,2875.6799999999976
plain,1|2|3|7|10,1,6>3>4,879.696,4,3,2875.680000000002
plain,1|2|3|7|10,1,9>1>2,1093.9679999999998,4,4,4286.558877324731
plain,1|2|3|7|10,1,6>1>9>7,1410.3359999999998,5,5,810.7194386623621
plain,1|2|3|7|10,1,9>2>6>3,561.168,5,3,931.2748115366277
plain,1|2|3|7|10,1,2>9>3>6,943.92,7,5,2194.536167221516
plain,1|2|3|7|10,1,2>6>2,154.07999999999998,3,2,1720.9661341818455
plain,1|2|3|7|10,1,4>3>9>3,1236.96,4,4,7072.711744445705
plain,1|2|3|7|10,1,1>9>2>7,1026.288,6,3,7.200000000000728
plain,1|2|3|7|10,1,6>2>4,139.536,3,1,1585.443067090923
plain,1|2|3|7|10,1,9>6>2,227.952,3,1,2469.603067090923
plain,1|2|3|7|10,1,1>4,548.928,2,2,3942.399438662368
plain,1|2|3|7|10,1,1>9>6>9,820.512,5,2,5759.352116992472
plain,1|2|3|7|10,1,2>4>6,153.504,3,0,1735.04
plain,1|2|3|7|10,1,4>6>1>7,1407.888,6,3,1952.5984371517625
plain,1|2|3|7|10,1,9>4>2>3,544.32,5,2,772.7117444457052
plain,1|2|3|7|10,1,6>9,166.608,3,0,1866.08
plain,1|2|3|7|10,1,4>2>9>3,516.672,5,3,492.78348889141023
plain,1|2|3|7|10,1,6>1>2>6,1187.856,4,4,4898.394622745758
plain,1|2|3|7|10,1,1>3>2>7,1097.136,3,3,715.6800000000017
plain,1|2|3|7|10,1,3>9>2>3,966.384,7,4,2412.871744445705
plain,1|2|3|7|10,1,4>9>6>4,301.96799999999996,3,0,3219.6799999999994
plain,1|2|3|7|10,1,3>9>4>9,486.71999999999997,5,2,3395.3600000000024
plain,1|2|3|7|10,1,9>4>6,137.664,3,0,1576.6399999999999
plain,1|2|3|7|10,1,6>9>3>4,1013.616,7,4,4209.790181597471
plain,1|2|3|7|10,1,1>3>6>9,806.4000000000001,5,2,5618.232116992473
plain,1|2|3|7|10,1,6>1>4>7,1468.224,5,5,810.7194386623664
plain,1|2|3|7|10,1,3>9>6,559.7280000000001,5,2,3226.5526783301075
plain,1|2|3|7|10,1,6>3,424.944,2,1,-1.8189894035458565e-12
plain,1|2|3|7|10,1,1>9>3>1,1019.808,4,4,5032.478877324732
plain,1|2|3|7|10,1,9>2>3>6,1015.7760000000001,7,4,2916.5444227758117
plain,1|2|3|7|10,1,1>2>6>9,820.944,5,3,5743.8382511743175
plain,1|2|3|7|10,1,6>2,92.88,3,1,1118.8830670909229
plain,1|2|3|7|10,1,4>2>4>3,513.504,5,2,467.9999999999994
plain,1|2|3|7|10,1,2>6>3,486.144,5,3,184.48306709092284
plain,1|2|3|7|10,1,2>3>9>6,1026.432,7,4,3026.5526783301057
plain,1|2|3|7|10,1,1>3>9>2,665.424,5,2,4198.719438662365
plain,1|2|3|7|10,1,4>2>6>4,243.648,3,1,2626.5630670909236
plain,1|2|3|7|10,1,3>2>4>9,576.864,5,3,3384.7117444457062
plain,1|2|3|7|10,1,6>2>3>4,1014.336,7,5,3794.563067090926
plain,1|2|3|7|10,1,2>4>1,575.28,5,2,1010.7194386623634
plain,1|2|3|7|10,1,1>4>2>9,673.3439999999999,5,3,4274.47118310807
plain,1|2|3|7|10,1,3>2>6,560.16,5,3,3211.0388125119516
plain,1|2|3|7|10,1,9>6>3,560.0160000000001,5,2,1345.6301815974684
plain,1|2|3|7|10,1,9>3>9>6,951.984,7,4,3026.5526783301075
plain,1|2|3|7|10,1,1>2>3>1,1168.56,4,4,4287.99887732473
plain,1|2|3|7|10,1,2>9>4>6,215.28,3,1,2349.351744445705
plain,1|2|3|7|10,1,9>4>1,559.44,5,2,1315.4311831080684
plain,1|2|3|7|10,1,1>9>4>2,596.448,5,2,3508.959438662365
plain,1|2|3|7|10,1,3>9>1,925.488,4,4,4164.319438662368
plain,1|2|3|7|10,1,2>3>7,1140.048,3,3,-1.8189894035458565e-12
plain,1|2|3|7|10,1,2>1>9,1094.112,4,4,5031.038877324731
plain,1|2|3|7|10,1,3>4>2,501.552,5,2,2635.040000000002
plain,1|2|3|7|10,1,6>3>9>4,880.416,7,3,2882.88
plain,1|2|3|7|10,1,6>3>2>9,1001.52,4,3,3185.279999999999
plain,1|2|3|7|10,1,4>3>1>4,1077.696,4,4,4754.558877324732
plain,1|2|3|7|10,1,2>3>4>6,1028.304,4,4,3045.272678330107
plain,1|2|3|7|10,1,1>3>4>2,667.2959999999999,5,2,4217.439438662365
plain,1|2|3|7|10,1,9>3>7,1065.6,3,3,0.0
plain,1|2|3|7|10,1,4>9>2>1,681.552,5,2,2069.9911831080694
plain,1|2|3|7|10,1,2>6>9,227.808,3,1,2468.163067090923
plain,1|2|3|7|10,1,9>3>4>6,953.856,7,4,3045.272678330107
plain,1|2|3|7|10,1,6>2>9>4,201.31199999999998,3,2,2199.754811536628
plain,1|2|3|7|10,1,7>3>9>2,1056.8159999999998,2,2,8187.679999999999
plain,1|2|3|7|10,1,2>4>9>3,470.15999999999997,5,3,27.663488891409457
plain,1|2|3|7|10,1,4>9>3>2,922.4639999999999,7,3,2440.231744445704
plain,1|2|3|7|10,1,3>2>1,1074.24,4,3,3419.839438662365
plain,1|2|3|7|10,1,2>1>4,1124.208,4,4,4753.118877324734
plain,1|2|3|7|10,1,9>4>9>3,454.32,5,2,339.2717444457029
plain,1|2|3|7|10,1,1>2>9>1,1171.5839999999998,7,5,4311.3423662161385
plain,1|2|3|7|10,1,1>9>4>1,1078.272,7,4,4756.870621770435
plain,1|2|3|7|10,1,9>2>4>6,228.52800000000002,3,0,2485.28
plain,1|2|3|7|10,1,6>1>9>6,1187.424,4,4,4903.991555654835
plain,1|2|3|7|10,1,1>3>9>7,948.384,3,3,715.680000000001
plain,1|2|3|7|10,1,2>9>6>2,305.568,3,2,3242.314811536628
plain,1|2|3|7|10,1,6>9>3>9,983.52,7,4,4487.71018159747
plain,1|2|3|7|10,1,9>1>4,1049.76,4,4,4753.118877324734
plain,1|2|3|7|10,1,2>6>2>4,200.736,3,2,2187.526134181846
plain,1|2|3|7|10,1,1>9>2>6,655.056,5,3,4084.9582511743174
plain,1|2|3|7|10,1,2>6>4,196.848,3,1,2158.563067090923
plain,1|2|3|7|10,1,4>3>2>7,1351.44,5,4,9.094947017729282e-13
plain,1|2|3|7|10,1,7>3>4>2,1058.6879999999999,2,2,8206.400000000001
plain,1|2|3|7|10,1,9>6>2>4,274.608,3,1,2936.163067090923
plain,1|2|3|7|10,1,3>4>3,874.8,4,4,2875.680000000003
plain,1|2|3|7|10,1,1>2>9>7,1028.7359999999999,6,4,28.231744445703953
plain,1|2|3|7|10,1,1>9>4>7,935.424,6,3,7.200000000001637
plain,1|2|3|7|10,1,4>3>6>9,1060.704,7,4,3835.8326783301054
plain,1|2|3|7|10,1,9>6>4,270.72,3,0,2907.2000000000003
plain,1|2|3|7|10,1,1>9>6>3,1078.848,7,4,3888.1822985899385
plain,1|2|3|7|10,1,6>1>7,1301.04,3,3,885.7599999999984
plain,1|2|3|7|10,1,1>3>2>6,725.904,5,3,4793.438251174317
plain,1|2|3|7|10,1,9>3>6>2,959.184,7,5,3078.718812511953
plain,1|2|3|7|10,1,1>2>4>1,1168.416,7,4,4286.55887732473
plain,1|2|3|7|10,1,4>9>3>1,532.2239999999999,5,2,1043.2711831080676
plain,1|2|3|7|10,1,9>4>6>4,273.312,3,0,2933.12
plain,1|2|3|7|10,1,6>1>4>6,1189.2959999999998,4,4,4922.711555654834
plain,1|2|3|7|10,1,1>3>4>7,1006.2719999999999,3,3,715.6800000000017
plain,1|2|3|7|10,1,3>2>9>3,968.832,7,5,2433.9034888914102
plain,1|2|3|7|10,1,3>9>4>3,875.52,7,4,2879.4317444457065
plain,1|2|3|7|10,1,4>2>6>9,274.608,3,1,2936.163067090923
plain,1|2|3|7|10,1,1>3>6>3,1064.736,4,3,3752.1521169924695
plain,1|2|3|7|10,1,2>1,575.28,2,2,1010.7194386623634
plain,1|2|3|7|10,1,6>2>3>9,984.24,7,5,4072.483067090923
plain,1|2|3|7|10,1,3>9>6>4,695.3760000000001,5,2,4583.032678330108
plain,1|2|3|7|10,1,2>9>6>1,746.208,5,3,2713.1029275537744
plain,1|2|3|7|10,1,9>2>6>2,229.10399999999998,3,2,2471.206134181846
plain,1|2|3|7|10,1,4>3>9>2,919.728,7,4,2416.319999999999
plain,1|2|3|7|10,1,9>1,500.832,2,2,1010.7194386623648
plain,1|2|3|7|10,1,1>2>4>7,1025.568,6,3,4.547473508864641e-13
plain,1|2|3|7|10,1,4>9>1>9,1050.912,7,4,5062.1506217704355
plain,1|2|3|7|10,1,2>6,61.2,3,1,802.0830670909229
plain,1|2|3|7|10,1,4>9>3>7,1096.848,6,3,31.111744445702243
plain,1|2|3|7|10,1,1>2>6>3,1079.28,7,5,3460.1582511743154
plain,1|2|3|7|10,1,2>6>3>4,940.896,7,5,3060.1630670909244
plain,1|2|3|7|10,1,3>4>9,486.0,5,2,3388.1600000000026
plain,1|2|3|7|10,1,2>3>1>2,1168.56,4,4,4287.99887732473
plain,1|2|3|7|10,1,4>2>3>1,622.224,5,2,1480.1594386623647
plain,1|2|3|7|10,1,9>6,135.072,3,0,1550.72
plain,1|2|3|7|10,1,9>3>6>1,1399.824,4,4,7103.032116992474
plain,1|2|3|7|10,1,4>9>4>2,108.864,3,0,1288.64
plain,1|2|3|7|10,1,4>3>1>9,1047.6,4,4,5032.478877324731
plain,1|2|3|7|10,1,3>2>4>3,965.664,7,4,2409.12
plain,1|2|3|7|10,1,1>6>2,661.104,5,3,4145.438251174318
plain,1|2|3|7|10,1,2>4>1>4,1124.208,7,4,4753.118877324734
plain,1|2|3|7|10,1,3>2>6>4,695.808,5,3,4567.518812511952
plain,1|2|3|7|10,1,7>3>2>6,1117.296,2,2,8792.31574542103
plain,1|2|3|7|10,1,9>6>3>4,1014.768,7,4,4221.3101815974715
plain,1|2|3|7|10,1,1>4>2>3,1062.432,7,4,3301.759438662365
plain,1|2|3|7|10,1,9>3>1>2,1094.112,4,4,4287.998877324733
plain,1|2|3|7|10,1,3>4>7>1,1506.24,5,5,2381.599438662368
plain,1|2|3|7|10,1,2>3>6>7,1462.176,5,5,650.5526783301038
plain,1|2|3|7|10,1,6>9>2>3,708.336,5,2,2412.871744445705
plain,1|2|3|7|10,1,4>3>4>2,921.5999999999999,7,4,2435.040000000001
plain,1|2|3|7|10,1,1>4>6,655.776,5,2,4111.992116992471
plain,1|2|3|7|10,1,9>2>6>1,669.7439999999999,5,3,1941.9942501989908
plain,1|2|3|7|10,1,1>7,767.52,1,1,75.04056133763424
plain,1|2|3|7|10,1,4>2>1>9,1140.9119999999998,7,4,5499.03887732473
plain,1|2|3|7|10,1,4>2>3>7,1186.848,6,3,467.9999999999982
plain,1|2|3|7|10,1,2>1>9>4,1124.928,4,4,4760.318877324732
plain,1|2|3|7|10,1,6>9>6,301.68,3,0,3216.8
plain,1|2|3|7|10,1,4>3>9>1,1345.536,4,4,8120.951463776888
plain,1|2|3|7|10,1,9>3>6>7,1387.728,5,5,650.5526783301075
plain,1|2|3|7|10,1,3>4>2>4,548.208,5,2,3101.6000000000013
plain,1|2|3|7|10,1,6>3>4>9,910.9440000000001,7,3,3188.1600000000008
plain,1|2|3|7|10,1,9>1>9>4,1050.48,4,4,4760.318877324732
plain,1|2|3|7|10,1,9>4>2>1,652.896,5,2,1783.4311831080684
plain,1|2|3|7|10,1,2>6>9>4,258.62399999999997,3,1,2776.323067090923
plain,1|2|3|7|10,1,2>6>2>9,231.69599999999997,3,3,2493.677878627551
plain,1|2|3|7|10,1,4>2>9>1,625.248,5,3,1503.5029275537752
plain,1|2|3|7|10,1,2>4>3>2,965.664,7,3,2409.12
plain,1|2|3|7|10,1,3>9>2>1,1074.96,7,4,3423.5911831080703
plain,1|2|3|7|10,1,4>3>9>7,1202.6879999999999,5,5,2.2737367544323206e-13
plain,1|2|3|7|10,1,2>9>1>7,1345.9679999999998,6,4,910.5434888914078
plain,1|2|3|7|10,1,6>2>4>9,170.784,3,2,1894.4748115366278
plain,1|2|3|7|10,1,9>4>3>2,949.824,7,3,2713.8317444457043
plain,1|2|3|7|10,1,2>4>6>9,320.11199999999997,3,0,3401.12
plain,1|2|3|7|10,1,4>9>2>6,167.472,3,1,1864.803067090923
plain,1|2|3|7|10,1,1>6>3,993.1680000000001,4,3,3036.472116992469
plain,1|2|3|7|10,1,1>3>9>6,725.472,5,2,4808.95211699247
plain,1|2|3|7|10,1,3>9>3>2,1315.872,4,4,6655.680000000003
plain,1|2|3|7|10,1,2>3>1>7,1342.944,3,3,887.1999999999971
plain,1|2|3|7|10,1,1>4>1,1077.5520000000001,4,4,4753.118877324733
plain,1|2|3|7|10,1,3>9>2>7,932.1120000000001,6,3,207.20000000000073
plain,1|2|3|7|10,1,4>9>6>3,591.264,5,2,1658.110181597468
plain,1|2|3|7|10,1,1>9>7,876.816,3,3,6.821210263296962e-13
plain,1|2|3|7|10,1,4>3>2>6,980.2080000000001,4,4,3020.9557454210308
plain,1|2|3|7|10,1,3>4,454.752,2,2,3075.680000000004
plain,1|2|3|7|10,1,6>9>1,667.44,5,2,2344.8296202598326
plain,1|2|3|7|10,1,9>3>1>7,1268.496,3,3,887.2000000000007
plain,1|2|3|7|10,1,3>9>6>9,726.336,5,2,4892.632678330107
plain,1|2|3|7|10,1,6>4>2,182.44799999999998,3,1,2014.5630670909227
plain,1|2|3|7|10,1,4>2>4>1,622.08,5,2,1478.7194386623642
plain,1|2|3|7|10,1,6>1>6>7,1623.1680000000001,5,5,1461.2721169924703
plain,1|2|3|7|10,1,1>2>9>6,805.824,5,3,5599.1069285291005
plain,1|2|3|7|10,1,1>9>4>6,656.496,5,2,4119.192116992472
plain,1|2|3|7|10,1,4>3>4>7,1260.576,5,5,3.865352482534945e-12
plain,1|2|3|7|10,1,2>4>3>1,575.424,5,2,1012.1594386623639
plain,1|2|3|7|10,1,4>3>6>3,1319.04,4,4,6368.591115481871
plain,1|2|3|7|10,1,2>4>9>2,152.928,3,1,1725.831744445705
plain,1|2|3|7|10,1,6>3>1,533.664,2,2,1012.1594386623633
plain,1|2|3|7|10,1,9>2>1>7,1417.824,6,3,1632.5517444457055
plain,1|2|3|7|10,1,1>3>4>6,727.3439999999999,5,2,4827.672116992471
plain,1|2|3|7|10,1,9>4>3>1,559.584,5,2,1316.871183108067
plain,1|2|3|7|10,1,2>6>3>9,910.8,7,5,3338.0830670909236
plain,1|2|3|7|10,1,4>1>2,1121.76,4,4,4286.558877324732
plain,1|2|3|7|10,1,3>9>3>1,925.6320000000001,4,4,4165.759438662367
plain,1|2|3|7|10,1,1>6>9,734.8320000000001,5,2,4902.552116992472
plain,1|2|3|7|10,1,4>2>6>3,532.944,5,3,652.4830670909218
plain,1|2|3|7|10,1,1>2>7,1025.568,3,3,1.3642420526593924e-12
plain,1|2|3|7|10,1,2>4>1>9,1094.112,7,4,5031.038877324731
plain,1|2|3|7|10,1,6>2>1,668.16,5,3,1929.6025057532863
plain,1|2|3|7|10,1,7>3>9>6,1116.864,2,2,8797.912678330107
plain,1|2|3|7|10,1,3>2>6>9,726.768,5,3,4877.1188125119525
plain,1|2|3|7|10,1,2>4>3>7,1140.048,6,3,-1.8189894035458565e-12
plain,1|2|3|7|10,1,1>4>9>3,972.432,7,4,3773.5111831080703
plain,1|2|3|7|10,1,1>2>4>6,746.6399999999999,5,2,5010.715184083393
plain,1|2|3|7|10,1,4>9>3>6,897.5519999999999,7,4,2200.8644227758086
plain,1|2|3|7|10,1,4>6>2,199.728,3,1,2187.3630670909233
plain,1|2|3|7|10,1,9>4>3>7,1124.208,6,3,304.7117444457044
plain,1|2|3|7|10,1,1>9>6>2,746.784,5,3,5002.238251174317
plain,1|2|3|7|10,1,3>4>2>9,579.168,5,3,3407.751744445706
plain,1|2|3|7|10,1,2>4>9>1,578.736,5,3,1038.3829275537744
plain,1|2|3|7|10,1,6>3>9>3,1241.856,4,4,7071.070181597469
plain,1|2|3|7|10,1,1>6>2>4,707.76,5,3,4611.998251174317
plain,1|2|3|7|10,1,6>4>3,555.696,5,2,1305.8784371517643
plain,1|2|3|7|10,1,3>2>3>1,1074.384,4,3,3421.2794386623655
plain,1|2|3|7|10,1,1>6>4,703.8720000000001,5,2,4592.952116992472
plain,1|2|3|7|10,1,3>9>4>2,502.272,5,2,2642.24
plain,1|2|3|7|10,1,9>4>9>1,562.896,5,2,1349.991183108067
plain,1|2|3|7|10,1,1>3>6>2,732.672,5,3,4861.118251174317
plain,1|2|3|7|10,1,7>3>4>6,1118.7359999999999,2,2,8816.632678330107
plain,1|2|3|7|10,1,1>4>6>4,791.424,5,2,5468.472116992471
plain,1|2|3|7|10,1,4>2>3>6,987.552,7,4,2637.7526783301064
plain,1|2|3|7|10,1,6>2>9>3,562.752,5,4,943.6665559823324
plain,1|2|3|7|10,1,6>9>4>3,617.472,5,2,1920.190181597467
plain,1|2|3|7|10,1,6>3>4>3,1299.7440000000001,4,4,7074.51843715177
plain,1|2|3|7|10,1,2>1>6,1143.504,4,4,4047.1915556548342
plain,1|2|3|7|10,1,1>9>6>1,1187.424,7,4,4898.901737252303
plain,1|2|3|7|10,1,4>6>3,531.792,5,2,1066.8384371517643
plain,1|2|3|7|10,1,4>3>9>6,979.776,7,4,3026.5526783301066
plain,1|2|3|7|10,1,2>9>1>6,1146.672,7,5,4071.9750445462473
plain,1|2|3|7|10,1,2>6>4>9,228.096,3,1,2471.043067090923
plain,1|2|3|7|10,1,6>4>9,166.896,3,0,1868.9599999999998
plain,1|2|3|7|10,1,2>4>2>6,154.656,3,1,1736.6430670909228
plain,1|2|3|7|10,1,9>1>6,1069.056,4,4,4047.191555654838
plain,1|2|3|7|10,1,3>2>9>1,1077.408,7,5,3444.6229275537735
plain,1|2|3|7|10,1,3>9>4>1,984.096,7,4,3890.1511831080697
plain,1|2|3|7|10,1,1>6,568.224,2,2,3236.472116992472
plain,1|2|3|7|10,1,6>2>4>3,559.5840000000001,5,3,918.8830670909224
plain,1|2|3|7|10,1,3>4>3>9,1299.456,4,4,7122.240000000003
plain,1|2|3|7|10,1,9>6>2>3,694.656,5,3,2266.154811536627
plain,1|2|3|7|10,1,9>4>2>6,138.816,3,1,1578.243067090923
plain,1|2|3|7|10,1,2>4>6>3,578.448,5,2,1117.439999999999
plain,1|2|3|7|10,1,2>3>1>6,1143.6480000000001,4,4,4048.6315556548366
plain,1|2|3|7|10,1,1>9>6>7,1175.328,6,3,1507.3526783301045
plain,1|2|3|7|10,1,4>2>9>6,259.488,3,1,2791.431744445705
plain,1|2|3|7|10,1,4>9>4>6,168.912,3,0,1889.1200000000001
plain,1|2|3|7|10,1,3>9>2>6,560.88,5,3,3218.2388125119523
plain,1|2|3|7|10,1,4>3>7,1093.392,3,3,-9.094947017729282e-13
plain,1|2|3|7|10,1,4>1>9,1047.4560000000001,4,4,5031.038877324732
plain,1|2|3|7|10,1,9>4>6>3,562.608,5,2,1371.5501815974676
plain,1|2|3|7|10,1,9>3>1>6,1069.2,4,4,4048.6315556548366
plain,1|2|3|7|10,1,1>2>6>1,1187.856,7,5,4470.8776898366805
plain,1|2|3|7|10,1,3>2>9>7,934.56,6,4,228.23174444570395
plain,1|2|3|7|10,1,3>9>4>7,841.248,6,3,207.2000000000021
plain,1|2|3|7|10,1,6>9>1>4,1216.368,7,4,6087.229058922201
plain,1|2|3|7|10,1,1>3>6>7,1161.216,3,3,1366.2326783301055
plain,1|2|3|7|10,1,3>9>6>3,984.672,7,4,3021.4628599275757
plain,1|2|3|7|10,1,4>3>4>6,981.6479999999999,7,4,3045.272678330106
plain,1|2|3|7|10,1,3>2>4>1,1074.24,7,4,3419.839438662365
plain,1|2|3|7|10,1,4>6>9,273.456,3,0,2934.5600000000004
plain,1|2|3|7|10,1,6>3>1>4,1082.592,4,4,4754.558877324735
plain,1|2|3|7|10,1,9>2>1>6,1218.528,7,4,4793.983300100541
plain,1|2|3|7|10,1,1>4>2>1,1171.0079999999998,7,4,4312.478877324728
plain,1|2|3|7|10,1,1>2>6>7,1175.76,6,4,1491.8388125119527
plain,1|2|3|7|10,1,6>9>2>1,816.912,5,2,3423.59118310807
plain,1|2|3|7|10,1,1>6>9>4,765.6480000000001,5,2,5210.712116992472
plain,1|2|3|7|10,1,2>6>1,594.72,5,3,1195.2025057532876
plain,1|2|3|7|10,1,1>6>2>9,738.72,5,4,4918.149995620023
plain,1|2|3|7|10,1,2>4>3>6,940.752,7,4,2169.7526783301064
plain,1|2|3|7|10,1,6>2>1>4,1217.088,7,5,5672.001944415654
plain,1|2|3|7|10,1,3>2>4>7,931.392,6,3,200.0000000000009
plain,1|2|3|7|10,1,4>9>6>2,259.2,3,1,2782.083067090923
plain,1|2|3|7|10,1,3>2>6>3,985.104,7,5,2593.438812511952
plain,1|2|3|7|10,1,6>9>3>2,1057.824,7,3,3743.2301815974706
plain,1|2|3|7|10,1,1>4>2>7,1028.1599999999999,6,3,25.91999999999871
plain,1|2|3|7|10,1,9>6>1,668.592,5,2,2356.349620259832
plain,1|2|3|7|10,1,9>4>3>6,924.912,7,4,2474.464422775811
plain,1|2|3|7|10,1,4>6>2>4,246.38400000000001,3,0,2663.84
plain,1|2|3|7|10,1,1>4>6>9,822.384,5,2,5778.072116992473
plain,1|2|3|7|10,1,4>6>4,242.49599999999998,3,0,2624.96
plain,1|2|3|7|10,1,3>9>3>6,1290.96,4,4,6416.312678330109
plain,1|2|3|7|10,1,3>6>2,566.928,5,3,3278.718812511952
plain,1|2|3|7|10,1,6>4,135.648,3,0,1556.48
plain,1|2|3|7|10,1,4>3>6>2,986.976,7,5,3078.718812511952
plain,1|2|3|7|10,1,3>4>2>3,968.2560000000001,7,4,2435.040000000002
plain,1|2|3|7|10,1,6>4>3>4,1010.4480000000001,7,4,4181.558437151769
plain,1|2|3|7|10,1,7>1>9>4,1215.36,2,2,10606.719438662367
plain,1|2|3|7|10,1,6>3>2>7,1356.336,5,3,-9.094947017729282e-13
plain,1|2|3|7|10,1,3>4>6,561.6,5,2,3245.272678330107
plain,1|2|3|7|10,1,3>7,673.344,1,1,200.0
plain,1|2|3|7|10,1,4>2>6>2,200.88,3,2,2188.9661341818464
plain,1|2|3|7|10,1,2>6>9>3,620.064,5,3,1520.234811536627
plain,1|2|3|7|10,1,1>4>3>1,1077.696,4,4,4754.558877324732
plain,1|2|3|7|10,1,4>1,528.624,2,2,1010.7194386623642
plain,1|2|3|7|10,1,2>4>9>6,212.976,3,1,2326.3117444457052
plain,1|2|3|7|10,1,1>4>9>2,655.2,5,2,4096.479438662365
plain,1|2|3|7|10,1,4>9>6>1,699.8399999999999,5,2,2668.8296202598317
plain,1|2|3|7|10,1,6>9>3>1,667.5840000000001,5,2,2346.269620259832
plain,1|2|3|7|10,1,9>6>9>3,693.9359999999999,5,2,2684.8301815974664
plain,1|2|3|7|10,1,4>9>1>2,1125.216,7,4,4317.670621770435
plain,1|2|3|7|10,1,4>6,106.848,3,0,1268.48
plain,1|2|3|7|10,1,4>3>6>1,1427.616,4,4,7380.952116992472
plain,1|2|3|7|10,1,6>3>9>2,924.624,7,3,2416.319999999998
plain,1|2|3|7|10,1,4>3>1>2,1121.904,4,4,4287.998877324732
plain,1|2|3|7|10,1,6>9>1>9,1186.272,7,4,6365.1490589221985
plain,1|2|3|7|10,1,6>9>3>7,1232.208,6,3,1334.110181597469
plain,1|2|3|7|10,1,6>4>9>4,197.712,3,0,2177.12
plain,1|2|3|7|10,1,6>4>2>9,260.06399999999996,3,2,2787.2748115366276
plain,1|2|3|7|10,1,2>6>4>3,616.896,5,3,1492.0030670909214
plain,1|2|3|7|10,1,3>6>3,898.992,4,3,2169.7526783301046
plain,1|2|3|7|10,1,4>2>6>1,641.52,5,3,1663.2025057532867
plain,1|2|3|7|10,1,6>2>3>1,668.3040000000001,5,3,1931.0425057532877
plain,1|2|3|7|10,1,3>4>1,983.376,4,4,3886.399438662368
plain,1|2|3|7|10,1,6>2>9>2,245.51999999999998,3,2,2641.834811536628
plain,1|2|3|7|10,1,6>9>4>2,244.224,3,0,2642.24
plain,1|2|3|7|10,1,9>6>4>3,690.768,5,2,2653.150181597468
plain,1|2|3|7|10,1,4>3>6>7,1415.52,5,5,650.5526783301057
plain,1|2|3|7|10,1,6>3>1>9,1052.496,4,4,5032.478877324732
plain,1|2|3|7|10,1,1>4>9>1,1081.008,7,4,4784.230621770435
plain,1|2|3|7|10,1,3>9>7,782.64,3,3,200.00000000000114
plain,1|2|3|7|10,1,3>2>9>6,711.648,5,3,4732.387489866735
plain,1|2|3|7|10,1,3>9>4>6,562.3199999999999,5,2,3252.4726783301057
plain,1|2|3|7|10,1,4>1>9>4,1078.2720000000002,4,4,4760.318877324733
plain,1|2|3|7|10,1,6>3>4>2,926.496,7,3,2435.039999999998
plain,1|2|3|7|10,1,2>9>2,152.64,3,1,1722.951744445705
plain,1|2|3|7|10,1,6>2>1>9,1186.992,7,5,5949.921944415653
plain,1|2|3|7|10,1,6>2>3>7,1232.928,6,4,918.8830670909222
plain,1|2|3|7|10,1,6>3>9>1,1350.432,4,4,8119.3099009286525
plain,1|2|3|7|10,1,1>4>9>7,938.1600000000001,6,3,34.56000000000222
plain,1|2|3|7|10,1,4>6>9>4,304.272,3,0,3242.72
plain,1|2|3|7|10,1,4>6>2>9,277.344,3,2,2960.074811536628
plain,1|2|3|7|10,1,2>3>2,965.664,4,3,2409.12
plain,1|2|3|7|10,1,6>2>4>2,186.336,3,1,2053.4430670909233
plain,1|2|3|7|10,1,3>6>9,640.656,5,2,4035.8326783301063
plain,1|2|3|7|10,1,4>9>1>7,1299.6,6,3,916.8717444457016
plain,1|2|3|7|10,1,3>2>7,931.392,3,2,200.0000000000009
plain,1|2|3|7|10,1,2>4>6>2,246.384,3,1,2653.9230670909233
plain,1|2|3|7|10,1,3>4>9>3,878.256,7,4,2906.7917444457053
plain,1|2|3|7|10,1,6>2>9>1,671.328,5,4,1954.3859946446973
plain,1|2|3|7|10,1,6>9>4>1,726.048,5,2,2930.9096202598316
plain,1|2|3|7|10,1,2>6>1>4,1143.6480000000001,7,5,4937.601944415656
plain,1|2|3|7|10,1,3>2>4>6,652.4639999999999,5,2,4143.995745421029
plain,1|2|3|7|10,1,9>3>2,891.2159999999999,4,3,2409.1200000000017
plain,1|2|3|7|10,1,6>4>3>9,980.3520000000001,7,4,4459.478437151766
plain,1|2|3|7|10,1,6>3>9>7,1207.584,5,4,-6.821210263296962e-13
plain,1|2|3|7|10,1,1>6>2>3,1127.808,7,5,3945.438251174316
plain,1|2|3|7|10,1,1>6>4>9,735.1200000000001,5,2,4905.4321169924715
plain,1|2|3|7|10,1,4>3>1>7,1296.288,3,3,887.1999999999989
plain,1|2|3|7|10,1,1>4>2>6,656.928,5,3,4103.678251174317
plain,1|2|3|7|10,1,9>4>6>2,230.54399999999998,3,1,2495.5230670909227
activated,1|2|3|7|10,1,9>6>1>4,1217.52,7,2,12375.2
activated,1|2|3|7|10,1,6>3>4>1,1408.3200000000002,4,0,14283.2
activated,1|2|3|7|10,1,6>9>2>6,302.832,3,0,3228.3199999999997
activated,1|2|3|7|10,1,3>9>6>2,652.6080000000001,5,1,4145.600000000001
activated,1|2|3|7|10,1,1>4>6>3,1080.72,7,0,11007.2
activated,1|2|3|7|10,1,3>6>2>4,613.584,5,1,3755.3599999999997
activated,1|2|3|7|10,1,3>6>4,609.696,5,0,6296.96
activated,1|2|3|7|10,1,4>2>1>7,1389.6,6,3,1553.760000000002
activated,1|2|3|7|10,1,6>3>2>6,985.104,4,1,7470.560000000001
activated,1|2|3|7|10,1,2>1>2>7,1600.848,5,5,1010.7194386623673
activated,1|2|3|7|10,1,2>9>3,469.87199999999996,5,2,231.68000000000148
activated,1|2|3|7|10,1,6>2>4>1,668.1600000000001,5,2,2139.519438662367
activated,1|2|3|7|10,1,9>6>2>1,803.232,5,2,3490.2394386623664
activated,1|2|3|7|10,1,3>4>6>4,697.248,5,0,7172.4800000000005
activated,1|2|3|7|10,1,6>3>4>7,1265.472,5,1,5921.279999999997
activated,1|2|3|7|10,1,2>6>3>2,985.104,7,3,2803.520000000003
activated,1|2|3|7|10,1,2>4>6>1,687.024,5,2,2328.1594386623665
activated,1|2|3|7|10,1,9>1>2>7,1526.3999999999999,5,4,5008.319999999999
activated,1|2|3|7|10,1,4>6>3>9,956.4480000000001,7,0,9764.480000000001
activated,1|2|3|7|10,1,9>6>3>2,1058.976,7,1,8209.280000000002
activated,1|2|3|7|10,1,9>4>6>1,671.184,5,2,6911.84
activated,1|2|3|7|10,1,6>1>2,1126.656,4,4,8811.039438662365
activated,1|2|3|7|10,1,3>9>6>1,1093.248,7,2,11132.48
activated,1|2|3|7|10,1,9>4>1>2,1152.576,7,3,9070.239438662366
activated,1|2|3|7|10,1,6>2>6>3,579.024,5,2,1323.2000000000019
activated,1|2|3|7|10,1,1>6>1,1101.7440000000001,4,2,11217.440000000002
activated,1|2|3|7|10,1,2>1>9>2,1169.136,4,4,4493.7588773247335
activated,1|2|3|7|10,1,3>6,474.048,2,0,4940.48
activated,1|2|3|7|10,1,9>2>3,541.7280000000001,5,2,950.2400000000027
activated,1|2|3|7|10,1,9>1>9>2,1094.688,4,3,8491.359438662366
activated,1|2|3|7|10,1,3>6>3>4,1353.744,4,0,13737.439999999999
activated,1|2|3|7|10,1,6>4>2>3,649.152,5,2,2024.4800000000025
activated,1|2|3|7|10,1,2>6>3>1,594.864,5,2,1406.559438662367
activated,1|2|3|7|10,1,3>9>6>7,1081.152,6,1,4078.079999999998
activated,1|2|3|7|10,1,2>6>9>2,302.832,3,0,3228.3199999999997
activated,1|2|3|7|10,1,3>2>6>1,1093.6799999999998,7,3,3814.2394386623664
activated,1|2|3|7|10,1,2>3>9,891.36,4,2,4446.560000000002
activated,1|2|3|7|10,1,9>6>3>1,668.7360000000001,5,2,6887.360000000001
activated,1|2|3|7|10,1,2>1>4>2,1171.008,4,4,4512.478877324733
activated,1|2|3|7|10,1,2>6>1>9,1113.5520000000001,7,2,6593.439438662367
activated,1|2|3|7|10,1,2>6>3>7,1159.488,6,3,194.40000000000055
activated,1|2|3|7|10,1,1>6>9>3,1127.0880000000002,7,0,11470.880000000001
activated,1|2|3|7|10,1,1>4>9>6,715.248,5,0,7352.4800000000005
activated,1|2|3|7|10,1,3>4>2>1,1076.8319999999999,7,3,3645.759438662367
activated,1|2|3|7|10,1,2>9>4,108.432,3,0,1284.3200000000002
activated,1|2|3|7|10,1,4>1>6,1096.848,4,0,11168.48
activated,1|2|3|7|10,1,9>1>4>2,1096.56,4,3,8510.079438662364
activated,1|2|3|7|10,1,2>4>1>7,1342.8,6,3,1085.760000000002
activated,1|2|3|7|10,1,3>2>6>7,1081.5839999999998,6,2,1501.9199999999964
activated,1|2|3|7|10,1,9>6>3>7,1233.3600000000001,6,1,5600.16
activated,1|2|3|7|10,1,2>6>4>2,243.64800000000002,3,0,2636.4800000000005
activated,1|2|3|7|10,1,4>6>2>3,666.432,5,2,2197.280000000002
activated,1|2|3|7|10,1,4>9>1>6,1100.304,7,1,11203.04
activated,1|2|3|7|10,1,4>6>4>9,273.74399999999997,3,0,2937.4399999999996
activated,1|2|3|7|10,1,3>6>9>4,671.472,5,0,6914.719999999999
activated,1|2|3|7|10,1,3>6>2>9,644.544,5,1,4064.96
activated,1|2|3|7|10,1,9>4>1>7,1326.96,6,2,5669.440561337635
activated,1|2|3|7|10,1,2>6>9>1,728.64,5,2,2744.3194386623663
activated,1|2|3|7|10,1,2>3>4,921.456,4,2,4747.520000000001
activated,1|2|3|7|10,1,9>6>4>2,317.52000000000004,3,0,3375.2000000000003
activated,1|2|3|7|10,1,2>1>9>7,1452.096,5,3,2178.720000000001
activated,1|2|3|7|10,1,9>3>2>4,937.8719999999998,7,1,6998.239999999998
activated,1|2|3|7|10,1,3>4>2>7,933.984,6,2,25.919999999998254
activated,1|2|3|7|10,1,4>3>1>6,1096.9920000000002,4,0,11169.920000000002
activated,1|2|3|7|10,1,9>6>9>1,802.512,5,2,8225.119999999999
activated,1|2|3|7|10,1,1>4>7,934.704,3,1,1746.8805613376335
activated,1|2|3|7|10,1,9>3>4,847.008,4,0,8670.08
activated,1|2|3|7|10,1,6>4>1,664.272,5,2,6842.72
activated,1|2|3|7|10,1,3>4>6>9,728.2080000000001,5,0,7482.080000000001
activated,1|2|3|7|10,1,1>6>4>3,1123.92,7,0,11439.2
activated,1|2|3|7|10,1,9>1>9>7,1377.648,5,2,6176.320561337634
activated,1|2|3|7|10,1,6>2>9>6,305.568,3,0,3255.68
activated,1|2|3|7|10,1,6>9>4>6,304.272,3,0,3242.72
activated,1|2|3|7|10,1,4>2>1>6,1190.304,7,2,7360.959438662368
activated,1|2|3|7|10,1,2>9,77.616,3,0,976.16
activated,1|2|3|7|10,1,9>2>4,121.68,3,0,1416.8000000000002
activated,1|2|3|7|10,1,6>3>7,1098.288,3,1,4249.439999999999
activated,1|2|3|7|10,1,6>1>9,1052.3519999999999,4,2,10723.519999999999
activated,1|2|3|7|10,1,2>1>2>6,1229.616,4,4,5098.558877324733
activated,1|2|3|7|10,1,2>6>4>1,725.472,5,2,2712.639438662366
activated,1|2|3|7|10,1,2>9>3>4,924.624,7,2,4779.200000000002
activated,1|2|3|7|10,1,2>1>4>7,1509.9840000000002,5,3,2757.600000000004
activated,1|2|3|7|10,1,3>4>3>1,983.52,4,0,10035.2
activated,1|2|3|7|10,1,9>1>2>6,1155.168,4,3,9096.159438662364
activated,1|2|3|7|10,1,3>4>9>2,561.024,5,1,3229.76
activated,1|2|3|7|10,1,1>9>2,593.856,5,2,3483.0394386623657
activated,1|2|3|7|10,1,2>3,466.704,2,2,200.0000000000021
activated,1|2|3|7|10,1,9>6>4>1,799.344,5,2,8193.44
activated,1|2|3|7|10,1,9>1>4>7,1435.536,5,2,6755.200561337635
activated,1|2|3|7|10,1,4>6>1,640.3679999999999,5,2,6603.679999999999
activated,1|2|3|7|10,1,6>4>9>3,559.1519999999999,5,0,5791.5199999999995
activated,1|2|3|7|10,1,3>6>3>9,1323.648,4,0,13436.48
activated,1|2|3|7|10,1,9>3,392.256,2,0,4122.5599999999995
activated,1|2|3|7|10,1,1>3>2,664.704,2,2,4191.519438662365
activated,1|2|3|7|10,1,6>1>4,1082.4479999999999,4,2,11024.48
activated,1|2|3|7|10,1,1>4>6>2,748.656,5,2,5031.039438662366
activated,1|2|3|7|10,1,9>2,75.024,3,0,950.24
activated,1|2|3|7|10,1,9>2>3>4,996.48,7,2,5497.760000000001
activated,1|2|3|7|10,1,3>4>9>1,986.832,7,1,10068.32
activated,1|2|3|7|10,1,6>3>6>2,991.872,7,1,7538.24
activated,1|2|3|7|10,1,1>6>2>1,1236.384,7,4,5166.238877324733
activated,1|2|3|7|10,1,4>6>9>3,665.712,5,0,6857.12
activated,1|2|3|7|10,1,2>3>9>4,922.176,7,2,4754.720000000002
activated,1|2|3|7|10,1,2>3>2>9,1043.28,4,3,3385.2800000000016
activated,1|2|3|7|10,1,1>9>3,911.088,4,0,9310.88
activated,1|2|3|7|10,1,2>6>3>6,960.192,7,2,5134.880000000002
activated,1|2|3|7|10,1,1>4>6>1,1189.2959999999998,7,2,12092.96
activated,1|2|3|7|10,1,9>3>9>4,847.7280000000001,7,0,8677.28
activated,1|2|3|7|10,1,3>4>9>7,843.9839999999999,6,1,1706.3999999999978
activated,1|2|3|7|10,1,6>1,533.52,2,2,5535.2
activated,1|2|3|7|10,1,2>4>1>6,1143.504,7,2,6892.959438662366
activated,1|2|3|7|10,1,1>6>2>7,1093.536,6,3,679.6800000000007
activated,1|2|3|7|10,1,6>9>1>2,1260.576,7,4,10150.239438662366
activated,1|2|3|7|10,1,9>4>1>6,1127.6640000000002,7,1,11476.640000000003
activated,1|2|3|7|10,1,4>6>4>3,662.544,5,0,6825.44
activated,1|2|3|7|10,1,3>6>2>3,1033.632,7,3,3288.800000000002
activated,1|2|3|7|10,1,1>4>6>7,1177.1999999999998,6,1,4171.840561337633
activated,1|2|3|7|10,1,3>6>4>9,640.9440000000001,5,0,6609.4400000000005
activated,1|2|3|7|10,1,2>1>9>6,1229.1840000000002,4,2,7749.759438662369
activated,1|2|3|7|10,1,1>2>3,1059.84,4,4,3475.8394386623677
activated,1|2|3|7|10,1,3>4>2>6,562.7520000000001,5,1,3247.040000000001
activated,1|2|3|7|10,1,6>3>1>2,1126.8,4,4,8812.479438662365
activated,1|2|3|7|10,1,2>9>3>9,894.528,7,2,4478.2400000000025
activated,1|2|3|7|10,1,6>4>1>4,1213.2,7,2,12332.0
activated,1|2|3|7|10,1,9>1>9>6,1154.7359999999999,4,1,11747.359999999999
activated,1|2|3|7|10,1,3>4>6>3,986.5440000000001,7,0,10065.44
activated,1|2|3|7|10,1,6>2>6>1,687.5999999999999,5,2,2333.919438662366
activated,1|2|3|7|10,1,1>6>3>1,1101.8880000000001,4,2,11218.880000000001
activated,1|2|3|7|10,1,1>6>9>2,809.8560000000001,5,2,5643.039438662367
activated,1|2|3|7|10,1,6>3>6>7,1420.416,5,1,7470.7199999999975
activated,1|2|3|7|10,1,4>9>2,106.272,3,0,1262.72
activated,1|2|3|7|10,1,2>1>7,1342.8,3,3,1085.760000000002
activated,1|2|3|7|10,1,1>3>9,590.4,2,0,6104.0
activated,1|2|3|7|10,1,6>1>9>4,1083.168,4,2,11031.679999999998
activated,1|2|3|7|10,1,6>4>2>1,757.728,5,2,3035.1994386623664
activated,1|2|3|7|10,1,2>1>4>6,1231.056,4,2,7768.479438662368
activated,1|2|3|7|10,1,9>1>7,1268.3519999999999,3,2,5083.360561337633
activated,1|2|3|7|10,1,4>3>2,919.008,4,1,6809.6
activated,1|2|3|7|10,1,1>9>2>4,640.512,5,2,3949.599438662365
activated,1|2|3|7|10,1,9>1>4>6,1156.608,4,1,11766.08
activated,1|2|3|7|10,1,1>2>9,670.752,5,2,4251.999438662366
activated,1|2|3|7|10,1,1>9>4,549.648,5,0,5696.4800000000005
activated,1|2|3|7|10,1,6>4>3>2,1054.656,7,1,8166.08
activated,1|2|3|7|10,1,7>1>9>2,1259.5679999999998,2,2,10140.159438662362
activated,1|2|3|7|10,1,1>6>4>2,750.672,5,2,5051.199438662366
activated,1|2|3|7|10,1,6>9>1>7,1434.96,6,3,6749.440561337635
activated,1|2|3|7|10,1,1>3>2>4,711.3599999999999,5,2,4658.079438662365
activated,1|2|3|7|10,1,3>6>1,1007.568,4,2,10275.68
activated,1|2|3|7|10,1,3>4>3>6,1348.848,4,0,13688.48
activated,1|2|3|7|10,1,1>6>9>1,1235.6640000000002,7,2,12556.640000000003
activated,1|2|3|7|10,1,1>3>4,620.496,2,0,6404.96
activated,1|2|3|7|10,1,6>3>1>7,1301.184,3,3,5411.680561337635
activated,1|2|3|7|10,1,4>6>2>1,775.008,5,2,3207.9994386623666
activated,1|2|3|7|10,1,4>1>2>7,1554.192,5,3,5286.240000000001
activated,1|2|3|7|10,1,1>2>4,639.7919999999999,5,2,3942.3994386623654
activated,1|2|3|7|10,1,4>9>3,423.50399999999996,5,0,4435.04
activated,1|2|3|7|10,1,7>1>4>2,1261.4399999999998,2,2,10158.879438662363
activated,1|2|3|7|10,1,1>6>9>7,1092.816,6,1,3328.0005613376343
activated,1|2|3|7|10,1,6>2>1>7,1435.6799999999998,6,3,2014.5600000000013
activated,1|2|3|7|10,1,4>6>3>2,1030.752,7,1,7927.040000000001
activated,1|2|3|7|10,1,1>9,518.832,2,0,5388.32
activated,1|2|3|7|10,1,6>4>3>1,664.416,5,2,6844.160000000001
activated,1|2|3|7|10,1,2>9>6,212.688,3,0,2326.88
activated,1|2|3|7|10,1,6>4>9>2,241.92,3,0,2619.2
activated,1|2|3|7|10,1,1>6>4>1,1232.496,7,2,12524.960000000001
activated,1|2|3|7|10,1,3>6>9>3,1032.9119999999998,7,0,10529.119999999999
activated,1|2|3|7|10,1,2>3>4>9,952.7040000000001,4,2,5060.000000000003
activated,1|2|3|7|10,1,3>4>9>6,621.072,5,0,6410.72
activated,1|2|3|7|10,1,2>3>6,940.752,4,2,4940.480000000002
activated,1|2|3|7|10,1,9>3>2>3,1357.9199999999998,4,3,6531.680000000002
activated,1|2|3|7|10,1,1>6>2>6,722.3040000000001,5,2,4767.519438662367
activated,1|2|3|7|10,1,6>4>1>9,1183.104,7,2,12031.04
activated,1|2|3|7|10,1,6>4>3>7,1229.04,6,1,5556.959999999997
activated,1|2|3|7|10,1,4>2>3,513.504,5,2,668.000000000002
activated,1|2|3|7|10,1,4>1>9>2,1122.48,4,2,8769.279438662365
activated,1|2|3|7|10,1,1>6>4>7,1089.6480000000001,6,1,3296.320561337636
activated,1|2|3|7|10,1,9>3>6,866.304,4,0,8863.039999999999
activated,1|2|3|7|10,1,1>2,593.136,2,2,3475.839438662366
activated,1|2|3|7|10,1,3>4>7,840.528,3,1,1671.8399999999983
activated,1|2|3|7|10,1,4>6>3>1,640.5120000000001,5,2,6605.120000000001
activated,1|2|3|7|10,1,4>6>9>2,348.48,3,0,3684.8
activated,1|2|3|7|10,1,3>6>4>3,1029.7440000000001,7,0,10497.440000000002
activated,1|2|3|7|10,1,6>4>9>1,667.728,5,2,6877.28
activated,1|2|3|7|10,1,9>2>6,136.224,3,0,1562.2399999999998
activated,1|2|3|7|10,1,7>1>2>6,1320.048,2,2,10744.959438662365
activated,1|2|3|7|10,1,4>3>9,844.704,4,0,8647.039999999999
activated,1|2|3|7|10,1,2>9>1,578.448,5,2,1242.3994386623663
activated,1|2|3|7|10,1,1>9>2>9,671.472,5,2,4259.1994386623655
activated,1|2|3|7|10,1,2>4>2,93.45599999999999,3,0,1134.56
activated,1|2|3|7|10,1,2>1>6>7,1664.9279999999999,5,3,4307.040000000001
activated,1|2|3|7|10,1,4>1>4>2,1124.352,4,2,8787.999438662366
activated,1|2|3|7|10,1,4>6>1>9,1159.1999999999998,7,2,11791.999999999998
activated,1|2|3|7|10,1,4>6>3>7,1205.136,6,1,5317.919999999998
activated,1|2|3|7|10,1,9>4>2,77.616,3,0,976.16
activated,1|2|3|7|10,1,1>3>9>4,621.216,5,0,6412.16
activated,1|2|3|7|10,1,2>3>1,575.424,2,2,1212.1594386623665
activated,1|2|3|7|10,1,1>3>2>9,742.3199999999999,5,2,4967.679438662365
activated,1|2|3|7|10,1,9>1>6>7,1590.48,5,2,8304.640561337634
activated,1|2|3|7|10,1,9>6>1>2,1261.728,7,4,10161.759438662366
activated,1|2|3|7|10,1,4>2>9,124.416,3,0,1444.1599999999999
activated,1|2|3|7|10,1,4>9>4,62.064,3,0,820.6399999999999
activated,1|2|3|7|10,1,3>9>2,499.68,5,1,2616.3200000000015
activated,1|2|3|7|10,1,9>3>1,500.976,2,1,5209.76
activated,1|2|3|7|10,1,4>3>2>4,965.664,4,1,7276.16
activated,1|2|3|7|10,1,4>6>9>1,774.288,5,2,7942.88
activated,1|2|3|7|10,1,1>2>9>4,701.568,5,2,4560.1594386623665
activated,1|2|3|7|10,1,4>1>9>7,1405.44,5,1,6454.240561337636
activated,1|2|3|7|10,1,6>4>2>6,243.64799999999997,3,0,2636.4799999999996
activated,1|2|3|7|10,1,3>4>6>2,654.48,5,1,4164.320000000001
activated,1|2|3|7|10,1,9>2>1,650.304,5,2,1960.9594386623667
activated,1|2|3|7|10,1,6>3>1>6,1101.888,4,2,11218.88
activated,1|2|3|7|10,1,2>3>9>3,1283.616,4,2,8369.120000000003
activated,1|2|3|7|10,1,2>4>3,466.704,5,2,200.0000000000021
activated,1|2|3|7|10,1,4>9,31.248,3,0,512.48
activated,1|2|3|7|10,1,7>3>9>4,1012.608,2,0,10326.08
activated,1|2|3|7|10,1,4>1>2>6,1182.96,4,2,9374.079438662366
activated,1|2|3|7|10,1,4>6>4>1,771.12,5,2,7911.2
activated,1|2|3|7|10,1,3>6>2>1,1142.208,7,3,4299.519438662369
activated,1|2|3|7|10,1,9>4>3,450.864,5,0,4708.639999999999
activated,1|2|3|7|10,1,2>6>1>7,1362.24,6,3,1280.1600000000017
activated,1|2|3|7|10,1,4>1>4>7,1463.3280000000002,5,1,7033.120561337637
activated,1|2|3|7|10,1,2>9>4>3,528.48,5,2,817.7600000000023
activated,1|2|3|7|10,1,4>3,420.048,2,0,4400.48
activated,1|2|3|7|10,1,3>9>3,816.912,4,0,8369.12
activated,1|2|3|7|10,1,2>9>6>4,348.336,3,0,3683.36
activated,1|2|3|7|10,1,9>6>1>7,1436.112,6,3,6760.960561337635
activated,1|2|3|7|10,1,3>4>6>1,1095.12,7,2,11151.199999999999
activated,1|2|3|7|10,1,9>2>9>3,544.896,5,2,981.9200000000012
activated,1|2|3|7|10,1,3>6>2>7,999.36,6,2,679.6799999999985
activated,1|2|3|7|10,1,1>6>7,1089.6480000000001,3,1,3296.320561337636
activated,1|2|3|7|10,1,4>2,46.8,3,0,668.0
activated,1|2|3|7|10,1,7>1>9>6,1319.616,2,0,13396.16
activated,1|2|3|7|10,1,9>3>4>3,1267.056,4,0,12870.560000000001
activated,1|2|3|7|10,1,2>4>9,77.904,3,0,979.04
activated,1|2|3|7|10,1,9>3>6>4,1001.952,7,0,10219.52
activated,1|2|3|7|10,1,3>4>6>7,1083.024,6,1,4096.799999999996
activated,1|2|3|7|10,1,9>2>4>3,541.7280000000001,5,2,950.2400000000027
activated,1|2|3|7|10,1,9>2>6>4,271.87199999999996,3,0,2918.7199999999993
activated,1|2|3|7|10,1,3>6>3>1,1007.712,4,2,10277.119999999999
activated,1|2|3|7|10,1,3>6>9>2,715.68,5,1,4776.32
activated,1|2|3|7|10,1,4>3>2>9,996.624,4,1,7585.76
activated,1|2|3|7|10,1,2>9>1>4,1127.376,7,2,6731.679438662367
activated,1|2|3|7|10,1,7>1>4>6,1321.4879999999998,2,0,13414.879999999997
activated,1|2|3|7|10,1,1>9>2>3,1060.56,7,4,3483.0394386623666
activated,1|2|3|7|10,1,1>9>4>9,580.8960000000001,5,0,6008.960000000001
activated,1|2|3|7|10,1,6>4>9>6,301.96799999999996,3,0,3219.6799999999994
activated,1|2|3|7|10,1,1>9>6,653.904,5,0,6739.04
activated,1|2|3|7|10,1,9>4>2>4,124.27199999999999,3,0,1442.7199999999998
activated,1|2|3|7|10,1,2>3>1>4,1124.3519999999999,4,2,6701.439438662365
activated,1|2|3|7|10,1,1>3>2>3,1131.408,4,4,4191.519438662366
activated,1|2|3|7|10,1,3>9>2>4,546.336,5,1,3082.880000000001
activated,1|2|3|7|10,1,1>3>4>9,651.744,5,0,6717.4400000000005
activated,1|2|3|7|10,1,3>2>9,576.576,5,1,3385.2800000000007
activated,1|2|3|7|10,1,3>9>4,455.472,5,0,4754.719999999999
activated,1|2|3|7|10,1,9>3>1>4,1049.904,4,1,10699.04
activated,1|2|3|7|10,1,1>3>6,639.792,2,0,6597.92
activated,1|2|3|7|10,1,3>6>4>2,656.496,5,1,4184.4800000000005
activated,1|2|3|7|10,1,4>1>9>6,1182.5280000000002,4,0,12025.280000000002
activated,1|2|3|7|10,1,2>9>3>2,968.8319999999999,7,3,2640.800000000002
activated,1|2|3|7|10,1,3>6>9>1,1141.4879999999998,7,2,11614.879999999997
activated,1|2|3|7|10,1,1>2>4>9,671.04,5,2,4254.879438662366
activated,1|2|3|7|10,1,3>2>7>1,1597.104,5,4,1915.0394386623666
activated,1|2|3|7|10,1,4>9>3>9,848.16,7,0,8681.6
activated,1|2|3|7|10,1,9>2>1>4,1199.232,7,2,7450.239438662366
activated,1|2|3|7|10,1,1>2>6,654.336,5,2,4087.839438662367
activated,1|2|3|7|10,1,9>3>2>1,1466.4959999999999,4,3,7542.399438662367
activated,1|2|3|7|10,1,2>4,46.656,3,0,666.5600000000001
activated,1|2|3|7|10,1,3>2>4,545.616,5,1,3075.6800000000003
activated,1|2|3|7|10,1,2>4>3>4,921.456,7,2,4747.520000000001
activated,1|2|3|7|10,1,2>3>2>7,1398.096,5,4,0.0
activated,1|2|3|7|10,1,4>1>7,1296.144,3,1,5361.280561337635
activated,1|2|3|7|10,1,9>4,30.816,3,0,508.16
activated,1|2|3|7|10,1,3>6>9>7,998.6399999999999,6,1,3252.9599999999955
activated,1|2|3|7|10,1,1>9>1,1019.664,4,1,10396.64
activated,1|2|3|7|10,1,1>4>2,595.728,5,2,3501.759438662366
activated,1|2|3|7|10,1,2>3>6>9,1107.36,4,2,6606.56
activated,1|2|3|7|10,1,2>6>1>6,1162.944,7,2,7087.359438662365
activated,1|2|3|7|10,1,3>9,424.656,2,0,4446.56
activated,1|2|3|7|10,1,4>1>4>6,1184.4,4,0,12044.0
activated,1|2|3|7|10,1,6>9>2,241.632,3,0,2616.32
activated,1|2|3|7|10,1,9>3>2>7,1323.648,5,2,3922.5599999999977
activated,1|2|3|7|10,1,3>6>4>1,1138.3200000000002,7,2,11583.2
activated,1|2|3|7|10,1,4>2>3>9,938.1600000000001,7,2,4914.560000000002
activated,1|2|3|7|10,1,3>9>3>4,1271.664,4,0,12916.64
activated,1|2|3|7|10,1,2>9>3>1,578.592,5,2,1243.8394386623668
activated,1|2|3|7|10,1,6>3>2,923.904,4,1,6858.560000000001
activated,1|2|3|7|10,1,3>6>2>6,628.128,5,1,3900.800000000001
activated,1|2|3|7|10,1,3>6>4>7,995.472,6,1,3221.279999999997
activated,1|2|3|7|10,1,2>3>9>2,966.384,7,3,2616.3200000000024
activated,1|2|3|7|10,1,1>2>1,1168.416,4,4,4486.558877324733
activated,1|2|3|7|10,1,2>9>1>9,1097.28,7,2,6430.719438662366
activated,1|2|3|7|10,1,3>2,498.96,2,1,2609.120000000001
activated,1|2|3|7|10,1,2>9>3>7,1143.216,6,3,31.67999999999938
activated,1|2|3|7|10,1,2>4>9>4,108.72,3,0,1287.2
activated,1|2|3|7|10,1,9>3>9>2,891.936,7,1,6538.880000000001
activated,1|2|3|7|10,1,2>9>4>2,155.232,3,0,1752.32
activated,1|2|3|7|10,1,2>3>1>9,1094.2559999999999,4,2,6400.479438662364
activated,1|2|3|7|10,1,4>9>2>3,572.976,5,2,1262.7200000000023
activated,1|2|3|7|10,1,1>3>9>3,982.656,4,0,10026.56
activated,1|2|3|7|10,1,3>9>2>9,577.296,5,1,3392.4800000000014
activated,1|2|3|7|10,1,1>4>3,968.976,4,0,9889.76
activated,1|2|3|7|10,1,9>2>3>1,650.4480000000001,5,2,1962.399438662368
activated,1|2|3|7|10,1,6>1>2>7,1559.088,5,5,5335.2
activated,1|2|3|7|10,1,4>9>6,166.32,3,0,1863.1999999999998
activated,1|2|3|7|10,1,9>3>1>9,1019.808,4,1,10398.08
activated,1|2|3|7|10,1,6>9>3,558.864,5,0,5788.64
activated,1|2|3|7|10,1,2>3>4>2,968.256,4,3,2635.040000000002
activated,1|2|3|7|10,1,1>2>9>3,1063.0079999999998,7,4,3507.519438662366
activated,1|2|3|7|10,1,1>9>4>3,969.696,7,0,9896.960000000001
activated,1|2|3|7|10,1,2>3>9>1,1392.192,4,2,9454.880000000003
activated,1|2|3|7|10,1,4>3>6,894.096,4,0,9140.96
activated,1|2|3|7|10,1,9>3>4>2,893.808,7,1,6557.6
activated,1|2|3|7|10,1,1>9>6>4,789.552,5,0,8095.52
activated,1|2|3|7|10,1,6>4>1>2,1257.408,7,4,10118.559438662363
activated,1|2|3|7|10,1,9>2>3>7,1215.0720000000001,6,3,750.2400000000007
activated,1|2|3|7|10,1,4>2>4>9,124.704,3,0,1447.04
activated,1|2|3|7|10,1,1>3>4>3,1040.5439999999999,4,0,10605.439999999999
activated,1|2|3|7|10,1,3>2>9>4,607.392,5,1,3693.4400000000005
activated,1|2|3|7|10,1,2>9>4>1,637.056,5,2,1828.479438662367
activated,1|2|3|7|10,1,1>3>6>4,775.44,5,0,7954.400000000001
activated,1|2|3|7|10,1,4>2>6,108.0,3,0,1280.0
activated,1|2|3|7|10,1,2>4>3>9,891.36,7,2,4446.560000000002
activated,1|2|3|7|10,1,6>1>9>2,1127.3759999999997,4,4,8818.239438662364
activated,1|2|3|7|10,1,6>2>3,559.5840000000001,5,2,1128.8000000000022
activated,1|2|3|7|10,1,2>3>9>7,1249.344,5,3,1092.96
activated,1|2|3|7|10,1,1>4>9,580.176,5,0,6001.76
activated,1|2|3|7|10,1,9>2>9>1,653.472,5,2,1992.639438662366
activated,1|2|3|7|10,1,1>2>4>3,1059.84,7,4,3475.8394386623677
activated,1|2|3|7|10,1,2>9>2>6,213.83999999999997,3,0,2338.3999999999996
activated,1|2|3|7|10,1,9>3>9>7,1174.896,5,1,5015.519999999997
activated,1|2|3|7|10,1,1>2>6>4,789.984,5,2,5444.319438662366
activated,1|2|3|7|10,1,4>9>1,532.08,5,1,5520.8
activated,1|2|3|7|10,1,4>1>6>7,1618.272,5,1,8582.560561337634
activated,1|2|3|7|10,1,4>6>1>2,1233.504,7,4,9879.519438662364
activated,1|2|3|7|10,1,9>3>4>1,1375.632,4,0,13956.32
activated,1|2|3|7|10,1,2>9>6>3,637.6320000000001,5,2,1909.2800000000027
activated,1|2|3|7|10,1,6>3>9,849.6,4,0,8696.0
activated,1|2|3|7|10,1,2>3>2>6,1026.864,4,3,3221.1200000000017
activated,1|2|3|7|10,1,4>3>1,528.768,2,0,5487.68
activated,1|2|3|7|10,1,1>4>2>4,642.3839999999999,5,2,3968.3194386623654
activated,1|2|3|7|10,1,6>1>4>2,1129.2479999999998,4,4,8836.959438662363
activated,1|2|3|7|10,1,2>3>4>7,1307.232,5,3,1671.8400000000001
activated,1|2|3|7|10,1,9>3>2>6,952.4159999999999,7,1,7143.68
activated,1|2|3|7|10,1,6>9>2>4,288.288,3,0,3082.88
activated,1|2|3|7|10,1,9>2>4>1,650.3040000000001,5,2,1960.9594386623676
activated,1|2|3|7|10,1,6>2>9,170.49599999999998,3,0,1904.9599999999998
activated,1|2|3|7|10,1,6>9>4,197.424,3,0,2174.2400000000002
activated,1|2|3|7|10,1,9>3>4>7,1232.784,5,1,5594.399999999998
activated,1|2|3|7|10,1,6>4>1>7,1431.792,6,3,6717.760561337633
activated,1|2|3|7|10,1,4>2>1,622.0799999999999,5,2,1678.719438662366
activated,1|2|3|7|10,1,9>3>6>3,1291.248,4,0,13112.48
activated,1|2|3|7|10,1,3>6>7,995.472,3,1,3221.279999999997
activated,1|2|3|7|10,1,1>9>2>1,1169.136,7,4,4493.7588773247335
activated,1|2|3|7|10,1,6>3>2>4,970.56,4,1,7325.119999999999
activated,1|2|3|7|10,1,6>3>4,879.696,4,0,8996.960000000001
activated,1|2|3|7|10,1,9>1>2,1093.9679999999998,4,3,8484.159438662364
activated,1|2|3|7|10,1,6>1>9>7,1410.3359999999998,5,3,6503.200561337631
activated,1|2|3|7|10,1,9>2>6>3,561.168,5,2,1144.6400000000024
activated,1|2|3|7|10,1,2>9>3>6,943.92,7,2,4972.160000000001
activated,1|2|3|7|10,1,2>6>2,154.07999999999998,3,0,1740.7999999999997
activated,1|2|3|7|10,1,4>3>9>3,1236.96,4,0,12569.6
activated,1|2|3|7|10,1,1>9>2>7,1026.288,6,3,7.200000000001182
activated,1|2|3|7|10,1,6>2>4,139.536,3,0,1595.3600000000001
activated,1|2|3|7|10,1,9>6>2,227.952,3,0,2479.52
activated,1|2|3|7|10,1,1>4,548.928,2,0,5689.28
activated,1|2|3|7|10,1,1>9>6>9,820.512,5,0,8405.119999999999
activated,1|2|3|7|10,1,2>4>6,153.504,3,0,1735.04
activated,1|2|3|7|10,1,4>6>1>7,1407.888,6,3,6478.720561337634
activated,1|2|3|7|10,1,9>4>2>3,544.32,5,2,976.1600000000028
activated,1|2|3|7|10,1,6>9,166.608,3,0,1866.08
activated,1|2|3|7|10,1,4>2>9>3,516.672,5,2,699.6800000000023
activated,1|2|3|7|10,1,6>1>2>6,1187.856,4,4,9423.039438662365
activated,1|2|3|7|10,1,1>3>2>7,1097.136,3,3,715.6800000000007
activated,1|2|3|7|10,1,3>9>2>3,966.384,7,3,2616.3200000000024
activated,1|2|3|7|10,1,4>9>6>4,301.96799999999996,3,0,3219.6799999999994
activated,1|2|3|7|10,1,3>9>4>9,486.71999999999997,5,0,5067.2
activated,1|2|3|7|10,1,9>4>6,137.664,3,0,1576.6399999999999
activated,1|2|3|7|10,1,6>9>3>4,1013.616,7,0,10336.16
activated,1|2|3|7|10,1,1>3>6>9,806.4000000000001,5,0,8264.0
activated,1|2|3|7|10,1,6>1>4>7,1468.224,5,3,7082.080561337634
activated,1|2|3|7|10,1,3>9>6,559.7280000000001,5,0,5797.280000000001
activated,1|2|3|7|10,1,6>3,424.944,2,0,4449.4400000000005
activated,1|2|3|7|10,1,1>9>3>1,1019.808,4,1,10398.08
activated,1|2|3|7|10,1,9>2>3>6,1015.7760000000001,7,2,5690.720000000002
activated,1|2|3|7|10,1,1>2>6>9,820.944,5,2,5753.919438662364
activated,1|2|3|7|10,1,6>2,92.88,3,0,1128.8
activated,1|2|3|7|10,1,4>2>4>3,513.504,5,2,668.000000000002
activated,1|2|3|7|10,1,2>6>3,486.144,5,2,394.40000000000265
activated,1|2|3|7|10,1,2>3>9>6,1026.432,7,2,5797.280000000002
activated,1|2|3|7|10,1,1>3>9>2,665.424,5,2,4198.719438662366
activated,1|2|3|7|10,1,4>2>6>4,243.648,3,0,2636.4800000000005
activated,1|2|3|7|10,1,3>2>4>9,576.864,5,1,3388.1600000000008
activated,1|2|3|7|10,1,6>2>3>4,1014.336,7,2,5676.320000000002
activated,1|2|3|7|10,1,2>4>1,575.28,5,2,1210.719438662366
activated,1|2|3|7|10,1,1>4>2>9,673.3439999999999,5,2,4277.919438662366
activated,1|2|3|7|10,1,3>2>6,560.16,5,1,3221.12
activated,1|2|3|7|10,1,9>6>3,560.0160000000001,5,0,5800.160000000001
activated,1|2|3|7|10,1,9>3>9>6,951.984,7,0,9719.84
activated,1|2|3|7|10,1,1>2>3>1,1168.56,4,4,4487.998877324731
activated,1|2|3|7|10,1,2>9>4>6,215.28,3,0,2352.8
activated,1|2|3|7|10,1,9>4>1,559.44,5,1,5794.400000000001
activated,1|2|3|7|10,1,1>9>4>2,596.448,5,2,3508.9594386623658
activated,1|2|3|7|10,1,3>9>1,925.488,4,1,9454.880000000001
activated,1|2|3|7|10,1,2>3>7,1140.048,3,3,-9.094947017729282e-13
activated,1|2|3|7|10,1,2>1>9,1094.112,4,2,6399.0394386623675
activated,1|2|3|7|10,1,3>4>2,501.552,5,1,2635.040000000001
activated,1|2|3|7|10,1,6>3>9>4,880.416,7,0,9004.16
activated,1|2|3|7|10,1,6>3>2>9,1001.52,4,1,7634.720000000001
activated,1|2|3|7|10,1,4>3>1>4,1077.696,4,0,10976.96
activated,1|2|3|7|10,1,2>3>4>6,1028.304,4,2,5816.000000000003
activated,1|2|3|7|10,1,1>3>4>2,667.2959999999999,5,2,4217.439438662365
activated,1|2|3|7|10,1,9>3>7,1065.6,3,1,3922.5599999999977
activated,1|2|3|7|10,1,4>9>2>1,681.552,5,2,2273.439438662367
activated,1|2|3|7|10,1,2>6>9,227.808,3,0,2478.08
activated,1|2|3|7|10,1,9>3>4>6,953.856,7,0,9738.56
activated,1|2|3|7|10,1,6>2>9>4,201.31199999999998,3,0,2213.12
activated,1|2|3|7|10,1,7>3>9>2,1056.8159999999998,2,1,8187.6799999999985
activated,1|2|3|7|10,1,2>4>9>3,470.15999999999997,5,2,234.5600000000016
activated,1|2|3|7|10,1,4>9>3>2,922.4639999999999,7,1,6844.16
activated,1|2|3|7|10,1,3>2>1,1074.24,4,3,3619.839438662367
activated,1|2|3|7|10,1,2>1>4,1124.208,4,2,6699.999438662368
activated,1|2|3|7|10,1,9>4>9>3,454.32,5,0,4743.2
activated,1|2|3|7|10,1,1>2>9>1,1171.5839999999998,7,4,4518.238877324731
activated,1|2|3|7|10,1,1>9>4>1,1078.272,7,1,10982.72
activated,1|2|3|7|10,1,9>2>4>6,228.52800000000002,3,0,2485.28
activated,1|2|3|7|10,1,6>1>9>6,1187.424,4,2,12074.24
activated,1|2|3|7|10,1,1>3>9>7,948.384,3,1,1883.6805613376346
activated,1|2|3|7|10,1,2>9>6>2,305.568,3,0,3255.68
activated,1|2|3|7|10,1,6>9>3>9,983.52,7,0,10035.2
activated,1|2|3|7|10,1,9>1>4,1049.76,4,1,10697.6
activated,1|2|3|7|10,1,2>6>2>4,200.736,3,0,2207.3599999999997
activated,1|2|3|7|10,1,1>9>2>6,655.056,5,2,4095.0394386623666
activated,1|2|3|7|10,1,2>6>4,196.848,3,0,2168.48
activated,1|2|3|7|10,1,4>3>2>7,1351.44,5,2,4200.48
activated,1|2|3|7|10,1,7>3>4>2,1058.6879999999999,2,1,8206.4
activated,1|2|3|7|10,1,9>6>2>4,274.608,3,0,2946.08
activated,1|2|3|7|10,1,3>4>3,874.8,4,0,8948.0
activated,1|2|3|7|10,1,1>2>9>7,1028.7359999999999,6,3,31.679999999998927
activated,1|2|3|7|10,1,1>9>4>7,935.424,6,1,1754.0805613376342
activated,1|2|3|7|10,1,4>3>6>9,1060.704,7,0,10807.039999999999
activated,1|2|3|7|10,1,9>6>4,270.72,3,0,2907.2000000000003
activated,1|2|3|7|10,1,1>9>6>3,1078.848,7,0,10988.48
activated,1|2|3|7|10,1,6>1>7,1301.04,3,3,5410.240561337634
activated,1|2|3|7|10,1,1>3>2>6,725.904,5,2,4803.519438662366
activated,1|2|3|7|10,1,9>3>6>2,959.184,7,1,7211.360000000001
activated,1|2|3|7|10,1,1>2>4>1,1168.416,7,4,4486.558877324733
activated,1|2|3|7|10,1,4>9>3>1,532.2239999999999,5,1,5522.24
activated,1|2|3|7|10,1,9>4>6>4,273.312,3,0,2933.12
activated,1|2|3|7|10,1,6>1>4>6,1189.2959999999998,4,2,12092.96
activated,1|2|3|7|10,1,1>3>4>7,1006.2719999999999,3,1,2462.5605613376338
activated,1|2|3|7|10,1,3>2>9>3,968.832,7,3,2640.800000000002
activated,1|2|3|7|10,1,3>9>4>3,875.52,7,0,8955.2
activated,1|2|3|7|10,1,4>2>6>9,274.608,3,0,2946.08
activated,1|2|3|7|10,1,1>3>6>3,1064.736,4,0,10847.36
activated,1|2|3|7|10,1,2>1,575.28,2,2,1210.719438662366
activated,1|2|3|7|10,1,6>2>3>9,984.24,7,2,5375.3600000000015
activated,1|2|3|7|10,1,3>9>6>4,695.3760000000001,5,0,7153.760000000001
activated,1|2|3|7|10,1,2>9>6>1,746.208,5,2,2919.9994386623666
activated,1|2|3|7|10,1,9>2>6>2,229.10399999999998,3,0,2491.04
activated,1|2|3|7|10,1,4>3>9>2,919.728,7,1,6816.799999999999
activated,1|2|3|7|10,1,9>1,500.832,2,1,5208.32
activated,1|2|3|7|10,1,1>2>4>7,1025.568,6,3,4.547473508864641e-13
activated,1|2|3|7|10,1,4>9>1>9,1050.912,7,1,10709.12
activated,1|2|3|7|10,1,2>6,61.2,3,0,812.0
activated,1|2|3|7|10,1,4>9>3>7,1096.848,6,1,4235.039999999997
activated,1|2|3|7|10,1,1>2>6>3,1079.28,7,4,3670.2394386623673
activated,1|2|3|7|10,1,2>6>3>4,940.896,7,2,4941.920000000001
activated,1|2|3|7|10,1,3>4>9,486.0,5,0,5060.0
activated,1|2|3|7|10,1,2>3>1>2,1168.56,4,4,4487.998877324731
activated,1|2|3|7|10,1,4>2>3>1,622.224,5,2,1680.1594386623674
activated,1|2|3|7|10,1,9>6,135.072,3,0,1550.72
activated,1|2|3|7|10,1,9>3>6>1,1399.824,4,2,14198.240000000002
activated,1|2|3|7|10,1,4>9>4>2,108.864,3,0,1288.64
activated,1|2|3|7|10,1,4>3>1>9,1047.6,4,0,10676.0
activated,1|2|3|7|10,1,3>2>4>3,965.664,7,3,2609.1200000000017
activated,1|2|3|7|10,1,1>6>2,661.104,5,2,4155.519438662367
activated,1|2|3|7|10,1,2>4>1>4,1124.208,7,2,6699.999438662368
activated,1|2|3|7|10,1,3>2>6>4,695.808,5,1,4577.6
activated,1|2|3|7|10,1,7>3>2>6,1117.296,2,1,8792.480000000001
activated,1|2|3|7|10,1,9>6>3>4,1014.768,7,0,10347.68
activated,1|2|3|7|10,1,1>4>2>3,1062.432,7,4,3501.7594386623678
activated,1|2|3|7|10,1,9>3>1>2,1094.112,4,3,8485.599438662366
activated,1|2|3|7|10,1,3>4>7>1,1506.24,5,1,8328.959999999997
activated,1|2|3|7|10,1,2>3>6>7,1462.176,5,3,3221.279999999999
activated,1|2|3|7|10,1,6>9>2>3,708.336,5,2,2616.320000000003
activated,1|2|3|7|10,1,4>3>4>2,921.5999999999999,7,1,6835.52
activated,1|2|3|7|10,1,1>4>6,655.776,5,0,6757.759999999999
activated,1|2|3|7|10,1,9>2>6>1,669.7439999999999,5,2,2155.3594386623654
activated,1|2|3|7|10,1,1>7,767.52,1,1,75.04056133763424
activated,1|2|3|7|10,1,4>2>1>9,1140.9119999999998,7,2,6867.039438662366
activated,1|2|3|7|10,1,4>2>3>7,1186.848,6,3,467.9999999999991
activated,1|2|3|7|10,1,2>1>9>4,1124.928,4,2,6707.199438662367
activated,1|2|3|7|10,1,6>9>6,301.68,3,0,3216.8
activated,1|2|3|7|10,1,4>3>9>1,1345.536,4,1,13655.36
activated,1|2|3|7|10,1,9>3>6>7,1387.728,5,1,7143.839999999998
activated,1|2|3|7|10,1,3>4>2>4,548.208,5,1,3101.6000000000004
activated,1|2|3|7|10,1,6>3>4>9,910.9440000000001,7,0,9309.44
activated,1|2|3|7|10,1,9>1>9>4,1050.48,4,1,10704.8
activated,1|2|3|7|10,1,9>4>2>1,652.896,5,2,1986.8794386623658
activated,1|2|3|7|10,1,2>6>9>4,258.62399999999997,3,0,2786.24
activated,1|2|3|7|10,1,2>6>2>9,231.69599999999997,3,0,2516.9599999999996
activated,1|2|3|7|10,1,4>2>9>1,625.248,5,2,1710.3994386623672
activated,1|2|3|7|10,1,2>4>3>2,965.664,7,3,2609.1200000000017
activated,1|2|3|7|10,1,3>9>2>1,1074.96,7,3,3627.0394386623675
activated,1|2|3|7|10,1,4>3>9>7,1202.6879999999999,5,1,5293.439999999997
activated,1|2|3|7|10,1,2>9>1>7,1345.9679999999998,6,3,1117.4400000000005
activated,1|2|3|7|10,1,6>2>4>9,170.784,3,0,1907.84
activated,1|2|3|7|10,1,9>4>3>2,949.824,7,1,7117.76
activated,1|2|3|7|10,1,2>4>6>9,320.11199999999997,3,0,3401.12
activated,1|2|3|7|10,1,4>9>2>6,167.472,3,0,1874.72
activated,1|2|3|7|10,1,1>6>3,993.1680000000001,4,0,10131.68
activated,1|2|3|7|10,1,1>3>9>6,725.472,5,0,7454.719999999999
activated,1|2|3|7|10,1,3>9>3>2,1315.872,4,1,10778.240000000002
activated,1|2|3|7|10,1,2>3>1>7,1342.944,3,3,1087.2000000000007
activated,1|2|3|7|10,1,1>4>1,1077.5520000000001,4,0,10975.52
activated,1|2|3|7|10,1,3>9>2>7,932.1120000000001,6,2,7.199999999998909
activated,1|2|3|7|10,1,4>9>6>3,591.264,5,0,6112.64
activated,1|2|3|7|10,1,1>9>7,876.816,3,1,1168.0005613376343
activated,1|2|3|7|10,1,4>3>2>6,980.2080000000001,4,1,7421.600000000002
activated,1|2|3|7|10,1,3>4,454.752,2,0,4747.52
activated,1|2|3|7|10,1,6>9>1,667.44,5,2,6874.400000000001
activated,1|2|3|7|10,1,9>3>1>7,1268.496,3,2,5084.800561337635
activated,1|2|3|7|10,1,3>9>6>9,726.336,5,0,7463.360000000001
activated,1|2|3|7|10,1,6>4>2,182.44799999999998,3,0,2024.4799999999998
activated,1|2|3|7|10,1,4>2>4>1,622.08,5,2,1678.7194386623669
activated,1|2|3|7|10,1,6>1>6>7,1623.1680000000001,5,3,8631.520561337635
activated,1|2|3|7|10,1,1>2>9>6,805.824,5,2,5602.719438662365
activated,1|2|3|7|10,1,1>9>4>6,656.496,5,0,6764.96
activated,1|2|3|7|10,1,4>3>4>7,1260.576,5,1,5872.319999999998
activated,1|2|3|7|10,1,2>4>3>1,575.424,5,2,1212.1594386623665
activated,1|2|3|7|10,1,4>3>6>3,1319.04,4,0,13390.4
activated,1|2|3|7|10,1,2>4>9>2,152.928,3,0,1729.28
activated,1|2|3|7|10,1,6>3>1,533.664,2,2,5536.639999999999
activated,1|2|3|7|10,1,9>2>1>7,1417.824,6,3,1836.0000000000036
activated,1|2|3|7|10,1,1>3>4>6,727.3439999999999,5,0,7473.44
activated,1|2|3|7|10,1,9>4>3>1,559.584,5,1,5795.839999999999
activated,1|2|3|7|10,1,2>6>3>9,910.8,7,2,4640.960000000002
activated,1|2|3|7|10,1,4>1>2,1121.76,4,2,8762.079438662366
activated,1|2|3|7|10,1,3>9>3>1,925.6320000000001,4,1,9456.32
activated,1|2|3|7|10,1,1>6>9,734.8320000000001,5,0,7548.3200000000015
activated,1|2|3|7|10,1,4>2>6>3,532.944,5,2,862.4000000000017
activated,1|2|3|7|10,1,1>2>7,1025.568,3,3,4.547473508864641e-13
activated,1|2|3|7|10,1,2>4>1>9,1094.112,7,2,6399.0394386623675
activated,1|2|3|7|10,1,6>2>1,668.16,5,2,2139.519438662366
activated,1|2|3|7|10,1,7>3>9>6,1116.864,2,0,11368.64
activated,1|2|3|7|10,1,3>2>6>9,726.768,5,1,4887.200000000001
activated,1|2|3|7|10,1,2>4>3>7,1140.048,6,3,-9.094947017729282e-13
activated,1|2|3|7|10,1,1>4>9>3,972.432,7,0,9924.32
activated,1|2|3|7|10,1,1>2>4>6,746.6399999999999,5,2,5010.879438662365
activated,1|2|3|7|10,1,4>9>3>6,897.5519999999999,7,0,9175.519999999999
activated,1|2|3|7|10,1,4>6>2,199.728,3,0,2197.28
activated,1|2|3|7|10,1,9>4>3>7,1124.208,6,1,4508.639999999999
activated,1|2|3|7|10,1,1>9>6>2,746.784,5,2,5012.319438662366
activated,1|2|3|7|10,1,3>4>2>9,579.168,5,1,3411.2000000000007
activated,1|2|3|7|10,1,2>4>9>1,578.736,5,2,1245.2794386623664
activated,1|2|3|7|10,1,6>3>9>3,1241.856,4,0,12618.56
activated,1|2|3|7|10,1,1>6>2>4,707.76,5,2,4622.079438662367
activated,1|2|3|7|10,1,6>4>3,555.696,5,0,5756.96
activated,1|2|3|7|10,1,3>2>3>1,1074.384,4,3,3621.2794386623673
activated,1|2|3|7|10,1,1>6>4,703.8720000000001,5,0,7238.720000000001
activated,1|2|3|7|10,1,3>9>4>2,502.272,5,1,2642.24
activated,1|2|3|7|10,1,9>4>9>1,562.896,5,1,5828.959999999999
activated,1|2|3|7|10,1,1>3>6>2,732.672,5,2,4871.199438662366
activated,1|2|3|7|10,1,7>3>4>6,1118.7359999999999,2,0,11387.359999999999
activated,1|2|3|7|10,1,1>4>6>4,791.424,5,0,8114.24
activated,1|2|3|7|10,1,4>2>3>6,987.552,7,2,5408.480000000002
activated,1|2|3|7|10,1,6>2>9>3,562.752,5,2,1160.4800000000016
activated,1|2|3|7|10,1,6>9>4>3,617.472,5,0,6374.719999999999
activated,1|2|3|7|10,1,6>3>4>3,1299.7440000000001,4,0,13197.440000000002
activated,1|2|3|7|10,1,2>1>6,1143.504,4,2,6892.959438662366
activated,1|2|3|7|10,1,1>9>6>1,1187.424,7,2,12074.24
activated,1|2|3|7|10,1,4>6>3,531.792,5,0,5517.92
activated,1|2|3|7|10,1,4>3>9>6,979.776,7,0,9997.76
activated,1|2|3|7|10,1,2>9>1>6,1146.672,7,2,6924.639438662368
activated,1|2|3|7|10,1,2>6>4>9,228.096,3,0,2480.96
activated,1|2|3|7|10,1,6>4>9,166.896,3,0,1868.9599999999998
activated,1|2|3|7|10,1,2>4>2>6,154.656,3,0,1746.56
activated,1|2|3|7|10,1,9>1>6,1069.056,4,1,10890.560000000001
activated,1|2|3|7|10,1,3>2>9>1,1077.408,7,3,3651.5194386623652
activated,1|2|3|7|10,1,3>9>4>1,984.096,7,1,10040.96
activated,1|2|3|7|10,1,1>6,568.224,2,0,5882.240000000001
activated,1|2|3|7|10,1,6>2>4>3,559.5840000000001,5,2,1128.8000000000022
activated,1|2|3|7|10,1,3>4>3>9,1299.456,4,0,13194.56
activated,1|2|3|7|10,1,9>6>2>3,694.656,5,2,2479.520000000002
activated,1|2|3|7|10,1,9>4>2>6,138.816,3,0,1588.16
activated,1|2|3|7|10,1,2>4>6>3,578.448,5,2,1317.4400000000016
activated,1|2|3|7|10,1,2>3>1>6,1143.6480000000001,4,2,6894.399438662368
activated,1|2|3|7|10,1,1>9>6>7,1175.328,6,1,4153.120561337633
activated,1|2|3|7|10,1,4>2>9>6,259.488,3,0,2794.88
activated,1|2|3|7|10,1,4>9>4>6,168.912,3,0,1889.1200000000001
activated,1|2|3|7|10,1,3>9>2>6,560.88,5,1,3228.3200000000006
activated,1|2|3|7|10,1,4>3>7,1093.392,3,1,4200.479999999998
activated,1|2|3|7|10,1,4>1>9,1047.4560000000001,4,0,10674.560000000001
activated,1|2|3|7|10,1,9>4>6>3,562.608,5,0,5826.08
activated,1|2|3|7|10,1,9>3>1>6,1069.2,4,1,10892.0
activated,1|2|3|7|10,1,1>2>6>1,1187.856,7,4,4680.958877324732
activated,1|2|3|7|10,1,3>2>9>7,934.56,6,2,31.679999999996653
activated,1|2|3|7|10,1,3>9>4>7,841.248,6,1,1679.0399999999972
activated,1|2|3|7|10,1,6>9>1>4,1216.368,7,2,12363.68
activated,1|2|3|7|10,1,1>3>6>7,1161.216,3,1,4012.0005613376343
activated,1|2|3|7|10,1,3>9>6>3,984.672,7,0,10046.720000000001
activated,1|2|3|7|10,1,4>3>4>6,981.6479999999999,7,0,10016.48
activated,1|2|3|7|10,1,3>2>4>1,1074.24,7,3,3619.839438662367
activated,1|2|3|7|10,1,4>6>9,273.456,3,0,2934.5600000000004
activated,1|2|3|7|10,1,6>3>1>4,1082.592,4,2,11025.920000000002
activated,1|2|3|7|10,1,9>2>1>6,1218.528,7,2,7643.199438662367
activated,1|2|3|7|10,1,1>4>2>1,1171.0079999999998,7,4,4512.478877324731
activated,1|2|3|7|10,1,1>2>6>7,1175.76,6,3,1501.920000000001
activated,1|2|3|7|10,1,6>9>2>1,816.912,5,2,3627.0394386623675
activated,1|2|3|7|10,1,1>6>9>4,765.6480000000001,5,0,7856.480000000001
activated,1|2|3|7|10,1,2>6>1,594.72,5,2,1405.1194386623674
activated,1|2|3|7|10,1,1>6>2>9,738.72,5,2,4931.679438662367
activated,1|2|3|7|10,1,2>4>3>6,940.752,7,2,4940.480000000002
activated,1|2|3|7|10,1,6>2>1>4,1217.088,7,2,7628.799438662366
activated,1|2|3|7|10,1,3>2>4>7,931.392,6,2,-1.8189894035458565e-12
activated,1|2|3|7|10,1,4>9>6>2,259.2,3,0,2792.0
activated,1|2|3|7|10,1,3>2>6>3,985.104,7,3,2803.520000000003
activated,1|2|3|7|10,1,6>9>3>2,1057.824,7,1,8197.760000000002
activated,1|2|3|7|10,1,1>4>2>7,1028.1599999999999,6,3,25.91999999999871
activated,1|2|3|7|10,1,9>6>1,668.592,5,2,6885.92
activated,1|2|3|7|10,1,9>4>3>6,924.912,7,0,9449.12
activated,1|2|3|7|10,1,4>6>2>4,246.38400000000001,3,0,2663.84
activated,1|2|3|7|10,1,1>4>6>9,822.384,5,0,8423.84
activated,1|2|3|7|10,1,4>6>4,242.49599999999998,3,0,2624.96
activated,1|2|3|7|10,1,3>9>3>6,1290.96,4,0,13109.6
activated,1|2|3|7|10,1,3>6>2,566.928,5,1,3288.8
activated,1|2|3|7|10,1,6>4,135.648,3,0,1556.48
activated,1|2|3|7|10,1,4>3>6>2,986.976,7,1,7489.280000000001
activated,1|2|3|7|10,1,3>4>2>3,968.2560000000001,7,3,2635.0400000000036
activated,1|2|3|7|10,1,6>4>3>4,1010.4480000000001,7,0,10304.480000000001
activated,1|2|3|7|10,1,7>1>9>4,1215.36,2,0,12353.599999999999
activated,1|2|3|7|10,1,6>3>2>7,1356.336,5,2,4249.439999999999
activated,1|2|3|7|10,1,3>4>6,561.6,5,0,5816.0
activated,1|2|3|7|10,1,3>7,673.344,1,1,-1.8189894035458565e-12
activated,1|2|3|7|10,1,4>2>6>2,200.88,3,0,2208.8
activated,1|2|3|7|10,1,2>6>9>3,620.064,5,2,1733.6000000000015
activated,1|2|3|7|10,1,1>4>3>1,1077.696,4,0,10976.96
activated,1|2|3|7|10,1,4>1,528.624,2,0,5486.24
activated,1|2|3|7|10,1,2>4>9>6,212.976,3,0,2329.76
activated,1|2|3|7|10,1,1>4>9>2,655.2,5,2,4096.479438662366
activated,1|2|3|7|10,1,4>9>6>1,699.8399999999999,5,2,7198.4
activated,1|2|3|7|10,1,6>9>3>1,667.5840000000001,5,2,6875.84
activated,1|2|3|7|10,1,9>6>9>3,693.9359999999999,5,0,7139.359999999999
activated,1|2|3|7|10,1,4>9>1>2,1125.216,7,3,8796.639438662365
activated,1|2|3|7|10,1,4>6,106.848,3,0,1268.48
activated,1|2|3|7|10,1,4>3>6>1,1427.616,4,2,14476.16
activated,1|2|3|7|10,1,6>3>9>2,924.624,7,1,6865.76
activated,1|2|3|7|10,1,4>3>1>2,1121.904,4,2,8763.519438662366
activated,1|2|3|7|10,1,6>9>1>9,1186.272,7,2,12062.72
activated,1|2|3|7|10,1,6>9>3>7,1232.208,6,1,5588.639999999999
activated,1|2|3|7|10,1,6>4>9>4,197.712,3,0,2177.12
activated,1|2|3|7|10,1,6>4>2>9,260.06399999999996,3,0,2800.6399999999994
activated,1|2|3|7|10,1,2>6>4>3,616.896,5,2,1701.9200000000012
activated,1|2|3|7|10,1,3>6>3,898.992,4,0,9189.92
activated,1|2|3|7|10,1,4>2>6>1,641.52,5,2,1873.1194386623665
activated,1|2|3|7|10,1,6>2>3>1,668.3040000000001,5,2,2140.9594386623676
activated,1|2|3|7|10,1,3>4>1,983.376,4,0,10033.76
activated,1|2|3|7|10,1,6>2>9>2,245.51999999999998,3,0,2655.2
activated,1|2|3|7|10,1,6>9>4>2,244.224,3,0,2642.24
activated,1|2|3|7|10,1,9>6>4>3,690.768,5,0,7107.68
activated,1|2|3|7|10,1,4>3>6>7,1415.52,5,1,7421.759999999998
activated,1|2|3|7|10,1,6>3>1>9,1052.496,4,2,10724.960000000001
activated,1|2|3|7|10,1,1>4>9>1,1081.008,7,1,11010.08
activated,1|2|3|7|10,1,3>9>7,782.64,3,1,1092.9599999999973
activated,1|2|3|7|10,1,3>2>9>6,711.648,5,1,4736.000000000001
activated,1|2|3|7|10,1,3>9>4>6,562.3199999999999,5,0,5823.199999999999
activated,1|2|3|7|10,1,4>1>9>4,1078.2720000000002,4,0,10982.720000000001
activated,1|2|3|7|10,1,6>3>4>2,926.496,7,1,6884.48
activated,1|2|3|7|10,1,2>9>2,152.64,3,0,1726.3999999999999
activated,1|2|3|7|10,1,6>2>1>9,1186.992,7,2,7327.839438662367
activated,1|2|3|7|10,1,6>2>3>7,1232.928,6,3,928.8000000000002
activated,1|2|3|7|10,1,6>3>9>1,1350.432,4,1,13704.32
activated,1|2|3|7|10,1,1>4>9>7,938.1600000000001,6,1,1781.4405613376348
activated,1|2|3|7|10,1,4>6>9>4,304.272,3,0,3242.72
activated,1|2|3|7|10,1,4>6>2>9,277.344,3,0,2973.44
activated,1|2|3|7|10,1,2>3>2,965.664,4,3,2609.1200000000017
activated,1|2|3|7|10,1,6>2>4>2,186.336,3,0,2063.36
activated,1|2|3|7|10,1,3>6>9,640.656,5,0,6606.5599999999995
activated,1|2|3|7|10,1,4>9>1>7,1299.6,6,2,5395.840561337634
activated,1|2|3|7|10,1,3>2>7,931.392,3,2,-1.8189894035458565e-12
activated,1|2|3|7|10,1,2>4>6>2,246.384,3,0,2663.84
activated,1|2|3|7|10,1,3>4>9>3,878.256,7,0,8982.56
activated,1|2|3|7|10,1,6>2>9>1,671.328,5,2,2171.1994386623664
activated,1|2|3|7|10,1,6>9>4>1,726.048,5,2,7460.48
activated,1|2|3|7|10,1,2>6>1>4,1143.6480000000001,7,2,6894.399438662368
activated,1|2|3|7|10,1,3>2>4>6,652.4639999999999,5,1,4144.16
activated,1|2|3|7|10,1,9>3>2,891.2159999999999,4,1,6531.68
activated,1|2|3|7|10,1,6>4>3>9,980.3520000000001,7,0,10003.52
activated,1|2|3|7|10,1,6>3>9>7,1207.584,5,1,5342.399999999998
activated,1|2|3|7|10,1,1>6>2>3,1127.808,7,4,4155.519438662368
activated,1|2|3|7|10,1,1>6>4>9,735.1200000000001,5,0,7551.200000000001
activated,1|2|3|7|10,1,4>3>1>7,1296.288,3,1,5362.720561337635
activated,1|2|3|7|10,1,1>4>2>6,656.928,5,2,4113.759438662366
activated,1|2|3|7|10,1,9>4>6>2,230.54399999999998,3,0,2505.4399999999996
plain,1|6|7|8|10,1,9>6>1>4,1217.52,7,4,5301.206821849128
plain,1|6|7|8|10,1,6>3>4>1,1408.3200000000002,4,3,7287.453747662894
plain,1|6|7|8|10,1,6>9>2>6,302.832,3,1,3218.403067090923
plain,1|6|7|8|10,1,3>9>6>2,652.6080000000001,5,2,3494.8830670909238
plain,1|6|7|8|10,1,1>4>6>3,1080.72,7,4,3263.058144494346
plain,1|6|7|8|10,1,3>6>2>4,613.584,5,3,3087.392115557541
plain,1|6|7|8|10,1,3>6>4,609.696,5,2,3068.3459813756963
plain,1|6|7|8|10,1,4>2>1>7,1389.6,6,3,894.310833378122
plain,1|6|7|8|10,1,6>3>2>6,985.104,4,3,2380.3200000000006
plain,1|6|7|8|10,1,2>1>2>7,1600.848,5,4,415.958437151764
plain,1|6|7|8|10,1,2>9>3,469.87199999999996,5,3,430.82499313409505
plain,1|6|7|8|10,1,6>2>4>1,668.1600000000001,5,4,1466.0795891873252
plain,1|6|7|8|10,1,9>6>2>1,803.232,5,3,2847.853236699793
plain,1|6|7|8|10,1,3>4>6>4,697.248,5,2,3943.8659813756967
plain,1|6|7|8|10,1,6>3>4>7,1265.472,5,4,17.009060455212648
plain,1|6|7|8|10,1,2>6>3>2,985.104,7,4,3009.561504242686
plain,1|6|7|8|10,1,2>4>6>1,687.024,5,3,1664.6365220964017
plain,1|6|7|8|10,1,9>1>2>7,1526.3999999999999,5,4,9.916932909077332
plain,1|6|7|8|10,1,4>6>3>9,956.4480000000001,7,3,4233.999242052686
plain,1|6|7|8|10,1,9>6>3>2,1058.976,7,3,3764.6671145065475
plain,1|6|7|8|10,1,9>4>6>1,671.184,5,2,1533.4044065388607
plain,1|6|7|8|10,1,6>1>2,1126.656,4,3,3498.933573160738
plain,1|6|7|8|10,1,3>9>6>1,1093.248,7,3,2546.567102517947
plain,1|6|7|8|10,1,9>4>1>2,1152.576,7,3,3807.0935731607397
plain,1|6|7|8|10,1,6>2>6>3,579.024,5,4,1509.4076384245307
plain,1|6|7|8|10,1,1>6>1,1101.7440000000001,4,3,2599.096640251663
plain,1|6|7|8|10,1,2>1>9>2,1169.136,4,4,3881.3633209691207
plain,1|6|7|8|10,1,3>6,474.048,2,1,1719.1999999999998
plain,1|6|7|8|10,1,9>2>3,541.7280000000001,5,2,1152.833248688391
plain,1|6|7|8|10,1,9>1>9>2,1094.688,4,4,3475.3218167264367
plain,1|6|7|8|10,1,3>6>3>4,1353.744,4,3,6066.719999999998
plain,1|6|7|8|10,1,6>4>2>3,649.152,5,4,2196.019601175923
plain,1|6|7|8|10,1,2>6>3>1,594.864,5,3,767.6214922540879
plain,1|6|7|8|10,1,3>9>6>7,1081.152,6,2,1056.7999999999993
plain,1|6|7|8|10,1,2>6>9>2,302.832,3,1,3218.403067090923
plain,1|6|7|8|10,1,3>2>6>1,1093.6799999999998,7,4,2534.5014922540868
plain,1|6|7|8|10,1,2>3>9,891.36,4,3,3590.453260676989
plain,1|6|7|8|10,1,9>6>3>1,668.7360000000001,5,2,1522.7271025179477
plain,1|6|7|8|10,1,2>1>4>2,1171.008,4,4,3913.886016948207
plain,1|6|7|8|10,1,2>6>1>9,1113.5520000000001,7,5,4824.021211585269
plain,1|6|7|8|10,1,2>6>3>7,1159.488,6,4,590.5245713336071
plain,1|6|7|8|10,1,1>6>9>3,1127.0880000000002,7,4,3726.738144494346
plain,1|6|7|8|10,1,1>4>9>6,715.248,5,2,4062.867962896878
plain,1|6|7|8|10,1,3>4>2>1,1076.8319999999999,7,3,3009.4044065388607
plain,1|6|7|8|10,1,2>9>4,108.432,3,1,1280.8717444457052
plain,1|6|7|8|10,1,4>1>6,1096.848,4,3,2599.096640251661
plain,1|6|7|8|10,1,9>1>4>2,1096.56,4,4,3507.844512705521
plain,1|6|7|8|10,1,2>4>1>7,1342.8,6,4,409.05988184474154
plain,1|6|7|8|10,1,3>2>6>7,1081.5839999999998,6,3,1051.2030670909207
plain,1|6|7|8|10,1,9>6>3>7,1233.3600000000001,6,3,1345.6301815974684
plain,1|6|7|8|10,1,2>6>4>2,243.64800000000002,3,2,2619.229048466619
plain,1|6|7|8|10,1,4>6>2>3,666.432,5,3,2376.1536198002264
plain,1|6|7|8|10,1,4>9>1>6,1100.304,7,3,2633.6566402516623
plain,1|6|7|8|10,1,4>6>4>9,273.74399999999997,3,1,2930.105981375695
plain,1|6|7|8|10,1,3>6>9>4,671.472,5,2,3686.1059813756956
plain,1|6|7|8|10,1,3>6>2>9,644.544,5,3,3410.794811536628
plain,1|6|7|8|10,1,9>4>1>7,1326.96,6,3,345.68028066881925
plain,1|6|7|8|10,1,2>6>9>1,728.64,5,3,2101.9332366997924
plain,1|6|7|8|10,1,2>3>4,921.456,4,3,3298.7305646978994
plain,1|6|7|8|10,1,9>6>4>2,317.52000000000004,3,2,3357.949048466619
plain,1|6|7|8|10,1,2>1>9>7,1452.096,5,5,406.0415042426846
plain,1|6|7|8|10,1,9>3>2>4,937.8719999999998,7,4,2868.3459813756936
plain,1|6|7|8|10,1,3>4>2>7,933.984,6,2,235.8369329090765
plain,1|6|7|8|10,1,4>3>1>6,1096.9920000000002,4,3,2600.5366402516634
plain,1|6|7|8|10,1,9>6>9>1,802.512,5,2,2860.4871025179464
plain,1|6|7|8|10,1,1>4>7,934.704,3,3,24.34307907951802
plain,1|6|7|8|10,1,9>3>4,847.008,4,3,2892.6890604552154
plain,1|6|7|8|10,1,6>4>1,664.272,5,3,1456.9503879145568
plain,1|6|7|8|10,1,3>4>6>9,728.2080000000001,5,1,4260.800000000001
plain,1|6|7|8|10,1,1>6>4>3,1123.92,7,5,3687.724125870042
plain,1|6|7|8|10,1,9>1>9>7,1377.648,5,5,-2.2737367544323206e-13
plain,1|6|7|8|10,1,6>2>9>6,305.568,3,2,3242.314811536628
plain,1|6|7|8|10,1,6>9>4>6,304.272,3,0,3242.72
plain,1|6|7|8|10,1,4>2>1>6,1190.304,7,3,3455.8871929609663
plain,1|6|7|8|10,1,2>9,77.616,3,1,972.7117444457051
plain,1|6|7|8|10,1,9>2>4,121.68,3,1,1399.5490484666188
plain,1|6|7|8|10,1,6>3>7,1098.288,3,3,-9.094947017729282e-13
plain,1|6|7|8|10,1,6>1>9,1052.3519999999999,4,4,4233.496640251658
plain,1|6|7|8|10,1,2>1>2>6,1229.616,4,3,3866.2581444943467
plain,1|6|7|8|10,1,2>6>4>1,725.472,5,4,2049.1165220964017
plain,1|6|7|8|10,1,2>9>3>4,924.624,7,4,3323.5140535893106
plain,1|6|7|8|10,1,2>1>4>7,1509.9840000000002,5,5,406.0415042426871
plain,1|6|7|8|10,1,3>4>3>1,983.52,4,3,3069.785981375695
plain,1|6|7|8|10,1,9>1>2>6,1155.168,4,3,3460.216640251661
plain,1|6|7|8|10,1,3>4>9>2,561.024,5,1,3239.6769329090775
plain,1|6|7|8|10,1,1>9>2,593.856,5,2,3499.664895805955
plain,1|6|7|8|10,1,2>3,466.704,2,2,406.0415042426851
plain,1|6|7|8|10,1,9>6>4>1,799.344,5,3,2807.670387914557
plain,1|6|7|8|10,1,9>1>4>7,1435.536,5,5,-1.1368683772161603e-12
plain,1|6|7|8|10,1,4>6>1,640.3679999999999,5,2,1225.24440653886
plain,1|6|7|8|10,1,6>4>9>3,559.1519999999999,5,3,1315.8534669940766
plain,1|6|7|8|10,1,3>6>3>9,1323.648,4,3,5765.759999999999
plain,1|6|7|8|10,1,9>3,392.256,2,2,-8.526512829121202e-14
plain,1|6|7|8|10,1,1>3>2,664.704,2,1,4238.956652240259
plain,1|6|7|8|10,1,6>1>4,1082.4479999999999,4,4,3955.5766402516574
plain,1|6|7|8|10,1,1>4>6>2,748.656,5,3,4400.833725966886
plain,1|6|7|8|10,1,9>2,75.024,3,0,950.24
plain,1|6|7|8|10,1,9>2>3>4,996.48,7,3,4045.5223091436046
plain,1|6|7|8|10,1,3>4>9>1,986.832,7,3,3102.905981375694
plain,1|6|7|8|10,1,6>3>6>2,991.872,7,4,2438.0830670909218
plain,1|6|7|8|10,1,1>6>2>1,1236.384,7,4,3924.0212115852696
plain,1|6|7|8|10,1,4>6>9>3,665.712,5,2,2388.7874856183807
plain,1|6|7|8|10,1,2>3>9>4,922.176,7,3,3305.9305646979
plain,1|6|7|8|10,1,2>3>2>9,1043.28,4,3,3601.238437151762
plain,1|6|7|8|10,1,1>9>3,911.088,4,4,4057.839719331181
plain,1|6|7|8|10,1,2>6>3>6,960.192,7,4,2109.724571333608
plain,1|6|7|8|10,1,1>4>6>1,1189.2959999999998,7,4,3438.715065414824
plain,1|6|7|8|10,1,9>3>9>4,847.7280000000001,7,3,2899.889060455216
plain,1|6|7|8|10,1,3>4>9>7,843.9839999999999,6,2,251.56906045521396
plain,1|6|7|8|10,1,6>1,533.52,2,2,175.65692092047857
plain,1|6|7|8|10,1,2>4>1>6,1143.504,7,4,2970.6362414275823
plain,1|6|7|8|10,1,1>6>2>7,1093.536,6,3,53.30614617044557
plain,1|6|7|8|10,1,6>9>1>2,1260.576,7,3,4833.043754758208
plain,1|6|7|8|10,1,9>4>1>6,1127.6640000000002,7,3,2907.2566402516645
plain,1|6|7|8|10,1,4>6>4>3,662.544,5,3,2349.7734669940764
plain,1|6|7|8|10,1,3>6>2>3,1033.632,7,4,2844.1245713336075
plain,1|6|7|8|10,1,1>4>6>7,1177.1999999999998,6,3,882.8540186243022
plain,1|6|7|8|10,1,3>6>4>9,640.9440000000001,5,2,3380.8259813756968
plain,1|6|7|8|10,1,2>1>9>6,1229.1840000000002,4,4,3831.126388060044
plain,1|6|7|8|10,1,1>2>3,1059.84,4,3,3729.3181564829447
plain,1|6|7|8|10,1,3>4>2>6,562.7520000000001,5,2,2596.3230670909234
plain,1|6|7|8|10,1,6>3>1>2,1126.8,4,3,3500.3735731607385
plain,1|6|7|8|10,1,2>9>3>9,894.528,7,4,3615.2367495684002
plain,1|6|7|8|10,1,6>4>1>4,1213.2,7,5,5236.870107245736
plain,1|6|7|8|10,1,9>1>9>6,1154.7359999999999,4,4,3425.0848838173565
plain,1|6|7|8|10,1,3>4>6>3,986.5440000000001,7,3,2375.8274856183816
plain,1|6|7|8|10,1,6>2>6>1,687.5999999999999,5,4,1685.0645593450097
plain,1|6|7|8|10,1,1>6>3>1,1101.8880000000001,4,3,2600.5366402516615
plain,1|6|7|8|10,1,1>6>9>2,809.8560000000001,5,2,5008.947962896878
plain,1|6|7|8|10,1,6>3>6>7,1420.416,5,4,-1.8189894035458565e-12
plain,1|6|7|8|10,1,4>9>2,106.272,3,0,1262.72
plain,1|6|7|8|10,1,2>1>7,1342.8,3,3,443.5617849115042
plain,1|6|7|8|10,1,1>3>9,590.4,2,2,4973.5197193311815
plain,1|6|7|8|10,1,6>1>9>4,1083.168,4,4,3948.9739442725695
plain,1|6|7|8|10,1,6>4>2>1,757.728,5,4,2371.676522096402
plain,1|6|7|8|10,1,2>1>4>6,1231.056,4,4,3863.6490840391302
plain,1|6|7|8|10,1,9>1>7,1268.3519999999999,3,3,37.520280668818486
plain,1|6|7|8|10,1,4>3>2,919.008,4,3,2419.036932909077
plain,1|6|7|8|10,1,1>9>2>4,640.512,5,3,3948.973944272573
plain,1|6|7|8|10,1,9>1>4>6,1156.608,4,4,3457.6075797964445
plain,1|6|7|8|10,1,1>2>9,670.752,5,3,4265.1766402516605
plain,1|6|7|8|10,1,1>9>4,549.648,5,2,3973.317023352093
plain,1|6|7|8|10,1,6>4>3>2,1054.656,7,4,3700.330399903154
plain,1|6|7|8|10,1,7>1>9>2,1259.5679999999998,2,2,10156.784895805951
plain,1|6|7|8|10,1,1>6>4>2,750.672,5,4,4413.659707342584
plain,1|6|7|8|10,1,6>9>1>7,1434.96,6,3,1371.6304622662865
plain,1|6|7|8|10,1,1>3>2>4,711.3599999999999,5,3,4671.2566402516595
plain,1|6|7|8|10,1,3>6>1,1007.568,4,3,1694.8569209204788
plain,1|6|7|8|10,1,3>4>3>6,1348.848,4,3,6066.72
plain,1|6|7|8|10,1,1>6>9>1,1235.6640000000002,7,4,3902.395065414828
plain,1|6|7|8|10,1,1>3>4,620.496,2,2,4695.59971933118
plain,1|6|7|8|10,1,6>3>1>7,1301.184,3,3,38.960280668818086
plain,1|6|7|8|10,1,4>6>2>1,775.008,5,3,2551.8105407207063
plain,1|6|7|8|10,1,4>1>2>7,1554.192,5,4,9.91693290907915
plain,1|6|7|8|10,1,1>2>4,639.7919999999999,5,3,3955.57664025166
plain,1|6|7|8|10,1,4>9>3,423.50399999999996,5,2,34.55999999999968
plain,1|6|7|8|10,1,7>1>4>2,1261.4399999999998,2,2,10189.30759178504
plain,1|6|7|8|10,1,1>6>9>7,1092.816,6,3,25.211322645217024
plain,1|6|7|8|10,1,6>2>1>7,1435.6799999999998,6,4,1362.4448520024264
plain,1|6|7|8|10,1,4>6>3>2,1030.752,7,3,3468.624418527459
plain,1|6|7|8|10,1,1>9,518.832,2,2,4257.839719331181
plain,1|6|7|8|10,1,6>4>3>1,664.416,5,3,1458.3903879145573
plain,1|6|7|8|10,1,2>9>6,212.688,3,1,2323.431744445705
plain,1|6|7|8|10,1,6>4>9>2,241.92,3,1,2611.8659813756954
plain,1|6|7|8|10,1,1>6>4>1,1232.496,7,5,3863.381046790522
plain,1|6|7|8|10,1,3>6>9>3,1032.9119999999998,7,3,2853.310181597467
plain,1|6|7|8|10,1,2>3>4>9,952.7040000000001,4,3,3611.2105646979007
plain,1|6|7|8|10,1,3>4>9>6,621.072,5,1,3189.4400000000005
plain,1|6|7|8|10,1,2>3>6,940.752,4,3,1925.2415042426856
plain,1|6|7|8|10,1,9>3>2>3,1357.9199999999998,4,3,6744.190181597468
plain,1|6|7|8|10,1,1>6>2>6,722.3040000000001,5,3,4144.405853513028
plain,1|6|7|8|10,1,6>4>1>9,1183.104,7,5,5514.790107245739
plain,1|6|7|8|10,1,6>4>3>7,1229.04,6,4,1281.293466994075
plain,1|6|7|8|10,1,4>2>3,513.504,5,2,856.7905527093037
plain,1|6|7|8|10,1,4>1>9>2,1122.48,4,4,3475.321816726434
plain,1|6|7|8|10,1,1>6>4>7,1089.6480000000001,6,4,9.094947017729282e-13
plain,1|6|7|8|10,1,9>3>6,866.304,4,3,1519.1999999999998
plain,1|6|7|8|10,1,1>2,593.136,2,1,3523.27665224026
plain,1|6|7|8|10,1,3>4>7,840.528,3,2,217.00906045521447
plain,1|6|7|8|10,1,4>6>3>1,640.5120000000001,5,2,1226.6844065388614
plain,1|6|7|8|10,1,4>6>9>2,348.48,3,0,3684.8
plain,1|6|7|8|10,1,3>6>4>3,1029.7440000000001,7,4,2800.4934669940794
plain,1|6|7|8|10,1,6>4>9>1,667.728,5,3,1491.5103879145563
plain,1|6|7|8|10,1,9>2>6,136.224,3,1,1552.3230670909227
plain,1|6|7|8|10,1,7>1>2>6,1320.048,2,1,10141.679719331181
plain,1|6|7|8|10,1,4>3>9,844.704,4,3,3184.4117564343023
plain,1|6|7|8|10,1,2>9>1,578.448,5,3,606.4819140545749
plain,1|6|7|8|10,1,1>9>2>9,671.472,5,3,4272.37664025166
plain,1|6|7|8|10,1,2>4>2,93.45599999999999,3,1,1117.3090484666186
plain,1|6|7|8|10,1,2>1>6>7,1664.9279999999999,5,4,406.0415042426853
plain,1|6|7|8|10,1,4>1>4>2,1124.352,4,4,3507.844512705522
plain,1|6|7|8|10,1,4>6>1>9,1159.1999999999998,7,4,5283.08412587004
plain,1|6|7|8|10,1,4>6>3>7,1205.136,6,3,1049.58748561838
plain,1|6|7|8|10,1,9>4>2,77.616,3,0,976.16
plain,1|6|7|8|10,1,1>3>9>4,621.216,5,2,4688.997023352093
plain,1|6|7|8|10,1,2>3>1,575.424,2,2,583.1384251631645
plain,1|6|7|8|10,1,1>3>2>9,742.3199999999999,5,3,4980.85664025166
plain,1|6|7|8|10,1,9>1>6>7,1590.48,5,4,4.547473508864641e-13
plain,1|6|7|8|10,1,9>6>1>2,1261.728,7,3,4844.563754758208
plain,1|6|7|8|10,1,4>2>9,124.416,3,1,1440.7117444457049
plain,1|6|7|8|10,1,4>9>4,62.064,3,0,820.6399999999999
plain,1|6|7|8|10,1,3>9>2,499.68,5,1,2626.236932909079
plain,1|6|7|8|10,1,9>3>1,500.976,2,2,177.09692092048022
plain,1|6|7|8|10,1,4>3>2>4,965.664,4,3,2885.5969329090767
plain,1|6|7|8|10,1,4>6>9>1,774.288,5,2,2564.4444065388607
plain,1|6|7|8|10,1,1>2>9>4,701.568,5,3,4573.336640251661
plain,1|6|7|8|10,1,4>1>9>7,1405.44,5,5,1.5916157281026244e-12
plain,1|6|7|8|10,1,6>4>2>6,243.64799999999997,3,2,2619.229048466618
plain,1|6|7|8|10,1,3>4>6>2,654.48,5,2,3513.603067090923
plain,1|6|7|8|10,1,9>2>1,650.304,5,2,1328.4901696088698
plain,1|6|7|8|10,1,6>3>1>6,1101.888,4,3,2600.5366402516597
plain,1|6|7|8|10,1,2>3>9>3,1283.616,4,3,7509.565005122693
plain,1|6|7|8|10,1,2>4>3,466.704,5,3,371.5396011759223
plain,1|6|7|8|10,1,4>9,31.248,3,0,512.48
plain,1|6|7|8|10,1,7>3>9>4,1012.608,2,1,8671.249060455215
plain,1|6|7|8|10,1,4>1>2>6,1182.96,4,3,3460.216640251662
plain,1|6|7|8|10,1,4>6>4>1,771.12,5,3,2525.4303879145564
plain,1|6|7|8|10,1,3>6>2>1,1142.208,7,4,3019.7814922540892
plain,1|6|7|8|10,1,9>4>3,450.864,5,2,308.1599999999991
plain,1|6|7|8|10,1,2>6>1>7,1362.24,6,4,628.0448520024293
plain,1|6|7|8|10,1,4>1>4>7,1463.3280000000002,5,5,6.821210263296962e-13
plain,1|6|7|8|10,1,2>9>4>3,528.48,5,3,1003.1022971550094
plain,1|6|7|8|10,1,4>3,420.048,2,2,-7.176481631177012e-13
plain,1|6|7|8|10,1,3>9>3,816.912,4,3,3184.411756434305
plain,1|6|7|8|10,1,2>9>6>4,348.336,3,1,3676.0259813756957
plain,1|6|7|8|10,1,9>6>1>7,1436.112,6,3,1383.150462266287
plain,1|6|7|8|10,1,3>4>6>1,1095.12,7,3,2551.4844065388597
plain,1|6|7|8|10,1,9>2>9>3,544.896,5,3,1181.064993134095
plain,1|6|7|8|10,1,3>6>2>7,999.36,6,3,228.96306709092232
plain,1|6|7|8|10,1,1>6>7,1089.6480000000001,3,2,24.34307907952325
plain,1|6|7|8|10,1,4>2,46.8,3,0,668.0
plain,1|6|7|8|10,1,7>1>9>6,1319.616,2,2,10106.547962896877
plain,1|6|7|8|10,1,9>3>4>3,1267.056,4,3,6815.249060455217
plain,1|6|7|8|10,1,2>4>9,77.904,3,1,961.7890484666185
plain,1|6|7|8|10,1,9>3>6>4,1001.952,7,4,2868.345981375697
plain,1|6|7|8|10,1,3>4>6>7,1083.024,6,2,1075.5199999999968
plain,1|6|7|8|10,1,9>2>4>3,541.7280000000001,5,3,1121.779601175923
plain,1|6|7|8|10,1,9>2>6>4,271.87199999999996,3,2,2901.469048466618
plain,1|6|7|8|10,1,3>6>3>1,1007.712,4,3,1696.2969209204775
plain,1|6|7|8|10,1,3>6>9>2,715.68,5,1,4135.5199999999995
plain,1|6|7|8|10,1,4>3>2>9,996.624,4,3,3195.196932909077
plain,1|6|7|8|10,1,2>9>1>4,1127.376,7,5,4386.401633385755
plain,1|6|7|8|10,1,7>1>4>6,1321.4879999999998,2,2,10139.07065887596
plain,1|6|7|8|10,1,1>9>2>3,1060.56,7,4,3702.2581444943444
plain,1|6|7|8|10,1,1>9>4>9,580.8960000000001,5,2,4285.797023352094
plain,1|6|7|8|10,1,6>4>9>6,301.96799999999996,3,1,3212.345981375695
plain,1|6|7|8|10,1,1>9>6,653.904,5,2,3449.4279628968775
plain,1|6|7|8|10,1,9>4>2>4,124.27199999999999,3,1,1425.4690484666185
plain,1|6|7|8|10,1,2>3>1>4,1124.3519999999999,4,4,4363.058144494343
plain,1|6|7|8|10,1,1>3>2>3,1131.408,4,3,4444.998156482943
plain,1|6|7|8|10,1,3>9>2>4,546.336,5,2,3075.545981375697
plain,1|6|7|8|10,1,1>3>4>9,651.744,5,2,4994.277023352093
plain,1|6|7|8|10,1,3>2>9,576.576,5,2,3391.7486773547835
plain,1|6|7|8|10,1,3>9>4,455.472,5,1,3099.8890604552143
plain,1|6|7|8|10,1,9>3>1>4,1049.904,4,4,3957.0166402516606
plain,1|6|7|8|10,1,1>3>6,639.792,2,1,3339.1197193311823
plain,1|6|7|8|10,1,3>6>4>2,656.496,5,3,3526.429048466619
plain,1|6|7|8|10,1,4>1>9>6,1182.5280000000002,4,4,3425.0848838173592
plain,1|6|7|8|10,1,2>9>3>2,968.8319999999999,7,4,2849.8619260431733
plain,1|6|7|8|10,1,3>6>9>1,1141.4879999999998,7,3,3028.967102517945
plain,1|6|7|8|10,1,1>2>4>9,671.04,5,3,4254.253944272574
plain,1|6|7|8|10,1,3>2>7>1,1597.104,5,4,1495.9353580722418
plain,1|6|7|8|10,1,4>9>3>9,848.16,7,3,3218.9717564343036
plain,1|6|7|8|10,1,9>2>1>4,1199.232,7,4,5108.409888940049
plain,1|6|7|8|10,1,1>2>6,654.336,5,2,3474.6427864221055
plain,1|6|7|8|10,1,9>3>2>1,1466.4959999999999,4,3,6923.2953580722415
plain,1|6|7|8|10,1,2>4,46.656,3,1,649.3090484666186
plain,1|6|7|8|10,1,3>2>4,545.616,5,2,3068.3459813756963
plain,1|6|7|8|10,1,2>4>3>4,921.456,7,4,3264.2286616311358
plain,1|6|7|8|10,1,2>3>2>7,1398.096,5,4,415.9584371517594
plain,1|6|7|8|10,1,4>1>7,1296.144,3,3,37.520280668819396
plain,1|6|7|8|10,1,9>4,30.816,3,0,508.16
plain,1|6|7|8|10,1,3>6>9>7,998.6399999999999,6,2,231.67999999999665
plain,1|6|7|8|10,1,1>9>1,1019.664,4,4,4233.496640251661
plain,1|6|7|8|10,1,1>4>2,595.728,5,2,3532.187591785042
plain,1|6|7|8|10,1,2>3>6>9,1107.36,4,3,3591.3215042426837
plain,1|6|7|8|10,1,2>6>1>6,1162.944,7,4,3189.621211585268
plain,1|6|7|8|10,1,3>9,424.656,2,1,3384.411756434304
plain,1|6|7|8|10,1,4>1>4>6,1184.4,4,4,3457.6075797964436
plain,1|6|7|8|10,1,6>9>2,241.632,3,0,2616.32
plain,1|6|7|8|10,1,9>3>2>7,1323.648,5,4,9.916932909076422
plain,1|6|7|8|10,1,3>6>4>1,1138.3200000000002,7,4,2976.1503879145575
plain,1|6|7|8|10,1,4>2>3>9,938.1600000000001,7,3,4041.2023091436076
plain,1|6|7|8|10,1,3>9>3>4,1271.664,4,3,7139.249060455215
plain,1|6|7|8|10,1,2>9>3>1,578.592,5,3,607.9219140545754
plain,1|6|7|8|10,1,6>3>2,923.904,4,3,2419.036932909078
plain,1|6|7|8|10,1,3>6>2>6,628.128,5,3,3240.1661341818462
plain,1|6|7|8|10,1,3>6>4>7,995.472,6,3,192.66598137569417
plain,1|6|7|8|10,1,2>3>9>2,966.384,7,3,2832.278437151763
plain,1|6|7|8|10,1,1>2>1,1168.416,4,3,3904.9750774034246
plain,1|6|7|8|10,1,2>9>1>9,1097.28,7,5,4664.321633385756
plain,1|6|7|8|10,1,3>2,498.96,2,1,2619.036932909078
plain,1|6|7|8|10,1,2>9>3>7,1143.216,6,4,430.82499313409426
plain,1|6|7|8|10,1,2>4>9>4,108.72,3,1,1269.9490484666187
plain,1|6|7|8|10,1,9>3>9>2,891.936,7,3,2426.236932909079
plain,1|6|7|8|10,1,2>9>4>2,155.232,3,1,1748.871744445705
plain,1|6|7|8|10,1,2>3>1>9,1094.2559999999999,4,4,4640.978144494344
plain,1|6|7|8|10,1,4>9>2>3,572.976,5,2,1451.510552709304
plain,1|6|7|8|10,1,1>3>9>3,982.656,4,4,4773.5197193311815
plain,1|6|7|8|10,1,3>9>2>9,577.296,5,2,3398.948677354784
plain,1|6|7|8|10,1,1>4>3,968.976,4,4,3779.9197193311793
plain,1|6|7|8|10,1,9>2>3>1,650.4480000000001,5,2,1329.9301696088712
plain,1|6|7|8|10,1,6>1>2>7,1559.088,5,4,9.916932909077332
plain,1|6|7|8|10,1,4>9>6,166.32,3,0,1863.1999999999998
plain,1|6|7|8|10,1,9>3>1>9,1019.808,4,4,4234.936640251662
plain,1|6|7|8|10,1,6>9>3,558.864,5,2,1334.110181597468
plain,1|6|7|8|10,1,2>3>4>2,968.256,4,3,2850.998437151762
plain,1|6|7|8|10,1,1>2>9>3,1063.0079999999998,7,5,3723.2898889400494
plain,1|6|7|8|10,1,1>9>4>3,969.696,7,4,3773.317023352093
plain,1|6|7|8|10,1,2>3>9>1,1392.192,4,3,7722.7422067119915
plain,1|6|7|8|10,1,4>3>6,894.096,4,3,1519.199999999999
plain,1|6|7|8|10,1,9>3>4>2,893.808,7,3,2444.956932909078
plain,1|6|7|8|10,1,1>9>6>4,789.552,5,3,4798.5739442725735
plain,1|6|7|8|10,1,6>4>1>2,1257.408,7,4,4780.227040154815
plain,1|6|7|8|10,1,9>2>3>7,1215.0720000000001,6,3,1152.83324868839
plain,1|6|7|8|10,1,4>2>4>9,124.704,3,1,1429.7890484666186
plain,1|6|7|8|10,1,1>3>4>3,1040.5439999999999,4,4,4495.599719331178
plain,1|6|7|8|10,1,3>2>9>4,607.392,5,2,3699.9086773547833
plain,1|6|7|8|10,1,2>9>4>1,637.056,5,3,1178.7592180754891
plain,1|6|7|8|10,1,1>3>6>4,775.44,5,3,4671.25664025166
plain,1|6|7|8|10,1,4>2>6,108.0,3,1,1270.083067090923
plain,1|6|7|8|10,1,2>4>3>9,891.36,7,4,3555.9513576102254
plain,1|6|7|8|10,1,6>1>9>2,1127.3759999999997,4,4,3475.321816726432
plain,1|6|7|8|10,1,6>2>3,559.5840000000001,5,3,1324.9245713336081
plain,1|6|7|8|10,1,2>3>9>7,1249.344,5,4,436.8532606769886
plain,1|6|7|8|10,1,1>4>9,580.176,5,2,4278.597023352093
plain,1|6|7|8|10,1,9>2>9>1,653.472,5,3,1356.7219140545747
plain,1|6|7|8|10,1,1>2>4>3,1059.84,7,5,3677.807192960963
plain,1|6|7|8|10,1,2>9>2>6,213.83999999999997,3,2,2325.034811536628
plain,1|6|7|8|10,1,9>3>9>7,1174.896,5,4,30.81175643430197
plain,1|6|7|8|10,1,1>2>6>4,789.984,5,4,4806.779707342583
plain,1|6|7|8|10,1,4>9>1,532.08,5,2,210.21692092047942
plain,1|6|7|8|10,1,4>1>6>7,1618.272,5,4,4.547473508864641e-13
plain,1|6|7|8|10,1,4>6>1>2,1233.504,7,3,4548.52105877912
plain,1|6|7|8|10,1,9>3>4>1,1375.632,4,3,6990.905981375694
plain,1|6|7|8|10,1,2>9>6>3,637.6320000000001,5,3,2108.4249931340964
plain,1|6|7|8|10,1,6>3>9,849.6,4,3,3184.4117564343032
plain,1|6|7|8|10,1,2>3>2>6,1026.864,4,3,2786.3615042426845
plain,1|6|7|8|10,1,4>3>1,528.768,2,2,177.09692092047953
plain,1|6|7|8|10,1,1>4>2>4,642.3839999999999,5,3,3981.49664025166
plain,1|6|7|8|10,1,6>1>4>2,1129.2479999999998,4,4,3507.8445127055184
plain,1|6|7|8|10,1,2>3>4>7,1307.232,5,4,423.05056469789747
plain,1|6|7|8|10,1,9>3>2>6,952.4159999999999,7,4,2370.4030670909233
plain,1|6|7|8|10,1,6>9>2>4,288.288,3,1,3065.6290484666188
plain,1|6|7|8|10,1,9>2>4>1,650.3040000000001,5,3,1297.4365220964028
plain,1|6|7|8|10,1,6>2>9,170.49599999999998,3,2,1891.5948115366277
plain,1|6|7|8|10,1,6>9>4,197.424,3,1,2166.905981375696
plain,1|6|7|8|10,1,9>3>4>7,1232.784,5,4,17.009060455214467
plain,1|6|7|8|10,1,6>4>1>7,1431.792,6,4,1318.8137476628945
plain,1|6|7|8|10,1,4>2>1,622.0799999999999,5,2,1032.4474736297825
plain,1|6|7|8|10,1,9>3>6>3,1291.248,4,3,5436.6701815974675
plain,1|6|7|8|10,1,3>6>7,995.472,3,2,199.99999999999818
plain,1|6|7|8|10,1,1>9>2>1,1169.136,7,4,3877.915065414826
plain,1|6|7|8|10,1,6>3>2>4,970.56,4,3,2885.596932909076
plain,1|6|7|8|10,1,6>3>4,879.696,4,3,2892.6890604552154
plain,1|6|7|8|10,1,9>1>2,1093.9679999999998,4,3,3498.933573160739
plain,1|6|7|8|10,1,6>1>9>7,1410.3359999999998,5,5,-3.865352482534945e-12
plain,1|6|7|8|10,1,9>2>6>3,561.168,5,3,1337.3163157793135
plain,1|6|7|8|10,1,2>9>3>6,943.92,7,4,1950.024993134095
plain,1|6|7|8|10,1,2>6>2,154.07999999999998,3,2,1720.9661341818455
plain,1|6|7|8|10,1,4>3>9>3,1236.96,4,3,7106.971756434304
plain,1|6|7|8|10,1,1>9>2>7,1026.288,6,3,10.648255554296156
plain,1|6|7|8|10,1,6>2>4,139.536,3,2,1568.1921155575417
plain,1|6|7|8|10,1,9>6>2,227.952,3,1,2469.603067090923
plain,1|6|7|8|10,1,1>4,548.928,2,2,3979.9197193311793
plain,1|6|7|8|10,1,1>9>6>9,820.512,5,2,5115.507962896876
plain,1|6|7|8|10,1,2>4>6,153.504,3,1,1717.7890484666186
plain,1|6|7|8|10,1,4>6>1>7,1407.888,6,3,1087.1077662871994
plain,1|6|7|8|10,1,9>4>2>3,544.32,5,2,1164.9505527093045
plain,1|6|7|8|10,1,6>9,166.608,3,0,1866.08
plain,1|6|7|8|10,1,4>2>9>3,516.672,5,3,885.0222971550095
plain,1|6|7|8|10,1,6>1>2>6,1187.856,4,3,3460.21664025166
plain,1|6|7|8|10,1,1>3>2>7,1097.136,3,2,749.9400119886004
plain,1|6|7|8|10,1,3>9>2>3,966.384,7,3,2828.8301815974683
plain,1|6|7|8|10,1,4>9>6>4,301.96799999999996,3,1,3212.345981375695
plain,1|6|7|8|10,1,3>9>4>9,486.71999999999997,5,1,3412.369060455215
plain,1|6|7|8|10,1,9>4>6,137.664,3,0,1576.6399999999999
plain,1|6|7|8|10,1,6>9>3>4,1013.616,7,3,4226.7992420526825
plain,1|6|7|8|10,1,1>3>6>9,806.4000000000001,5,2,4974.387962896877
plain,1|6|7|8|10,1,6>1>4>7,1468.224,5,5,-2.9558577807620168e-12
plain,1|6|7|8|10,1,3>9>6,559.7280000000001,5,1,2576.000000000001
plain,1|6|7|8|10,1,6>3,424.944,2,2,-2.1316282072803006e-13
plain,1|6|7|8|10,1,1>9>3>1,1019.808,4,4,4234.936640251662
plain,1|6|7|8|10,1,9>2>3>6,1015.7760000000001,7,3,2672.033248688391
plain,1|6|7|8|10,1,1>2>6>9,820.944,5,3,5109.911029987799
plain,1|6|7|8|10,1,6>2,92.88,3,1,1118.8830670909229
plain,1|6|7|8|10,1,4>2>4>3,513.504,5,3,839.5396011759224
plain,1|6|7|8|10,1,2>6>3,486.144,5,3,590.5245713336085
plain,1|6|7|8|10,1,2>3>9>6,1026.432,7,3,2782.041504242685
plain,1|6|7|8|10,1,1>3>9>2,665.424,5,2,4215.344895805955
plain,1|6|7|8|10,1,4>2>6>4,243.648,3,2,2619.229048466619
plain,1|6|7|8|10,1,3>2>4>9,576.864,5,2,3380.8259813756968
plain,1|6|7|8|10,1,6>2>3>4,1014.336,7,4,4217.613631788823
plain,1|6|7|8|10,1,2>4>1,575.28,5,3,547.1965220964012
plain,1|6|7|8|10,1,1>4>2>9,673.3439999999999,5,3,4291.096640251661
plain,1|6|7|8|10,1,3>2>6,560.16,5,2,2570.4030670909224
plain,1|6|7|8|10,1,9>6>3,560.0160000000001,5,2,1345.6301815974684
plain,1|6|7|8|10,1,9>3>9>6,951.984,7,3,2376.000000000001
plain,1|6|7|8|10,1,1>2>3>1,1168.56,4,3,3906.4150774034233
plain,1|6|7|8|10,1,2>9>4>6,215.28,3,1,2349.351744445705
plain,1|6|7|8|10,1,9>4>1,559.44,5,2,483.8169209204798
plain,1|6|7|8|10,1,1>9>4>2,596.448,5,2,3525.584895805955
plain,1|6|7|8|10,1,3>9>1,925.488,4,3,3360.068677354785
plain,1|6|7|8|10,1,2>3>7,1140.048,3,3,406.041504242683
plain,1|6|7|8|10,1,2>1>9,1094.112,4,4,4639.538144494347
plain,1|6|7|8|10,1,3>4>2,501.552,5,1,2644.956932909078
plain,1|6|7|8|10,1,6>3>9>4,880.416,7,3,2899.8890604552143
plain,1|6|7|8|10,1,6>3>2>9,1001.52,4,3,3195.196932909078
plain,1|6|7|8|10,1,4>3>1>4,1077.696,4,4,3957.016640251658
plain,1|6|7|8|10,1,2>3>4>6,1028.304,4,3,2800.761504242686
plain,1|6|7|8|10,1,1>3>4>2,667.2959999999999,5,2,4247.867591785041
plain,1|6|7|8|10,1,9>3>7,1065.6,3,3,-9.094947017729282e-13
plain,1|6|7|8|10,1,4>9>2>1,681.552,5,2,1627.1674736297837
plain,1|6|7|8|10,1,2>6>9,227.808,3,1,2468.163067090923
plain,1|6|7|8|10,1,9>3>4>6,953.856,7,3,2394.7200000000003
plain,1|6|7|8|10,1,6>2>9>4,201.31199999999998,3,2,2195.8690484666186
plain,1|6|7|8|10,1,7>3>9>2,1056.8159999999998,2,1,8197.596932909077
plain,1|6|7|8|10,1,2>4>9>3,470.15999999999997,5,3,406.0996011759218
plain,1|6|7|8|10,1,4>9>3>2,922.4639999999999,7,3,2453.5969329090767
plain,1|6|7|8|10,1,3>2>1,1074.24,4,3,3000.735358072242
plain,1|6|7|8|10,1,2>1>4,1124.208,4,4,4361.618144494346
plain,1|6|7|8|10,1,9>4>9>3,454.32,5,2,342.7199999999995
plain,1|6|7|8|10,1,1>2>9>1,1171.5839999999998,7,5,3898.9468098605294
plain,1|6|7|8|10,1,1>9>4>1,1078.272,7,4,3948.9739442725713
plain,1|6|7|8|10,1,9>2>4>6,228.52800000000002,3,1,2468.029048466619
plain,1|6|7|8|10,1,6>1>9>6,1187.424,4,4,3425.0848838173556
plain,1|6|7|8|10,1,1>3>9>7,948.384,3,3,740.023079079521
plain,1|6|7|8|10,1,2>9>6>2,305.568,3,2,3242.314811536628
plain,1|6|7|8|10,1,6>9>3>9,983.52,7,3,4518.521938031772
plain,1|6|7|8|10,1,9>1>4,1049.76,4,4,3955.57664025166
plain,1|6|7|8|10,1,2>6>2>4,200.736,3,3,2170.2751826484646
plain,1|6|7|8|10,1,1>9>2>6,655.056,5,3,3451.0310299878006
plain,1|6|7|8|10,1,2>6>4,196.848,3,2,2151.2290484666187
plain,1|6|7|8|10,1,4>3>2>7,1351.44,5,4,9.916932909078241
plain,1|6|7|8|10,1,7>3>4>2,1058.6879999999999,2,1,8216.316932909078
plain,1|6|7|8|10,1,9>6>2>4,274.608,3,2,2918.9121155575417
plain,1|6|7|8|10,1,3>4>3,874.8,4,3,2892.6890604552145
plain,1|6|7|8|10,1,1>2>9>7,1028.7359999999999,6,4,31.67999999999938
plain,1|6|7|8|10,1,1>9>4>7,935.424,6,3,17.740383100432155
plain,1|6|7|8|10,1,4>3>6>9,1060.704,7,3,3185.279999999999
plain,1|6|7|8|10,1,9>6>4,270.72,3,1,2899.865981375696
plain,1|6|7|8|10,1,1>9>6>3,1078.848,7,4,3244.3381444943448
plain,1|6|7|8|10,1,6>1>7,1301.04,3,3,37.52028066881758
plain,1|6|7|8|10,1,1>3>2>6,725.904,5,2,4190.322786422104
plain,1|6|7|8|10,1,9>3>6>2,959.184,7,4,2438.0830670909236
plain,1|6|7|8|10,1,1>2>4>1,1168.416,7,5,3853.464113881443
plain,1|6|7|8|10,1,4>9>3>1,532.2239999999999,5,2,211.65692092047902
plain,1|6|7|8|10,1,9>4>6>4,273.312,3,1,2925.7859813756954
plain,1|6|7|8|10,1,6>1>4>6,1189.2959999999998,4,4,3457.6075797964418
plain,1|6|7|8|10,1,1>3>4>7,1006.2719999999999,3,3,740.0230790795181
plain,1|6|7|8|10,1,3>2>9>3,968.832,7,4,2849.8619260431733
plain,1|6|7|8|10,1,3>9>4>3,875.52,7,3,2899.8890604552153
plain,1|6|7|8|10,1,4>2>6>9,274.608,3,1,2936.163067090923
plain,1|6|7|8|10,1,1>3>6>3,1064.736,4,3,3139.1197193311823
plain,1|6|7|8|10,1,2>1,575.28,2,2,581.698425163164
plain,1|6|7|8|10,1,6>2>3>9,984.24,7,4,4509.336327767911
plain,1|6|7|8|10,1,3>9>6>4,695.3760000000001,5,2,3925.1459813756974
plain,1|6|7|8|10,1,2>9>6>1,746.208,5,3,2284.0819140545755
plain,1|6|7|8|10,1,9>2>6>2,229.10399999999998,3,2,2471.206134181846
plain,1|6|7|8|10,1,4>3>9>2,919.728,7,3,2426.236932909076
plain,1|6|7|8|10,1,9>1,500.832,2,2,175.6569209204797
plain,1|6|7|8|10,1,1>2>4>7,1025.568,6,4,-4.547473508864641e-13
plain,1|6|7|8|10,1,4>9>1>9,1050.912,7,4,4268.0566402516615
plain,1|6|7|8|10,1,2>6,61.2,3,1,802.0830670909229
plain,1|6|7|8|10,1,4>9>3>7,1096.848,6,3,34.55999999999767
plain,1|6|7|8|10,1,1>2>6>3,1079.28,7,4,3263.084290664789
plain,1|6|7|8|10,1,2>6>3>4,940.896,7,4,3483.2136317888217
plain,1|6|7|8|10,1,3>4>9,486.0,5,1,3405.169060455215
plain,1|6|7|8|10,1,2>3>1>2,1168.56,4,3,3906.4150774034233
plain,1|6|7|8|10,1,4>2>3>1,622.224,5,2,1033.887473629784
plain,1|6|7|8|10,1,9>6,135.072,3,0,1550.72
plain,1|6|7|8|10,1,9>3>6>1,1399.824,4,3,5617.41692092048
plain,1|6|7|8|10,1,4>9>4>2,108.864,3,0,1288.64
plain,1|6|7|8|10,1,4>3>1>9,1047.6,4,4,4234.936640251661
plain,1|6|7|8|10,1,3>2>4>3,965.664,7,4,2790.5765340849985
plain,1|6|7|8|10,1,1>6>2,661.104,5,2,3542.3227864221058
plain,1|6|7|8|10,1,2>4>1>4,1124.208,7,5,4327.116241427582
plain,1|6|7|8|10,1,3>2>6>4,695.808,5,3,3919.549048466619
plain,1|6|7|8|10,1,7>3>2>6,1117.296,2,1,8151.680000000001
plain,1|6|7|8|10,1,9>6>3>4,1014.768,7,3,4238.319242052683
plain,1|6|7|8|10,1,1>4>2>3,1062.432,7,4,3720.9781444943455
plain,1|6|7|8|10,1,9>3>1>2,1094.112,4,3,3500.373573160741
plain,1|6|7|8|10,1,3>4>7>1,1506.24,5,4,1563.5459813756927
plain,1|6|7|8|10,1,2>3>6>7,1462.176,5,4,406.0415042426812
plain,1|6|7|8|10,1,6>9>2>3,708.336,5,2,2818.913248688391
plain,1|6|7|8|10,1,4>3>4>2,921.5999999999999,7,3,2444.9569329090773
plain,1|6|7|8|10,1,1>4>6,655.776,5,2,3481.9506588759637
plain,1|6|7|8|10,1,9>2>6>1,669.7439999999999,5,3,1512.9732366997916
plain,1|6|7|8|10,1,1>7,767.52,1,1,61.86335974833946
plain,1|6|7|8|10,1,4>2>1>9,1140.9119999999998,7,4,5090.287192960964
plain,1|6|7|8|10,1,4>2>3>7,1186.848,6,3,856.7905527093017
plain,1|6|7|8|10,1,2>1>9>4,1124.928,4,4,4355.015448515258
plain,1|6|7|8|10,1,6>9>6,301.68,3,0,3216.8
plain,1|6|7|8|10,1,4>3>9>1,1345.536,4,3,7333.951654002687
plain,1|6|7|8|10,1,9>3>6>7,1387.728,5,4,0.0
plain,1|6|7|8|10,1,3>4>2>4,548.208,5,2,3094.2659813756964
plain,1|6|7|8|10,1,6>3>4>9,910.9440000000001,7,3,3205.169060455215
plain,1|6|7|8|10,1,9>1>9>4,1050.48,4,4,3948.973944272572
plain,1|6|7|8|10,1,9>4>2>1,652.896,5,2,1340.6074736297824
plain,1|6|7|8|10,1,2>6>9>4,258.62399999999997,3,2,2768.9890484666184
plain,1|6|7|8|10,1,2>6>2>9,231.69599999999997,3,3,2493.677878627551
plain,1|6|7|8|10,1,4>2>9>1,625.248,5,3,1060.6792180754892
plain,1|6|7|8|10,1,2>4>3>2,965.664,7,4,2790.5765340849985
plain,1|6|7|8|10,1,3>9>2>1,1074.96,7,3,3004.487102517948
plain,1|6|7|8|10,1,4>3>9>7,1202.6879999999999,5,4,30.81175643430106
plain,1|6|7|8|10,1,2>9>1>7,1345.9679999999998,6,4,468.34527380291183
plain,1|6|7|8|10,1,6>2>4>9,170.784,3,2,1880.6721155575415
plain,1|6|7|8|10,1,9>4>3>2,949.824,7,3,2727.196932909077
plain,1|6|7|8|10,1,2>4>6>9,320.11199999999997,3,1,3383.8690484666186
plain,1|6|7|8|10,1,4>9>2>6,167.472,3,1,1864.803067090923
plain,1|6|7|8|10,1,1>6>3,993.1680000000001,4,3,2423.439719331182
plain,1|6|7|8|10,1,1>3>9>6,725.472,5,2,4165.107962896876
plain,1|6|7|8|10,1,3>9>3>2,1315.872,4,3,6665.596932909079
plain,1|6|7|8|10,1,2>3>1>7,1342.944,3,3,445.0017849115029
plain,1|6|7|8|10,1,1>4>1,1077.5520000000001,4,4,3955.5766402516592
plain,1|6|7|8|10,1,3>9>2>7,932.1120000000001,6,2,217.11693290907715
plain,1|6|7|8|10,1,4>9>6>3,591.264,5,2,1644.3074856183814
plain,1|6|7|8|10,1,1>9>7,876.816,3,3,24.34307907952075
plain,1|6|7|8|10,1,4>3>2>6,980.2080000000001,4,3,2380.3200000000015
plain,1|6|7|8|10,1,3>4,454.752,2,1,3092.6890604552154
plain,1|6|7|8|10,1,6>9>1,667.44,5,2,1509.7671025179477
plain,1|6|7|8|10,1,9>3>1>7,1268.496,3,3,38.960280668820815
plain,1|6|7|8|10,1,3>9>6>9,726.336,5,1,4242.080000000001
plain,1|6|7|8|10,1,6>4>2,182.44799999999998,3,2,2007.2290484666182
plain,1|6|7|8|10,1,4>2>4>1,622.08,5,3,1015.1965220964021
plain,1|6|7|8|10,1,6>1>6>7,1623.1680000000001,5,4,4.547473508864641e-13
plain,1|6|7|8|10,1,1>2>9>6,805.824,5,3,4965.179707342582
plain,1|6|7|8|10,1,1>9>4>6,656.496,5,2,3475.3479628968776
plain,1|6|7|8|10,1,4>3>4>7,1260.576,5,4,17.009060455214467
plain,1|6|7|8|10,1,2>4>3>1,575.424,5,3,548.6365220964017
plain,1|6|7|8|10,1,4>3>6>3,1319.04,4,3,5700.787485618382
plain,1|6|7|8|10,1,2>4>9>2,152.928,3,1,1712.0290484666186
plain,1|6|7|8|10,1,6>3>1,533.664,2,2,177.09692092047817
plain,1|6|7|8|10,1,9>2>1>7,1417.824,6,3,1190.3535293572095
plain,1|6|7|8|10,1,1>3>4>6,727.3439999999999,5,2,4197.6306588759635
plain,1|6|7|8|10,1,9>4>3>1,559.584,5,2,485.2569209204785
plain,1|6|7|8|10,1,2>6>3>9,910.8,7,4,3774.9363277679113
plain,1|6|7|8|10,1,4>1>2,1121.76,4,3,3498.93357316074
plain,1|6|7|8|10,1,3>9>3>1,925.6320000000001,4,3,3361.5086773547837
plain,1|6|7|8|10,1,1>6>9,734.8320000000001,5,2,4258.707962896879
plain,1|6|7|8|10,1,4>2>6>3,532.944,5,3,1041.2736198002262
plain,1|6|7|8|10,1,1>2>7,1025.568,3,2,34.26001198860013
plain,1|6|7|8|10,1,2>4>1>9,1094.112,7,5,4605.036241427583
plain,1|6|7|8|10,1,6>2>1,668.16,5,3,1500.581492254087
plain,1|6|7|8|10,1,7>3>9>6,1116.864,2,1,8147.36
plain,1|6|7|8|10,1,3>2>6>9,726.768,5,2,4236.483067090923
plain,1|6|7|8|10,1,2>4>3>7,1140.048,6,4,371.5396011759194
plain,1|6|7|8|10,1,1>4>9>3,972.432,7,4,3800.677023352092
plain,1|6|7|8|10,1,1>2>4>6,746.6399999999999,5,3,4373.339707342582
plain,1|6|7|8|10,1,4>9>3>6,897.5519999999999,7,3,1553.7599999999984
plain,1|6|7|8|10,1,4>6>2,199.728,3,1,2187.3630670909233
plain,1|6|7|8|10,1,9>4>3>7,1124.208,6,3,308.15999999999985
plain,1|6|7|8|10,1,1>9>6>2,746.784,5,3,4368.311029987801
plain,1|6|7|8|10,1,3>4>2>9,579.168,5,2,3417.6686773547835
plain,1|6|7|8|10,1,2>4>9>1,578.736,5,3,581.7565220964016
plain,1|6|7|8|10,1,6>3>9>3,1241.856,4,3,7101.881938031771
plain,1|6|7|8|10,1,1>6>2>4,707.76,5,4,3974.622774433506
plain,1|6|7|8|10,1,6>4>3,555.696,5,3,1281.293466994077
plain,1|6|7|8|10,1,3>2>3>1,1074.384,4,3,3002.1753580722425
plain,1|6|7|8|10,1,1>6>4,703.8720000000001,5,3,3955.5766402516615
plain,1|6|7|8|10,1,3>9>4>2,502.272,5,1,2652.156932909077
plain,1|6|7|8|10,1,9>4>9>1,562.896,5,2,518.3769209204784
plain,1|6|7|8|10,1,1>3>6>2,732.672,5,2,4258.002786422105
plain,1|6|7|8|10,1,7>3>4>6,1118.7359999999999,2,1,8166.079999999999
plain,1|6|7|8|10,1,1>4>6>4,791.424,5,3,4831.096640251661
plain,1|6|7|8|10,1,4>2>3>6,987.552,7,3,2375.990552709304
plain,1|6|7|8|10,1,6>2>9>3,562.752,5,4,1349.7080602250182
plain,1|6|7|8|10,1,6>9>4>3,617.472,5,3,1899.0534669940764
plain,1|6|7|8|10,1,6>3>4>3,1299.7440000000001,4,3,7074.276546073599
plain,1|6|7|8|10,1,2>1>6,1143.504,4,3,3005.138144494346
plain,1|6|7|8|10,1,1>9>6>1,1187.424,7,4,3419.9950654148247
plain,1|6|7|8|10,1,4>6>3,531.792,5,2,1049.5874856183812
plain,1|6|7|8|10,1,4>3>9>6,979.776,7,3,2376.0
plain,1|6|7|8|10,1,2>9>1>6,1146.672,7,4,3029.921633385759
plain,1|6|7|8|10,1,2>6>4>9,228.096,3,2,2463.7090484666187
plain,1|6|7|8|10,1,6>4>9,166.896,3,1,1861.6259813756953
plain,1|6|7|8|10,1,2>4>2>6,154.656,3,2,1719.3921155575415
plain,1|6|7|8|10,1,9>1>6,1069.056,4,3,2599.0966402516638
plain,1|6|7|8|10,1,3>2>9>1,1077.408,7,4,3025.5188469636514
plain,1|6|7|8|10,1,3>9>4>1,984.096,7,3,3075.5459813756934
plain,1|6|7|8|10,1,1>6,568.224,2,1,2623.439719331183
plain,1|6|7|8|10,1,6>2>4>3,559.5840000000001,5,4,1290.4226682668454
plain,1|6|7|8|10,1,3>4>3>9,1299.456,4,3,7139.249060455215
plain,1|6|7|8|10,1,9>6>2>3,694.656,5,3,2672.196315779313
plain,1|6|7|8|10,1,9>4>2>6,138.816,3,1,1578.243067090923
plain,1|6|7|8|10,1,2>4>6>3,578.448,5,3,1488.979601175922
plain,1|6|7|8|10,1,2>3>1>6,1143.6480000000001,4,3,3006.578144494348
plain,1|6|7|8|10,1,1>9>6>7,1175.328,6,3,850.331322645216
plain,1|6|7|8|10,1,4>2>9>6,259.488,3,1,2791.431744445705
plain,1|6|7|8|10,1,4>9>4>6,168.912,3,0,1889.1200000000001
plain,1|6|7|8|10,1,3>9>2>6,560.88,5,2,2577.603067090923
plain,1|6|7|8|10,1,4>3>7,1093.392,3,3,-1.8189894035458565e-12
plain,1|6|7|8|10,1,4>1>9,1047.4560000000001,4,4,4233.496640251662
plain,1|6|7|8|10,1,9>4>6>3,562.608,5,2,1357.747485618381
plain,1|6|7|8|10,1,9>3>1>6,1069.2,4,3,2600.5366402516624
plain,1|6|7|8|10,1,1>2>6>1,1187.856,7,4,3438.741211585269
plain,1|6|7|8|10,1,3>2>9>7,934.56,6,3,238.14867735478038
plain,1|6|7|8|10,1,3>9>4>7,841.248,6,2,224.20906045521338
plain,1|6|7|8|10,1,6>9>1>4,1216.368,7,4,5289.686821849127
plain,1|6|7|8|10,1,1>3>6>7,1161.216,3,2,740.0230790795217
plain,1|6|7|8|10,1,3>9>6>3,984.672,7,3,2370.910181597469
plain,1|6|7|8|10,1,4>3>4>6,981.6479999999999,7,3,2394.7199999999993
plain,1|6|7|8|10,1,3>2>4>1,1074.24,7,4,2966.2334550054784
plain,1|6|7|8|10,1,4>6>9,273.456,3,0,2934.5600000000004
plain,1|6|7|8|10,1,6>3>1>4,1082.592,4,4,3957.0166402516597
plain,1|6|7|8|10,1,9>2>1>6,1218.528,7,3,3751.929888940053
plain,1|6|7|8|10,1,1>4>2>1,1171.0079999999998,7,4,3896.6350654148237
plain,1|6|7|8|10,1,1>2>6>7,1175.76,6,3,875.5461461704458
plain,1|6|7|8|10,1,6>9>2>1,816.912,5,2,2994.570169608871
plain,1|6|7|8|10,1,1>6>9>4,765.6480000000001,5,3,4559.533944272574
plain,1|6|7|8|10,1,2>6>1,594.72,5,3,766.1814922540883
plain,1|6|7|8|10,1,1>6>2>9,738.72,5,4,4284.222774433507
plain,1|6|7|8|10,1,2>4>3>6,940.752,7,4,1890.739601175922
plain,1|6|7|8|10,1,6>2>1>4,1217.088,7,5,5280.501211585266
plain,1|6|7|8|10,1,3>2>4>7,931.392,6,3,192.66598137569417
plain,1|6|7|8|10,1,4>9>6>2,259.2,3,1,2782.083067090923
plain,1|6|7|8|10,1,3>2>6>3,985.104,7,4,2358.8445713336087
plain,1|6|7|8|10,1,6>9>3>2,1057.824,7,3,3753.147114506547
plain,1|6|7|8|10,1,1>4>2>7,1028.1599999999999,6,3,43.17095153338005
plain,1|6|7|8|10,1,9>6>1,668.592,5,2,1521.2871025179472
plain,1|6|7|8|10,1,9>4>3>6,924.912,7,3,1827.3600000000006
plain,1|6|7|8|10,1,4>6>2>4,246.38400000000001,3,1,2646.589048466619
plain,1|6|7|8|10,1,1>4>6>9,822.384,5,2,5134.227962896877
plain,1|6|7|8|10,1,4>6>4,242.49599999999998,3,1,2617.6259813756956
plain,1|6|7|8|10,1,3>9>3>6,1290.96,4,3,5765.760000000001
plain,1|6|7|8|10,1,3>6>2,566.928,5,2,2638.0830670909227
plain,1|6|7|8|10,1,6>4,135.648,3,1,1549.1459813756956
plain,1|6|7|8|10,1,4>3>6>2,986.976,7,4,2438.0830670909227
plain,1|6|7|8|10,1,3>4>2>3,968.2560000000001,7,3,2833.7474856183826
plain,1|6|7|8|10,1,6>4>3>4,1010.4480000000001,7,4,4173.982527449293
plain,1|6|7|8|10,1,7>1>9>4,1215.36,2,2,10630.437023352091
plain,1|6|7|8|10,1,6>3>2>7,1356.336,5,4,9.916932909076422
plain,1|6|7|8|10,1,3>4>6,561.6,5,1,2594.7200000000003
plain,1|6|7|8|10,1,3>7,673.344,1,1,199.9999999999991
plain,1|6|7|8|10,1,4>2>6>2,200.88,3,2,2188.9661341818464
plain,1|6|7|8|10,1,2>6>9>3,620.064,5,3,1926.2763157793127
plain,1|6|7|8|10,1,1>4>3>1,1077.696,4,4,3957.016640251658
plain,1|6|7|8|10,1,4>1,528.624,2,2,175.65692092047902
plain,1|6|7|8|10,1,2>4>9>6,212.976,3,1,2312.509048466619
plain,1|6|7|8|10,1,1>4>9>2,655.2,5,2,4113.1048958059555
plain,1|6|7|8|10,1,4>9>6>1,699.8399999999999,5,2,1819.9644065388602
plain,1|6|7|8|10,1,6>9>3>1,667.5840000000001,5,2,1511.2071025179473
plain,1|6|7|8|10,1,9>6>9>3,693.9359999999999,5,2,2684.8301815974664
plain,1|6|7|8|10,1,4>9>1>2,1125.216,7,3,3533.4935731607393
plain,1|6|7|8|10,1,4>6,106.848,3,0,1268.48
plain,1|6|7|8|10,1,4>3>6>1,1427.616,4,3,5895.336920920478
plain,1|6|7|8|10,1,6>3>9>2,924.624,7,3,2426.236932909077
plain,1|6|7|8|10,1,4>3>1>2,1121.904,4,3,3500.3735731607403
plain,1|6|7|8|10,1,6>9>1>9,1186.272,7,4,5567.606821849128
plain,1|6|7|8|10,1,6>9>3>7,1232.208,6,3,1334.110181597468
plain,1|6|7|8|10,1,6>4>9>4,197.712,3,1,2169.7859813756954
plain,1|6|7|8|10,1,6>4>2>9,260.06399999999996,3,2,2783.389048466618
plain,1|6|7|8|10,1,2>6>4>3,616.896,5,4,1873.4596011759218
plain,1|6|7|8|10,1,3>6>3,898.992,4,3,1519.1999999999998
plain,1|6|7|8|10,1,4>2>6>1,641.52,5,3,1216.9305407207062
plain,1|6|7|8|10,1,6>2>3>1,668.3040000000001,5,3,1502.0214922540883
plain,1|6|7|8|10,1,3>4>1,983.376,4,3,3068.3459813756945
plain,1|6|7|8|10,1,6>2>9>2,245.51999999999998,3,2,2641.834811536628
plain,1|6|7|8|10,1,6>9>4>2,244.224,3,1,2634.9059813756953
plain,1|6|7|8|10,1,9>6>4>3,690.768,5,3,2632.013466994077
plain,1|6|7|8|10,1,4>3>6>7,1415.52,5,4,0.0
plain,1|6|7|8|10,1,6>3>1>9,1052.496,4,4,4234.936640251661
plain,1|6|7|8|10,1,1>4>9>1,1081.008,7,4,3976.333944272572
plain,1|6|7|8|10,1,3>9>7,782.64,3,2,230.81175643430197
plain,1|6|7|8|10,1,3>2>9>6,711.648,5,2,4091.751744445706
plain,1|6|7|8|10,1,3>9>4>6,562.3199999999999,5,1,2601.919999999999
plain,1|6|7|8|10,1,4>1>9>4,1078.2720000000002,4,4,3948.973944272573
plain,1|6|7|8|10,1,6>3>4>2,926.496,7,3,2444.9569329090764
plain,1|6|7|8|10,1,2>9>2,152.64,3,1,1722.951744445705
plain,1|6|7|8|10,1,6>2>1>9,1186.992,7,5,5558.421211585269
plain,1|6|7|8|10,1,6>2>3>7,1232.928,6,4,1324.924571333607
plain,1|6|7|8|10,1,6>3>9>1,1350.432,4,3,7315.0591396210675
plain,1|6|7|8|10,1,1>4>9>7,938.1600000000001,6,3,45.10038310043274
plain,1|6|7|8|10,1,4>6>9>4,304.272,3,0,3242.72
plain,1|6|7|8|10,1,4>6>2>9,277.344,3,2,2960.074811536628
plain,1|6|7|8|10,1,2>3>2,965.664,4,3,2825.078437151762
plain,1|6|7|8|10,1,6>2>4>2,186.336,3,2,2036.1921155575417
plain,1|6|7|8|10,1,3>6>9,640.656,5,1,3385.2799999999997
plain,1|6|7|8|10,1,4>9>1>7,1299.6,6,3,72.08028066881889
plain,1|6|7|8|10,1,3>2>7,931.392,3,2,209.91693290907642
plain,1|6|7|8|10,1,2>4>6>2,246.384,3,2,2636.672115557542
plain,1|6|7|8|10,1,3>4>9>3,878.256,7,3,2927.249060455214
plain,1|6|7|8|10,1,6>2>9>1,671.328,5,4,1525.364981145498
plain,1|6|7|8|10,1,6>9>4>1,726.048,5,3,2074.710387914556
plain,1|6|7|8|10,1,2>6>1>4,1143.6480000000001,7,5,4546.101211585268
plain,1|6|7|8|10,1,3>2>4>6,652.4639999999999,5,2,3486.1090484666183
plain,1|6|7|8|10,1,9>3>2,891.2159999999999,4,3,2419.036932909078
plain,1|6|7|8|10,1,6>4>3>9,980.3520000000001,7,4,4465.705223428381
plain,1|6|7|8|10,1,6>3>9>7,1207.584,5,4,30.81175643430197
plain,1|6|7|8|10,1,1>6>2>3,1127.808,7,4,3748.3642906647897
plain,1|6|7|8|10,1,1>6>4>9,735.1200000000001,5,3,4254.253944272574
plain,1|6|7|8|10,1,4>3>1>7,1296.288,3,3,38.960280668819905
plain,1|6|7|8|10,1,1>4>2>6,656.928,5,3,3483.5537259668868
plain,1|6|7|8|10,1,9>4>6>2,230.54399999999998,3,1,2495.5230670909227
activated,1|6|7|8|10,1,9>6>1>4,1217.52,7,2,7040.000000000003
activated,1|6|7|8|10,1,6>3>4>1,1408.3200000000002,4,0,14283.2
activated,1|6|7|8|10,1,6>9>2>6,302.832,3,0,3228.3199999999997
activated,1|6|7|8|10,1,3>9>6>2,652.6080000000001,5,0,6726.080000000001
activated,1|6|7|8|10,1,1>4>6>3,1080.72,7,2,5327.595041830917
activated,1|6|7|8|10,1,3>6>2>4,613.584,5,0,6335.839999999999
activated,1|6|7|8|10,1,3>6>4,609.696,5,0,6296.96
activated,1|6|7|8|10,1,4>2>1>7,1389.6,6,1,8679.124958169083
activated,1|6|7|8|10,1,6>3>2>6,985.104,4,0,10051.04
activated,1|6|7|8|10,1,2>1>2>7,1600.848,5,1,10791.604958169082
activated,1|6|7|8|10,1,2>9>3,469.87199999999996,5,0,4898.719999999999
activated,1|6|7|8|10,1,6>2>4>1,668.1600000000001,5,2,1546.400000000002
activated,1|6|7|8|10,1,9>6>2>1,803.232,5,2,2897.1200000000013
activated,1|6|7|8|10,1,3>4>6>4,697.248,5,0,7172.4800000000005
activated,1|6|7|8|10,1,6>3>4>7,1265.472,5,0,12854.72
activated,1|6|7|8|10,1,2>6>3>2,985.104,7,0,10051.04
activated,1|6|7|8|10,1,2>4>6>1,687.024,5,2,1735.0400000000013
activated,1|6|7|8|10,1,9>1>2>7,1526.3999999999999,5,2,10047.124958169083
activated,1|6|7|8|10,1,4>6>3>9,956.4480000000001,7,0,9764.480000000001
activated,1|6|7|8|10,1,9>6>3>2,1058.976,7,0,10789.760000000002
activated,1|6|7|8|10,1,9>4>6>1,671.184,5,2,1576.6400000000017
activated,1|6|7|8|10,1,6>1>2,1126.656,4,2,6131.3600000000015
activated,1|6|7|8|10,1,3>9>6>1,1093.248,7,2,5797.280000000002
activated,1|6|7|8|10,1,9>4>1>2,1152.576,7,1,11725.76
activated,1|6|7|8|10,1,6>2>6>3,579.024,5,0,5990.24
activated,1|6|7|8|10,1,1>6>1,1101.7440000000001,4,4,202.63504183091936
activated,1|6|7|8|10,1,2>1>9>2,1169.136,4,1,11891.36
activated,1|6|7|8|10,1,3>6,474.048,2,0,4940.48
activated,1|6|7|8|10,1,9>2>3,541.7280000000001,5,0,5617.280000000001
activated,1|6|7|8|10,1,9>1>9>2,1094.688,4,2,11146.880000000001
activated,1|6|7|8|10,1,3>6>3>4,1353.744,4,0,13737.439999999999
activated,1|6|7|8|10,1,6>4>2>3,649.152,5,0,6691.52
activated,1|6|7|8|10,1,2>6>3>1,594.864,5,2,813.4400000000019
activated,1|6|7|8|10,1,3>9>6>7,1081.152,6,0,11011.52
activated,1|6|7|8|10,1,2>6>9>2,302.832,3,0,3228.3199999999997
activated,1|6|7|8|10,1,3>2>6>1,1093.6799999999998,7,2,5801.600000000001
activated,1|6|7|8|10,1,2>3>9,891.36,4,0,9113.6
activated,1|6|7|8|10,1,9>6>3>1,668.7360000000001,5,2,1552.1600000000021
activated,1|6|7|8|10,1,2>1>4>2,1171.008,4,0,11910.08
activated,1|6|7|8|10,1,2>6>1>9,1113.5520000000001,7,3,6000.320000000002
activated,1|6|7|8|10,1,2>6>3>7,1159.488,6,0,11794.880000000001
activated,1|6|7|8|10,1,1>6>9>3,1127.0880000000002,7,2,5791.275041830917
activated,1|6|7|8|10,1,1>4>9>6,715.248,5,2,1672.8750418309155
activated,1|6|7|8|10,1,3>4>2>1,1076.8319999999999,7,0,10968.32
activated,1|6|7|8|10,1,2>9>4,108.432,3,0,1284.3200000000002
activated,1|6|7|8|10,1,4>1>6,1096.848,4,2,5488.8750418309155
activated,1|6|7|8|10,1,9>1>4>2,1096.56,4,1,11165.599999999999
activated,1|6|7|8|10,1,2>4>1>7,1342.8,6,1,8211.124958169083
activated,1|6|7|8|10,1,3>2>6>7,1081.5839999999998,6,0,11015.839999999998
activated,1|6|7|8|10,1,9>6>3>7,1233.3600000000001,6,0,12533.600000000002
activated,1|6|7|8|10,1,2>6>4>2,243.64800000000002,3,0,2636.4800000000005
activated,1|6|7|8|10,1,4>6>2>3,666.432,5,0,6864.32
activated,1|6|7|8|10,1,4>9>1>6,1100.304,7,3,5523.435041830917
activated,1|6|7|8|10,1,4>6>4>9,273.74399999999997,3,0,2937.4399999999996
activated,1|6|7|8|10,1,3>6>9>4,671.472,5,0,6914.719999999999
activated,1|6|7|8|10,1,3>6>2>9,644.544,5,0,6645.44
activated,1|6|7|8|10,1,9>4>1>7,1326.96,6,2,8052.724958169084
activated,1|6|7|8|10,1,2>6>9>1,728.64,5,2,2151.200000000001
activated,1|6|7|8|10,1,2>3>4,921.456,4,0,9414.56
activated,1|6|7|8|10,1,9>6>4>2,317.52000000000004,3,0,3375.2000000000003
activated,1|6|7|8|10,1,2>1>9>7,1452.096,5,2,9304.084958169082
activated,1|6|7|8|10,1,9>3>2>4,937.8719999999998,7,0,9578.719999999998
activated,1|6|7|8|10,1,3>4>2>7,933.984,6,0,9539.84
activated,1|6|7|8|10,1,4>3>1>6,1096.9920000000002,4,2,5490.315041830918
activated,1|6|7|8|10,1,9>6>9>1,802.512,5,2,2889.9200000000005
activated,1|6|7|8|10,1,1>4>7,934.704,3,1,4130.164958169083
activated,1|6|7|8|10,1,9>3>4,847.008,4,0,8670.08
activated,1|6|7|8|10,1,6>4>1,664.272,5,2,1507.5200000000018
activated,1|6|7|8|10,1,3>4>6>9,728.2080000000001,5,0,7482.080000000001
activated,1|6|7|8|10,1,1>6>4>3,1123.92,7,2,5759.595041830917
activated,1|6|7|8|10,1,9>1>9>7,1377.648,5,3,8559.604958169082
activated,1|6|7|8|10,1,6>2>9>6,305.568,3,0,3255.68
activated,1|6|7|8|10,1,6>9>4>6,304.272,3,0,3242.72
activated,1|6|7|8|10,1,4>2>1>6,1190.304,7,2,6423.435041830917
activated,1|6|7|8|10,1,2>9,77.616,3,0,976.16
activated,1|6|7|8|10,1,9>2>4,121.68,3,0,1416.8000000000002
activated,1|6|7|8|10,1,6>3>7,1098.288,3,0,11182.880000000001
activated,1|6|7|8|10,1,6>1>9,1052.3519999999999,4,3,5388.320000000001
activated,1|6|7|8|10,1,2>1>2>6,1229.616,4,2,6816.555041830916
activated,1|6|7|8|10,1,2>6>4>1,725.472,5,2,2119.520000000001
activated,1|6|7|8|10,1,2>9>3>4,924.624,7,0,9446.24
activated,1|6|7|8|10,1,2>1>4>7,1509.9840000000002,5,1,9882.964958169086
activated,1|6|7|8|10,1,3>4>3>1,983.52,4,0,10035.2
activated,1|6|7|8|10,1,9>1>2>6,1155.168,4,3,6072.075041830914
activated,1|6|7|8|10,1,3>4>9>2,561.024,5,0,5810.24
activated,1|6|7|8|10,1,1>9>2,593.856,5,1,6138.5599999999995
activated,1|6|7|8|10,1,2>3,466.704,2,0,4867.04
activated,1|6|7|8|10,1,9>6>4>1,799.344,5,2,2858.240000000002
activated,1|6|7|8|10,1,9>1>4>7,1435.536,5,2,9138.484958169083
activated,1|6|7|8|10,1,4>6>1,640.3679999999999,5,2,1268.480000000001
activated,1|6|7|8|10,1,6>4>9>3,559.1519999999999,5,0,5791.5199999999995
activated,1|6|7|8|10,1,3>6>3>9,1323.648,4,0,13436.48
activated,1|6|7|8|10,1,9>3,392.256,2,0,4122.5599999999995
activated,1|6|7|8|10,1,1>3>2,664.704,2,0,6847.039999999999
activated,1|6|7|8|10,1,6>1>4,1082.4479999999999,4,2,5689.280000000002
activated,1|6|7|8|10,1,1>4>6>2,748.656,5,2,2006.9550418309145
activated,1|6|7|8|10,1,9>2,75.024,3,0,950.24
activated,1|6|7|8|10,1,9>2>3>4,996.48,7,0,10164.8
activated,1|6|7|8|10,1,3>4>9>1,986.832,7,1,10068.32
activated,1|6|7|8|10,1,6>3>6>2,991.872,7,0,10118.72
activated,1|6|7|8|10,1,1>6>2>1,1236.384,7,4,1549.0350418309172
activated,1|6|7|8|10,1,4>6>9>3,665.712,5,0,6857.12
activated,1|6|7|8|10,1,2>3>9>4,922.176,7,0,9421.76
activated,1|6|7|8|10,1,2>3>2>9,1043.28,4,0,10632.8
activated,1|6|7|8|10,1,1>9>3,911.088,4,1,9310.88
activated,1|6|7|8|10,1,2>6>3>6,960.192,7,0,9801.92
activated,1|6|7|8|10,1,1>4>6>1,1189.2959999999998,7,4,1078.1550418309162
activated,1|6|7|8|10,1,9>3>9>4,847.7280000000001,7,0,8677.28
activated,1|6|7|8|10,1,3>4>9>7,843.9839999999999,6,0,8639.84
activated,1|6|7|8|10,1,6>1,533.52,2,2,200.00000000000142
activated,1|6|7|8|10,1,2>4>1>6,1143.504,7,2,5955.435041830915
activated,1|6|7|8|10,1,1>6>2>7,1093.536,6,3,38.8799999999992
activated,1|6|7|8|10,1,6>9>1>2,1260.576,7,2,7470.560000000002
activated,1|6|7|8|10,1,9>4>1>6,1127.6640000000002,7,3,5797.035041830919
activated,1|6|7|8|10,1,4>6>4>3,662.544,5,0,6825.44
activated,1|6|7|8|10,1,3>6>2>3,1033.632,7,0,10536.32
activated,1|6|7|8|10,1,1>4>6>7,1177.1999999999998,6,3,875.5199999999968
activated,1|6|7|8|10,1,3>6>4>9,640.9440000000001,5,0,6609.4400000000005
activated,1|6|7|8|10,1,2>1>9>6,1229.1840000000002,4,2,6812.235041830918
activated,1|6|7|8|10,1,1>2>3,1059.84,4,0,10798.4
activated,1|6|7|8|10,1,3>4>2>6,562.7520000000001,5,0,5827.52
activated,1|6|7|8|10,1,6>3>1>2,1126.8,4,2,6132.800000000002
activated,1|6|7|8|10,1,2>9>3>9,894.528,7,0,9145.28
activated,1|6|7|8|10,1,6>4>1>4,1213.2,7,2,6996.800000000002
activated,1|6|7|8|10,1,9>1>9>6,1154.7359999999999,4,3,6067.755041830915
activated,1|6|7|8|10,1,3>4>6>3,986.5440000000001,7,0,10065.44
activated,1|6|7|8|10,1,6>2>6>1,687.5999999999999,5,2,1740.8000000000006
activated,1|6|7|8|10,1,1>6>3>1,1101.8880000000001,4,4,204.07504183091805
activated,1|6|7|8|10,1,1>6>9>2,809.8560000000001,5,2,2618.9550418309173
activated,1|6|7|8|10,1,6>3>6>7,1420.416,5,0,14404.16
activated,1|6|7|8|10,1,4>9>2,106.272,3,0,1262.72
activated,1|6|7|8|10,1,2>1>7,1342.8,3,1,8211.124958169083
activated,1|6|7|8|10,1,1>3>9,590.4,2,1,6104.0
activated,1|6|7|8|10,1,6>1>9>4,1083.168,4,3,5696.4800000000005
activated,1|6|7|8|10,1,6>4>2>1,757.728,5,2,2442.0800000000013
activated,1|6|7|8|10,1,2>1>4>6,1231.056,4,2,6830.955041830917
activated,1|6|7|8|10,1,9>1>7,1268.3519999999999,3,2,7466.644958169082
activated,1|6|7|8|10,1,4>3>2,919.008,4,0,9390.08
activated,1|6|7|8|10,1,1>9>2>4,640.512,5,1,6605.119999999999
activated,1|6|7|8|10,1,9>1>4>6,1156.608,4,3,6086.475041830916
activated,1|6|7|8|10,1,1>2>9,670.752,5,1,6907.5199999999995
activated,1|6|7|8|10,1,1>9>4,549.648,5,1,5696.4800000000005
activated,1|6|7|8|10,1,6>4>3>2,1054.656,7,0,10746.56
activated,1|6|7|8|10,1,7>1>9>2,1259.5679999999998,2,1,12795.679999999997
activated,1|6|7|8|10,1,1>6>4>2,750.672,5,2,2027.1150418309153
activated,1|6|7|8|10,1,6>9>1>7,1434.96,6,3,3797.524958169085
activated,1|6|7|8|10,1,1>3>2>4,711.3599999999999,5,0,7313.5999999999985
activated,1|6|7|8|10,1,3>6>1,1007.568,4,2,4940.480000000002
activated,1|6|7|8|10,1,3>4>3>6,1348.848,4,0,13688.48
activated,1|6|7|8|10,1,1>6>9>1,1235.6640000000002,7,4,1541.83504183092
activated,1|6|7|8|10,1,1>3>4,620.496,2,0,6404.96
activated,1|6|7|8|10,1,6>3>1>7,1301.184,3,3,2459.7649581690857
activated,1|6|7|8|10,1,4>6>2>1,775.008,5,2,2614.8800000000015
activated,1|6|7|8|10,1,4>1>2>7,1554.192,5,1,10325.044958169085
activated,1|6|7|8|10,1,1>2>4,639.7919999999999,5,0,6597.919999999999
activated,1|6|7|8|10,1,4>9>3,423.50399999999996,5,0,4435.04
activated,1|6|7|8|10,1,7>1>4>2,1261.4399999999998,2,0,12814.399999999998
activated,1|6|7|8|10,1,1>6>9>7,1092.816,6,3,31.679999999998472
activated,1|6|7|8|10,1,6>2>1>7,1435.6799999999998,6,3,3804.724958169084
activated,1|6|7|8|10,1,4>6>3>2,1030.752,7,0,10507.52
activated,1|6|7|8|10,1,1>9,518.832,2,1,5388.32
activated,1|6|7|8|10,1,6>4>3>1,664.416,5,2,1508.9600000000023
activated,1|6|7|8|10,1,2>9>6,212.688,3,0,2326.88
activated,1|6|7|8|10,1,6>4>9>2,241.92,3,0,2619.2
activated,1|6|7|8|10,1,1>6>4>1,1232.496,7,4,1510.155041830918
activated,1|6|7|8|10,1,3>6>9>3,1032.9119999999998,7,0,10529.119999999999
activated,1|6|7|8|10,1,2>3>4>9,952.7040000000001,4,0,9727.04
activated,1|6|7|8|10,1,3>4>9>6,621.072,5,0,6410.72
activated,1|6|7|8|10,1,2>3>6,940.752,4,0,9607.52
activated,1|6|7|8|10,1,9>3>2>3,1357.9199999999998,4,0,13779.199999999999
activated,1|6|7|8|10,1,1>6>2>6,722.3040000000001,5,2,1743.435041830916
activated,1|6|7|8|10,1,6>4>1>9,1183.104,7,3,6695.840000000003
activated,1|6|7|8|10,1,6>4>3>7,1229.04,6,0,12490.4
activated,1|6|7|8|10,1,4>2>3,513.504,5,0,5335.04
activated,1|6|7|8|10,1,4>1>9>2,1122.48,4,1,11424.8
activated,1|6|7|8|10,1,1>6>4>7,1089.6480000000001,6,3,0.0
activated,1|6|7|8|10,1,9>3>6,866.304,4,0,8863.039999999999
activated,1|6|7|8|10,1,1>2,593.136,2,0,6131.36
activated,1|6|7|8|10,1,3>4>7,840.528,3,0,8605.28
activated,1|6|7|8|10,1,4>6>3>1,640.5120000000001,5,2,1269.9200000000023
activated,1|6|7|8|10,1,4>6>9>2,348.48,3,0,3684.8
activated,1|6|7|8|10,1,3>6>4>3,1029.7440000000001,7,0,10497.440000000002
activated,1|6|7|8|10,1,6>4>9>1,667.728,5,2,1542.0800000000013
activated,1|6|7|8|10,1,9>2>6,136.224,3,0,1562.2399999999998
activated,1|6|7|8|10,1,7>1>2>6,1320.048,2,2,7720.8750418309155
activated,1|6|7|8|10,1,4>3>9,844.704,4,0,8647.039999999999
activated,1|6|7|8|10,1,2>9>1,578.448,5,1,5984.48
activated,1|6|7|8|10,1,1>9>2>9,671.472,5,1,6914.719999999999
activated,1|6|7|8|10,1,2>4>2,93.45599999999999,3,0,1134.56
activated,1|6|7|8|10,1,2>1>6>7,1664.9279999999999,5,3,5752.799999999997
activated,1|6|7|8|10,1,4>1>4>2,1124.352,4,0,11443.52
activated,1|6|7|8|10,1,4>6>1>9,1159.1999999999998,7,3,6456.8
activated,1|6|7|8|10,1,4>6>3>7,1205.136,6,0,12251.36
activated,1|6|7|8|10,1,9>4>2,77.616,3,0,976.16
activated,1|6|7|8|10,1,1>3>9>4,621.216,5,1,6412.16
activated,1|6|7|8|10,1,2>3>1,575.424,2,0,5954.24
activated,1|6|7|8|10,1,1>3>2>9,742.3199999999999,5,1,7623.199999999999
activated,1|6|7|8|10,1,9>1>6>7,1590.48,5,4,5008.319999999998
activated,1|6|7|8|10,1,9>6>1>2,1261.728,7,2,7482.080000000003
activated,1|6|7|8|10,1,4>2>9,124.416,3,0,1444.1599999999999
activated,1|6|7|8|10,1,4>9>4,62.064,3,0,820.6399999999999
activated,1|6|7|8|10,1,3>9>2,499.68,5,0,5196.800000000001
activated,1|6|7|8|10,1,9>3>1,500.976,2,1,5209.76
activated,1|6|7|8|10,1,4>3>2>4,965.664,4,0,9856.64
activated,1|6|7|8|10,1,4>6>9>1,774.288,5,2,2607.6800000000017
activated,1|6|7|8|10,1,1>2>9>4,701.568,5,1,7215.68
activated,1|6|7|8|10,1,4>1>9>7,1405.44,5,2,8837.524958169084
activated,1|6|7|8|10,1,6>4>2>6,243.64799999999997,3,0,2636.4799999999996
activated,1|6|7|8|10,1,3>4>6>2,654.48,5,0,6744.8
activated,1|6|7|8|10,1,9>2>1,650.304,5,1,6703.04
activated,1|6|7|8|10,1,6>3>1>6,1101.888,4,4,204.07504183091623
activated,1|6|7|8|10,1,2>3>9>3,1283.616,4,0,13036.16
activated,1|6|7|8|10,1,2>4>3,466.704,5,0,4867.04
activated,1|6|7|8|10,1,4>9,31.248,3,0,512.48
activated,1|6|7|8|10,1,7>3>9>4,1012.608,2,0,10326.08
activated,1|6|7|8|10,1,4>1>2>6,1182.96,4,2,6349.995041830916
activated,1|6|7|8|10,1,4>6>4>1,771.12,5,2,2576.0000000000014
activated,1|6|7|8|10,1,3>6>2>1,1142.208,7,2,6286.880000000004
activated,1|6|7|8|10,1,9>4>3,450.864,5,0,4708.639999999999
activated,1|6|7|8|10,1,2>6>1>7,1362.24,6,3,3070.3249581690843
activated,1|6|7|8|10,1,4>1>4>7,1463.3280000000002,5,1,9416.404958169085
activated,1|6|7|8|10,1,2>9>4>3,528.48,5,0,5484.8
activated,1|6|7|8|10,1,4>3,420.048,2,0,4400.48
activated,1|6|7|8|10,1,3>9>3,816.912,4,0,8369.12
activated,1|6|7|8|10,1,2>9>6>4,348.336,3,0,3683.36
activated,1|6|7|8|10,1,9>6>1>7,1436.112,6,3,3809.0449581690855
activated,1|6|7|8|10,1,3>4>6>1,1095.12,7,2,5816.000000000001
activated,1|6|7|8|10,1,9>2>9>3,544.896,5,0,5648.959999999999
activated,1|6|7|8|10,1,3>6>2>7,999.36,6,0,10193.6
activated,1|6|7|8|10,1,1>6>7,1089.6480000000001,3,3,0.0
activated,1|6|7|8|10,1,4>2,46.8,3,0,668.0
activated,1|6|7|8|10,1,7>1>9>6,1319.616,2,2,7716.555041830916
activated,1|6|7|8|10,1,9>3>4>3,1267.056,4,0,12870.560000000001
activated,1|6|7|8|10,1,2>4>9,77.904,3,0,979.04
activated,1|6|7|8|10,1,9>3>6>4,1001.952,7,0,10219.52
activated,1|6|7|8|10,1,3>4>6>7,1083.024,6,0,11030.239999999998
activated,1|6|7|8|10,1,9>2>4>3,541.7280000000001,5,0,5617.280000000001
activated,1|6|7|8|10,1,9>2>6>4,271.87199999999996,3,0,2918.7199999999993
activated,1|6|7|8|10,1,3>6>3>1,1007.712,4,2,4941.920000000001
activated,1|6|7|8|10,1,3>6>9>2,715.68,5,0,7356.799999999999
activated,1|6|7|8|10,1,4>3>2>9,996.624,4,0,10166.24
activated,1|6|7|8|10,1,2>9>1>4,1127.376,7,1,11473.76
activated,1|6|7|8|10,1,7>1>4>6,1321.4879999999998,2,2,7735.275041830913
activated,1|6|7|8|10,1,1>9>2>3,1060.56,7,1,10805.599999999999
activated,1|6|7|8|10,1,1>9>4>9,580.8960000000001,5,1,6008.960000000001
activated,1|6|7|8|10,1,6>4>9>6,301.96799999999996,3,0,3219.6799999999994
activated,1|6|7|8|10,1,1>9>6,653.904,5,2,1059.435041830915
activated,1|6|7|8|10,1,9>4>2>4,124.27199999999999,3,0,1442.7199999999998
activated,1|6|7|8|10,1,2>3>1>4,1124.3519999999999,4,0,11443.519999999999
activated,1|6|7|8|10,1,1>3>2>3,1131.408,4,0,11514.079999999998
activated,1|6|7|8|10,1,3>9>2>4,546.336,5,0,5663.360000000001
activated,1|6|7|8|10,1,1>3>4>9,651.744,5,1,6717.4400000000005
activated,1|6|7|8|10,1,3>2>9,576.576,5,0,5965.76
activated,1|6|7|8|10,1,3>9>4,455.472,5,0,4754.719999999999
activated,1|6|7|8|10,1,9>3>1>4,1049.904,4,1,10699.04
activated,1|6|7|8|10,1,1>3>6,639.792,2,2,918.3150418309151
activated,1|6|7|8|10,1,3>6>4>2,656.496,5,0,6764.96
activated,1|6|7|8|10,1,4>1>9>6,1182.5280000000002,4,2,6345.675041830918
activated,1|6|7|8|10,1,2>9>3>2,968.8319999999999,7,0,9888.32
activated,1|6|7|8|10,1,3>6>9>1,1141.4879999999998,7,2,6279.679999999999
activated,1|6|7|8|10,1,1>2>4>9,671.04,5,1,6910.4
activated,1|6|7|8|10,1,3>2>7>1,1597.104,5,0,16171.04
activated,1|6|7|8|10,1,4>9>3>9,848.16,7,0,8681.6
activated,1|6|7|8|10,1,9>2>1>4,1199.232,7,1,12192.32
activated,1|6|7|8|10,1,1>2>6,654.336,5,2,1063.7550418309156
activated,1|6|7|8|10,1,9>3>2>1,1466.4959999999999,4,0,14864.96
activated,1|6|7|8|10,1,2>4,46.656,3,0,666.5600000000001
activated,1|6|7|8|10,1,3>2>4,545.616,5,0,5656.16
activated,1|6|7|8|10,1,2>4>3>4,921.456,7,0,9414.56
activated,1|6|7|8|10,1,2>3>2>7,1398.096,5,0,14180.96
activated,1|6|7|8|10,1,4>1>7,1296.144,3,1,7744.564958169084
activated,1|6|7|8|10,1,9>4,30.816,3,0,508.16
activated,1|6|7|8|10,1,3>6>9>7,998.6399999999999,6,0,10186.399999999998
activated,1|6|7|8|10,1,1>9>1,1019.664,4,2,10396.64
activated,1|6|7|8|10,1,1>4>2,595.728,5,0,6157.28
activated,1|6|7|8|10,1,2>3>6>9,1107.36,4,0,11273.599999999999
activated,1|6|7|8|10,1,2>6>1>6,1162.944,7,4,814.6350418309157
activated,1|6|7|8|10,1,3>9,424.656,2,0,4446.56
activated,1|6|7|8|10,1,4>1>4>6,1184.4,4,2,6364.395041830916
activated,1|6|7|8|10,1,6>9>2,241.632,3,0,2616.32
activated,1|6|7|8|10,1,9>3>2>7,1323.648,5,0,13436.48
activated,1|6|7|8|10,1,3>6>4>1,1138.3200000000002,7,2,6248.000000000003
activated,1|6|7|8|10,1,4>2>3>9,938.1600000000001,7,0,9581.6
activated,1|6|7|8|10,1,3>9>3>4,1271.664,4,0,12916.64
activated,1|6|7|8|10,1,2>9>3>1,578.592,5,1,5985.92
activated,1|6|7|8|10,1,6>3>2,923.904,4,0,9439.04
activated,1|6|7|8|10,1,3>6>2>6,628.128,5,0,6481.280000000001
activated,1|6|7|8|10,1,3>6>4>7,995.472,6,0,10154.72
activated,1|6|7|8|10,1,2>3>9>2,966.384,7,0,9863.84
activated,1|6|7|8|10,1,1>2>1,1168.416,4,0,11884.16
activated,1|6|7|8|10,1,2>9>1>9,1097.28,7,2,11172.8
activated,1|6|7|8|10,1,3>2,498.96,2,0,5189.6
activated,1|6|7|8|10,1,2>9>3>7,1143.216,6,0,11632.16
activated,1|6|7|8|10,1,2>4>9>4,108.72,3,0,1287.2
activated,1|6|7|8|10,1,9>3>9>2,891.936,7,0,9119.36
activated,1|6|7|8|10,1,2>9>4>2,155.232,3,0,1752.32
activated,1|6|7|8|10,1,2>3>1>9,1094.2559999999999,4,1,11142.559999999998
activated,1|6|7|8|10,1,4>9>2>3,572.976,5,0,5929.76
activated,1|6|7|8|10,1,1>3>9>3,982.656,4,1,10026.56
activated,1|6|7|8|10,1,3>9>2>9,577.296,5,0,5972.960000000001
activated,1|6|7|8|10,1,1>4>3,968.976,4,0,9889.76
activated,1|6|7|8|10,1,9>2>3>1,650.4480000000001,5,1,6704.480000000001
activated,1|6|7|8|10,1,6>1>2>7,1559.088,5,3,5038.804958169084
activated,1|6|7|8|10,1,4>9>6,166.32,3,0,1863.1999999999998
activated,1|6|7|8|10,1,9>3>1>9,1019.808,4,2,10398.08
activated,1|6|7|8|10,1,6>9>3,558.864,5,0,5788.64
activated,1|6|7|8|10,1,2>3>4>2,968.256,4,0,9882.56
activated,1|6|7|8|10,1,1>2>9>3,1063.0079999999998,7,1,10830.079999999998
activated,1|6|7|8|10,1,1>9>4>3,969.696,7,1,9896.960000000001
activated,1|6|7|8|10,1,2>3>9>1,1392.192,4,1,14121.92
activated,1|6|7|8|10,1,4>3>6,894.096,4,0,9140.96
activated,1|6|7|8|10,1,9>3>4>2,893.808,7,0,9138.08
activated,1|6|7|8|10,1,1>9>6>4,789.552,5,2,2415.9150418309155
activated,1|6|7|8|10,1,6>4>1>2,1257.408,7,2,7438.88
activated,1|6|7|8|10,1,9>2>3>7,1215.0720000000001,6,0,12350.720000000001
activated,1|6|7|8|10,1,4>2>4>9,124.704,3,0,1447.04
activated,1|6|7|8|10,1,1>3>4>3,1040.5439999999999,4,0,10605.439999999999
activated,1|6|7|8|10,1,3>2>9>4,607.392,5,0,6273.92
activated,1|6|7|8|10,1,2>9>4>1,637.056,5,1,6570.56
activated,1|6|7|8|10,1,1>3>6>4,775.44,5,2,2274.7950418309156
activated,1|6|7|8|10,1,4>2>6,108.0,3,0,1280.0
activated,1|6|7|8|10,1,2>4>3>9,891.36,7,0,9113.6
activated,1|6|7|8|10,1,6>1>9>2,1127.3759999999997,4,3,6138.56
activated,1|6|7|8|10,1,6>2>3,559.5840000000001,5,0,5795.84
activated,1|6|7|8|10,1,2>3>9>7,1249.344,5,0,12693.44
activated,1|6|7|8|10,1,1>4>9,580.176,5,1,6001.76
activated,1|6|7|8|10,1,9>2>9>1,653.472,5,1,6734.719999999999
activated,1|6|7|8|10,1,1>2>4>3,1059.84,7,0,10798.4
activated,1|6|7|8|10,1,2>9>2>6,213.83999999999997,3,0,2338.3999999999996
activated,1|6|7|8|10,1,9>3>9>7,1174.896,5,0,11948.96
activated,1|6|7|8|10,1,1>2>6>4,789.984,5,2,2420.235041830915
activated,1|6|7|8|10,1,4>9>1,532.08,5,1,5520.8
activated,1|6|7|8|10,1,4>1>6>7,1618.272,5,3,5286.24
activated,1|6|7|8|10,1,4>6>1>2,1233.504,7,2,7199.840000000001
activated,1|6|7|8|10,1,9>3>4>1,1375.632,4,0,13956.32
activated,1|6|7|8|10,1,2>9>6>3,637.6320000000001,5,0,6576.320000000001
activated,1|6|7|8|10,1,6>3>9,849.6,4,0,8696.0
activated,1|6|7|8|10,1,2>3>2>6,1026.864,4,0,10468.64
activated,1|6|7|8|10,1,4>3>1,528.768,2,0,5487.68
activated,1|6|7|8|10,1,1>4>2>4,642.3839999999999,5,0,6623.839999999999
activated,1|6|7|8|10,1,6>1>4>2,1129.2479999999998,4,2,6157.28
activated,1|6|7|8|10,1,2>3>4>7,1307.232,5,0,13272.32
activated,1|6|7|8|10,1,9>3>2>6,952.4159999999999,7,0,9724.16
activated,1|6|7|8|10,1,6>9>2>4,288.288,3,0,3082.88
activated,1|6|7|8|10,1,9>2>4>1,650.3040000000001,5,1,6703.040000000001
activated,1|6|7|8|10,1,6>2>9,170.49599999999998,3,0,1904.9599999999998
activated,1|6|7|8|10,1,6>9>4,197.424,3,0,2174.2400000000002
activated,1|6|7|8|10,1,9>3>4>7,1232.784,5,0,12527.84
activated,1|6|7|8|10,1,6>4>1>7,1431.792,6,3,3765.844958169083
activated,1|6|7|8|10,1,4>2>1,622.0799999999999,5,0,6420.799999999999
activated,1|6|7|8|10,1,9>3>6>3,1291.248,4,0,13112.48
activated,1|6|7|8|10,1,3>6>7,995.472,3,0,10154.72
activated,1|6|7|8|10,1,1>9>2>1,1169.136,7,2,11891.36
activated,1|6|7|8|10,1,6>3>2>4,970.56,4,0,9905.599999999999
activated,1|6|7|8|10,1,6>3>4,879.696,4,0,8996.960000000001
activated,1|6|7|8|10,1,9>1>2,1093.9679999999998,4,1,11139.679999999998
activated,1|6|7|8|10,1,6>1>9>7,1410.3359999999998,5,4,3551.284958169081
activated,1|6|7|8|10,1,9>2>6>3,561.168,5,0,5811.68
activated,1|6|7|8|10,1,2>9>3>6,943.92,7,0,9639.199999999999
activated,1|6|7|8|10,1,2>6>2,154.07999999999998,3,0,1740.7999999999997
activated,1|6|7|8|10,1,4>3>9>3,1236.96,4,0,12569.6
activated,1|6|7|8|10,1,1>9>2>7,1026.288,6,2,5046.004958169085
activated,1|6|7|8|10,1,6>2>4,139.536,3,0,1595.3600000000001
activated,1|6|7|8|10,1,9>6>2,227.952,3,0,2479.52
activated,1|6|7|8|10,1,1>4,548.928,2,0,5689.28
activated,1|6|7|8|10,1,1>9>6>9,820.512,5,2,2725.515041830915
activated,1|6|7|8|10,1,2>4>6,153.504,3,0,1735.04
activated,1|6|7|8|10,1,4>6>1>7,1407.888,6,3,3526.804958169084
activated,1|6|7|8|10,1,9>4>2>3,544.32,5,0,5643.200000000001
activated,1|6|7|8|10,1,6>9,166.608,3,0,1866.08
activated,1|6|7|8|10,1,4>2>9>3,516.672,5,0,5366.72
activated,1|6|7|8|10,1,6>1>2>6,1187.856,4,4,1063.7550418309165
activated,1|6|7|8|10,1,1>3>2>7,1097.136,3,1,5754.484958169084
activated,1|6|7|8|10,1,3>9>2>3,966.384,7,0,9863.84
activated,1|6|7|8|10,1,4>9>6>4,301.96799999999996,3,0,3219.6799999999994
activated,1|6|7|8|10,1,3>9>4>9,486.71999999999997,5,0,5067.2
activated,1|6|7|8|10,1,9>4>6,137.664,3,0,1576.6399999999999
activated,1|6|7|8|10,1,6>9>3>4,1013.616,7,0,10336.16
activated,1|6|7|8|10,1,1>3>6>9,806.4000000000001,5,2,2584.395041830916
activated,1|6|7|8|10,1,6>1>4>7,1468.224,5,3,4130.1649581690845
activated,1|6|7|8|10,1,3>9>6,559.7280000000001,5,0,5797.280000000001
activated,1|6|7|8|10,1,6>3,424.944,2,0,4449.4400000000005
activated,1|6|7|8|10,1,1>9>3>1,1019.808,4,2,10398.08
activated,1|6|7|8|10,1,9>2>3>6,1015.7760000000001,7,0,10357.76
activated,1|6|7|8|10,1,1>2>6>9,820.944,5,2,2729.8350418309146
activated,1|6|7|8|10,1,6>2,92.88,3,0,1128.8
activated,1|6|7|8|10,1,4>2>4>3,513.504,5,0,5335.04
activated,1|6|7|8|10,1,2>6>3,486.144,5,0,5061.4400000000005
activated,1|6|7|8|10,1,2>3>9>6,1026.432,7,0,10464.32
activated,1|6|7|8|10,1,1>3>9>2,665.424,5,1,6854.24
activated,1|6|7|8|10,1,4>2>6>4,243.648,3,0,2636.4800000000005
activated,1|6|7|8|10,1,3>2>4>9,576.864,5,0,5968.64
activated,1|6|7|8|10,1,6>2>3>4,1014.336,7,0,10343.36
activated,1|6|7|8|10,1,2>4>1,575.28,5,0,5952.799999999999
activated,1|6|7|8|10,1,1>4>2>9,673.3439999999999,5,1,6933.44
activated,1|6|7|8|10,1,3>2>6,560.16,5,0,5801.599999999999
activated,1|6|7|8|10,1,9>6>3,560.0160000000001,5,0,5800.160000000001
activated,1|6|7|8|10,1,9>3>9>6,951.984,7,0,9719.84
activated,1|6|7|8|10,1,1>2>3>1,1168.56,4,0,11885.599999999999
activated,1|6|7|8|10,1,2>9>4>6,215.28,3,0,2352.8
activated,1|6|7|8|10,1,9>4>1,559.44,5,1,5794.400000000001
activated,1|6|7|8|10,1,1>9>4>2,596.448,5,1,6164.48
activated,1|6|7|8|10,1,3>9>1,925.488,4,1,9454.880000000001
activated,1|6|7|8|10,1,2>3>7,1140.048,3,0,11600.48
activated,1|6|7|8|10,1,2>1>9,1094.112,4,1,11141.12
activated,1|6|7|8|10,1,3>4>2,501.552,5,0,5215.52
activated,1|6|7|8|10,1,6>3>9>4,880.416,7,0,9004.16
activated,1|6|7|8|10,1,6>3>2>9,1001.52,4,0,10215.2
activated,1|6|7|8|10,1,4>3>1>4,1077.696,4,0,10976.96
activated,1|6|7|8|10,1,2>3>4>6,1028.304,4,0,10483.04
activated,1|6|7|8|10,1,1>3>4>2,667.2959999999999,5,0,6872.959999999999
activated,1|6|7|8|10,1,9>3>7,1065.6,3,0,10856.0
activated,1|6|7|8|10,1,4>9>2>1,681.552,5,1,7015.52
activated,1|6|7|8|10,1,2>6>9,227.808,3,0,2478.08
activated,1|6|7|8|10,1,9>3>4>6,953.856,7,0,9738.56
activated,1|6|7|8|10,1,6>2>9>4,201.31199999999998,3,0,2213.12
activated,1|6|7|8|10,1,7>3>9>2,1056.8159999999998,2,0,10768.159999999998
activated,1|6|7|8|10,1,2>4>9>3,470.15999999999997,5,0,4901.599999999999
activated,1|6|7|8|10,1,4>9>3>2,922.4639999999999,7,0,9424.64
activated,1|6|7|8|10,1,3>2>1,1074.24,4,0,10942.4
activated,1|6|7|8|10,1,2>1>4,1124.208,4,0,11442.080000000002
activated,1|6|7|8|10,1,9>4>9>3,454.32,5,0,4743.2
activated,1|6|7|8|10,1,1>2>9>1,1171.5839999999998,7,2,11915.839999999998
activated,1|6|7|8|10,1,1>9>4>1,1078.272,7,2,10982.72
activated,1|6|7|8|10,1,9>2>4>6,228.52800000000002,3,0,2485.28
activated,1|6|7|8|10,1,6>1>9>6,1187.424,4,4,1059.4350418309168
activated,1|6|7|8|10,1,1>3>9>7,948.384,3,2,4266.964958169084
activated,1|6|7|8|10,1,2>9>6>2,305.568,3,0,3255.68
activated,1|6|7|8|10,1,6>9>3>9,983.52,7,0,10035.2
activated,1|6|7|8|10,1,9>1>4,1049.76,4,1,10697.6
activated,1|6|7|8|10,1,2>6>2>4,200.736,3,0,2207.3599999999997
activated,1|6|7|8|10,1,1>9>2>6,655.056,5,2,1070.9550418309154
activated,1|6|7|8|10,1,2>6>4,196.848,3,0,2168.48
activated,1|6|7|8|10,1,4>3>2>7,1351.44,5,0,13714.400000000001
activated,1|6|7|8|10,1,7>3>4>2,1058.6879999999999,2,0,10786.88
activated,1|6|7|8|10,1,9>6>2>4,274.608,3,0,2946.08
activated,1|6|7|8|10,1,3>4>3,874.8,4,0,8948.0
activated,1|6|7|8|10,1,1>2>9>7,1028.7359999999999,6,2,5070.484958169082
activated,1|6|7|8|10,1,1>9>4>7,935.424,6,2,4137.364958169083
activated,1|6|7|8|10,1,4>3>6>9,1060.704,7,0,10807.039999999999
activated,1|6|7|8|10,1,9>6>4,270.72,3,0,2907.2000000000003
activated,1|6|7|8|10,1,1>9>6>3,1078.848,7,2,5308.8750418309155
activated,1|6|7|8|10,1,6>1>7,1301.04,3,3,2458.324958169085
activated,1|6|7|8|10,1,1>3>2>6,725.904,5,2,1779.435041830915
activated,1|6|7|8|10,1,9>3>6>2,959.184,7,0,9791.84
activated,1|6|7|8|10,1,1>2>4>1,1168.416,7,0,11884.16
activated,1|6|7|8|10,1,4>9>3>1,532.2239999999999,5,1,5522.24
activated,1|6|7|8|10,1,9>4>6>4,273.312,3,0,2933.12
activated,1|6|7|8|10,1,6>1>4>6,1189.2959999999998,4,4,1078.1550418309162
activated,1|6|7|8|10,1,1>3>4>7,1006.2719999999999,3,1,4845.844958169083
activated,1|6|7|8|10,1,3>2>9>3,968.832,7,0,9888.32
activated,1|6|7|8|10,1,3>9>4>3,875.52,7,0,8955.2
activated,1|6|7|8|10,1,4>2>6>9,274.608,3,0,2946.08
activated,1|6|7|8|10,1,1>3>6>3,1064.736,4,2,5167.7550418309165
activated,1|6|7|8|10,1,2>1,575.28,2,0,5952.799999999999
activated,1|6|7|8|10,1,6>2>3>9,984.24,7,0,10042.4
activated,1|6|7|8|10,1,3>9>6>4,695.3760000000001,5,0,7153.760000000001
activated,1|6|7|8|10,1,2>9>6>1,746.208,5,2,2326.8800000000015
activated,1|6|7|8|10,1,9>2>6>2,229.10399999999998,3,0,2491.04
activated,1|6|7|8|10,1,4>3>9>2,919.728,7,0,9397.279999999999
activated,1|6|7|8|10,1,9>1,500.832,2,1,5208.32
activated,1|6|7|8|10,1,1>2>4>7,1025.568,6,1,5038.804958169084
activated,1|6|7|8|10,1,4>9>1>9,1050.912,7,2,10709.12
activated,1|6|7|8|10,1,2>6,61.2,3,0,812.0
activated,1|6|7|8|10,1,4>9>3>7,1096.848,6,0,11168.48
activated,1|6|7|8|10,1,1>2>6>3,1079.28,7,2,5313.195041830915
activated,1|6|7|8|10,1,2>6>3>4,940.896,7,0,9608.96
activated,1|6|7|8|10,1,3>4>9,486.0,5,0,5060.0
activated,1|6|7|8|10,1,2>3>1>2,1168.56,4,0,11885.599999999999
activated,1|6|7|8|10,1,4>2>3>1,622.224,5,0,6422.240000000001
activated,1|6|7|8|10,1,9>6,135.072,3,0,1550.72
activated,1|6|7|8|10,1,9>3>6>1,1399.824,4,2,8863.040000000003
activated,1|6|7|8|10,1,4>9>4>2,108.864,3,0,1288.64
activated,1|6|7|8|10,1,4>3>1>9,1047.6,4,1,10676.0
activated,1|6|7|8|10,1,3>2>4>3,965.664,7,0,9856.64
activated,1|6|7|8|10,1,1>6>2,661.104,5,2,1131.435041830916
activated,1|6|7|8|10,1,2>4>1>4,1124.208,7,0,11442.080000000002
activated,1|6|7|8|10,1,3>2>6>4,695.808,5,0,7158.08
activated,1|6|7|8|10,1,7>3>2>6,1117.296,2,0,11372.960000000001
activated,1|6|7|8|10,1,9>6>3>4,1014.768,7,0,10347.68
activated,1|6|7|8|10,1,1>4>2>3,1062.432,7,0,10824.32
activated,1|6|7|8|10,1,9>3>1>2,1094.112,4,1,11141.12
activated,1|6|7|8|10,1,3>4>7>1,1506.24,5,0,15262.4
activated,1|6|7|8|10,1,2>3>6>7,1462.176,5,0,14821.759999999998
activated,1|6|7|8|10,1,6>9>2>3,708.336,5,0,7283.360000000001
activated,1|6|7|8|10,1,4>3>4>2,921.5999999999999,7,0,9416.0
activated,1|6|7|8|10,1,1>4>6,655.776,5,2,1078.1550418309143
activated,1|6|7|8|10,1,9>2>6>1,669.7439999999999,5,2,1562.2400000000002
activated,1|6|7|8|10,1,1>7,767.52,1,1,2458.3249581690834
activated,1|6|7|8|10,1,4>2>1>9,1140.9119999999998,7,1,11609.119999999999
activated,1|6|7|8|10,1,4>2>3>7,1186.848,6,0,12068.48
activated,1|6|7|8|10,1,2>1>9>4,1124.928,4,1,11449.28
activated,1|6|7|8|10,1,6>9>6,301.68,3,0,3216.8
activated,1|6|7|8|10,1,4>3>9>1,1345.536,4,1,13655.36
activated,1|6|7|8|10,1,9>3>6>7,1387.728,5,0,14077.28
activated,1|6|7|8|10,1,3>4>2>4,548.208,5,0,5682.08
activated,1|6|7|8|10,1,6>3>4>9,910.9440000000001,7,0,9309.44
activated,1|6|7|8|10,1,9>1>9>4,1050.48,4,2,10704.8
activated,1|6|7|8|10,1,9>4>2>1,652.896,5,1,6728.959999999999
activated,1|6|7|8|10,1,2>6>9>4,258.62399999999997,3,0,2786.24
activated,1|6|7|8|10,1,2>6>2>9,231.69599999999997,3,0,2516.9599999999996
activated,1|6|7|8|10,1,4>2>9>1,625.248,5,1,6452.4800000000005
activated,1|6|7|8|10,1,2>4>3>2,965.664,7,0,9856.64
activated,1|6|7|8|10,1,3>9>2>1,1074.96,7,1,10949.6
activated,1|6|7|8|10,1,4>3>9>7,1202.6879999999999,5,0,12226.88
activated,1|6|7|8|10,1,2>9>1>7,1345.9679999999998,6,2,8242.804958169083
activated,1|6|7|8|10,1,6>2>4>9,170.784,3,0,1907.84
activated,1|6|7|8|10,1,9>4>3>2,949.824,7,0,9698.24
activated,1|6|7|8|10,1,2>4>6>9,320.11199999999997,3,0,3401.12
activated,1|6|7|8|10,1,4>9>2>6,167.472,3,0,1874.72
activated,1|6|7|8|10,1,1>6>3,993.1680000000001,4,2,4452.075041830916
activated,1|6|7|8|10,1,1>3>9>6,725.472,5,2,1775.1150418309144
activated,1|6|7|8|10,1,3>9>3>2,1315.872,4,0,13358.720000000001
activated,1|6|7|8|10,1,2>3>1>7,1342.944,3,1,8212.564958169081
activated,1|6|7|8|10,1,1>4>1,1077.5520000000001,4,0,10975.52
activated,1|6|7|8|10,1,3>9>2>7,932.1120000000001,6,0,9521.12
activated,1|6|7|8|10,1,4>9>6>3,591.264,5,0,6112.64
activated,1|6|7|8|10,1,1>9>7,876.816,3,2,3551.284958169083
activated,1|6|7|8|10,1,4>3>2>6,980.2080000000001,4,0,10002.080000000002
activated,1|6|7|8|10,1,3>4,454.752,2,0,4747.52
activated,1|6|7|8|10,1,6>9>1,667.44,5,2,1539.200000000002
activated,1|6|7|8|10,1,9>3>1>7,1268.496,3,2,7468.0849581690845
activated,1|6|7|8|10,1,3>9>6>9,726.336,5,0,7463.360000000001
activated,1|6|7|8|10,1,6>4>2,182.44799999999998,3,0,2024.4799999999998
activated,1|6|7|8|10,1,4>2>4>1,622.08,5,0,6420.8
activated,1|6|7|8|10,1,6>1>6>7,1623.1680000000001,5,5,0.0
activated,1|6|7|8|10,1,1>2>9>6,805.824,5,2,2578.6350418309157
activated,1|6|7|8|10,1,1>9>4>6,656.496,5,2,1085.355041830915
activated,1|6|7|8|10,1,4>3>4>7,1260.576,5,0,12805.76
activated,1|6|7|8|10,1,2>4>3>1,575.424,5,0,5954.24
activated,1|6|7|8|10,1,4>3>6>3,1319.04,4,0,13390.4
activated,1|6|7|8|10,1,2>4>9>2,152.928,3,0,1729.28
activated,1|6|7|8|10,1,6>3>1,533.664,2,2,201.44000000000102
activated,1|6|7|8|10,1,9>2>1>7,1417.824,6,2,8961.364958169084
activated,1|6|7|8|10,1,1>3>4>6,727.3439999999999,5,2,1793.8350418309146
activated,1|6|7|8|10,1,9>4>3>1,559.584,5,1,5795.839999999999
activated,1|6|7|8|10,1,2>6>3>9,910.8,7,0,9308.0
activated,1|6|7|8|10,1,4>1>2,1121.76,4,0,11417.6
activated,1|6|7|8|10,1,3>9>3>1,925.6320000000001,4,1,9456.32
activated,1|6|7|8|10,1,1>6>9,734.8320000000001,5,2,1868.7150418309166
activated,1|6|7|8|10,1,4>2>6>3,532.944,5,0,5529.44
activated,1|6|7|8|10,1,1>2>7,1025.568,3,1,5038.804958169084
activated,1|6|7|8|10,1,2>4>1>9,1094.112,7,1,11141.12
activated,1|6|7|8|10,1,6>2>1,668.16,5,2,1546.400000000001
activated,1|6|7|8|10,1,7>3>9>6,1116.864,2,0,11368.64
activated,1|6|7|8|10,1,3>2>6>9,726.768,5,0,7467.68
activated,1|6|7|8|10,1,2>4>3>7,1140.048,6,0,11600.48
activated,1|6|7|8|10,1,1>4>9>3,972.432,7,1,9924.32
activated,1|6|7|8|10,1,1>2>4>6,746.6399999999999,5,2,1986.7950418309138
activated,1|6|7|8|10,1,4>9>3>6,897.5519999999999,7,0,9175.519999999999
activated,1|6|7|8|10,1,4>6>2,199.728,3,0,2197.28
activated,1|6|7|8|10,1,9>4>3>7,1124.208,6,0,11442.080000000002
activated,1|6|7|8|10,1,1>9>6>2,746.784,5,2,1988.2350418309152
activated,1|6|7|8|10,1,3>4>2>9,579.168,5,0,5991.68
activated,1|6|7|8|10,1,2>4>9>1,578.736,5,1,5987.36
activated,1|6|7|8|10,1,6>3>9>3,1241.856,4,0,12618.56
activated,1|6|7|8|10,1,1>6>2>4,707.76,5,2,1597.9950418309154
activated,1|6|7|8|10,1,6>4>3,555.696,5,0,5756.96
activated,1|6|7|8|10,1,3>2>3>1,1074.384,4,0,10943.84
activated,1|6|7|8|10,1,1>6>4,703.8720000000001,5,2,1559.1150418309162
activated,1|6|7|8|10,1,3>9>4>2,502.272,5,0,5222.719999999999
activated,1|6|7|8|10,1,9>4>9>1,562.896,5,1,5828.959999999999
activated,1|6|7|8|10,1,1>3>6>2,732.672,5,2,1847.1150418309153
activated,1|6|7|8|10,1,7>3>4>6,1118.7359999999999,2,0,11387.359999999999
activated,1|6|7|8|10,1,1>4>6>4,791.424,5,2,2434.635041830915
activated,1|6|7|8|10,1,4>2>3>6,987.552,7,0,10075.52
activated,1|6|7|8|10,1,6>2>9>3,562.752,5,0,5827.5199999999995
activated,1|6|7|8|10,1,6>9>4>3,617.472,5,0,6374.719999999999
activated,1|6|7|8|10,1,6>3>4>3,1299.7440000000001,4,0,13197.440000000002
activated,1|6|7|8|10,1,2>1>6,1143.504,4,2,5955.435041830915
activated,1|6|7|8|10,1,1>9>6>1,1187.424,7,4,1059.4350418309168
activated,1|6|7|8|10,1,4>6>3,531.792,5,0,5517.92
activated,1|6|7|8|10,1,4>3>9>6,979.776,7,0,9997.76
activated,1|6|7|8|10,1,2>9>1>6,1146.672,7,3,5987.115041830917
activated,1|6|7|8|10,1,2>6>4>9,228.096,3,0,2480.96
activated,1|6|7|8|10,1,6>4>9,166.896,3,0,1868.9599999999998
activated,1|6|7|8|10,1,2>4>2>6,154.656,3,0,1746.56
activated,1|6|7|8|10,1,9>1>6,1069.056,4,3,5210.955041830917
activated,1|6|7|8|10,1,3>2>9>1,1077.408,7,1,10974.079999999998
activated,1|6|7|8|10,1,3>9>4>1,984.096,7,1,10040.96
activated,1|6|7|8|10,1,1>6,568.224,2,2,202.63504183091572
activated,1|6|7|8|10,1,6>2>4>3,559.5840000000001,5,0,5795.84
activated,1|6|7|8|10,1,3>4>3>9,1299.456,4,0,13194.56
activated,1|6|7|8|10,1,9>6>2>3,694.656,5,0,7146.5599999999995
activated,1|6|7|8|10,1,9>4>2>6,138.816,3,0,1588.16
activated,1|6|7|8|10,1,2>4>6>3,578.448,5,0,5984.48
activated,1|6|7|8|10,1,2>3>1>6,1143.6480000000001,4,2,5956.875041830917
activated,1|6|7|8|10,1,1>9>6>7,1175.328,6,3,856.7999999999975
activated,1|6|7|8|10,1,4>2>9>6,259.488,3,0,2794.88
activated,1|6|7|8|10,1,4>9>4>6,168.912,3,0,1889.1200000000001
activated,1|6|7|8|10,1,3>9>2>6,560.88,5,0,5808.8
activated,1|6|7|8|10,1,4>3>7,1093.392,3,0,11133.92
activated,1|6|7|8|10,1,4>1>9,1047.4560000000001,4,1,10674.560000000001
activated,1|6|7|8|10,1,9>4>6>3,562.608,5,0,5826.08
activated,1|6|7|8|10,1,9>3>1>6,1069.2,4,3,5212.395041830916
activated,1|6|7|8|10,1,1>2>6>1,1187.856,7,4,1063.7550418309165
activated,1|6|7|8|10,1,3>2>9>7,934.56,6,0,9545.599999999999
activated,1|6|7|8|10,1,3>9>4>7,841.248,6,0,8612.48
activated,1|6|7|8|10,1,6>9>1>4,1216.368,7,2,7028.480000000002
activated,1|6|7|8|10,1,1>3>6>7,1161.216,3,3,715.6799999999985
activated,1|6|7|8|10,1,3>9>6>3,984.672,7,0,10046.720000000001
activated,1|6|7|8|10,1,4>3>4>6,981.6479999999999,7,0,10016.48
activated,1|6|7|8|10,1,3>2>4>1,1074.24,7,0,10942.4
activated,1|6|7|8|10,1,4>6>9,273.456,3,0,2934.5600000000004
activated,1|6|7|8|10,1,6>3>1>4,1082.592,4,2,5690.720000000004
activated,1|6|7|8|10,1,9>2>1>6,1218.528,7,3,6705.675041830917
activated,1|6|7|8|10,1,1>4>2>1,1171.0079999999998,7,0,11910.079999999998
activated,1|6|7|8|10,1,1>2>6>7,1175.76,6,3,861.119999999999
activated,1|6|7|8|10,1,6>9>2>1,816.912,5,2,3033.9200000000023
activated,1|6|7|8|10,1,1>6>9>4,765.6480000000001,5,2,2176.8750418309164
activated,1|6|7|8|10,1,2>6>1,594.72,5,2,812.0000000000023
activated,1|6|7|8|10,1,1>6>2>9,738.72,5,2,1907.5950418309158
activated,1|6|7|8|10,1,2>4>3>6,940.752,7,0,9607.52
activated,1|6|7|8|10,1,6>2>1>4,1217.088,7,2,7035.680000000001
activated,1|6|7|8|10,1,3>2>4>7,931.392,6,0,9513.92
activated,1|6|7|8|10,1,4>9>6>2,259.2,3,0,2792.0
activated,1|6|7|8|10,1,3>2>6>3,985.104,7,0,10051.04
activated,1|6|7|8|10,1,6>9>3>2,1057.824,7,0,10778.240000000002
activated,1|6|7|8|10,1,1>4>2>7,1028.1599999999999,6,1,5064.724958169082
activated,1|6|7|8|10,1,9>6>1,668.592,5,2,1550.7200000000016
activated,1|6|7|8|10,1,9>4>3>6,924.912,7,0,9449.12
activated,1|6|7|8|10,1,4>6>2>4,246.38400000000001,3,0,2663.84
activated,1|6|7|8|10,1,1>4>6>9,822.384,5,2,2744.235041830916
activated,1|6|7|8|10,1,4>6>4,242.49599999999998,3,0,2624.96
activated,1|6|7|8|10,1,3>9>3>6,1290.96,4,0,13109.6
activated,1|6|7|8|10,1,3>6>2,566.928,5,0,5869.28
activated,1|6|7|8|10,1,6>4,135.648,3,0,1556.48
activated,1|6|7|8|10,1,4>3>6>2,986.976,7,0,10069.76
activated,1|6|7|8|10,1,3>4>2>3,968.2560000000001,7,0,9882.560000000001
activated,1|6|7|8|10,1,6>4>3>4,1010.4480000000001,7,0,10304.480000000001
activated,1|6|7|8|10,1,7>1>9>4,1215.36,2,1,12353.599999999999
activated,1|6|7|8|10,1,6>3>2>7,1356.336,5,0,13763.36
activated,1|6|7|8|10,1,3>4>6,561.6,5,0,5816.0
activated,1|6|7|8|10,1,3>7,673.344,1,0,6933.4400000000005
activated,1|6|7|8|10,1,4>2>6>2,200.88,3,0,2208.8
activated,1|6|7|8|10,1,2>6>9>3,620.064,5,0,6400.639999999999
activated,1|6|7|8|10,1,1>4>3>1,1077.696,4,0,10976.96
activated,1|6|7|8|10,1,4>1,528.624,2,0,5486.24
activated,1|6|7|8|10,1,2>4>9>6,212.976,3,0,2329.76
activated,1|6|7|8|10,1,1>4>9>2,655.2,5,1,6752.0
activated,1|6|7|8|10,1,4>9>6>1,699.8399999999999,5,2,1863.2000000000012
activated,1|6|7|8|10,1,6>9>3>1,667.5840000000001,5,2,1540.6400000000017
activated,1|6|7|8|10,1,9>6>9>3,693.9359999999999,5,0,7139.359999999999
activated,1|6|7|8|10,1,4>9>1>2,1125.216,7,1,11452.16
activated,1|6|7|8|10,1,4>6,106.848,3,0,1268.48
activated,1|6|7|8|10,1,4>3>6>1,1427.616,4,2,9140.960000000001
activated,1|6|7|8|10,1,6>3>9>2,924.624,7,0,9446.24
activated,1|6|7|8|10,1,4>3>1>2,1121.904,4,0,11419.04
activated,1|6|7|8|10,1,6>9>1>9,1186.272,7,3,6727.520000000001
activated,1|6|7|8|10,1,6>9>3>7,1232.208,6,0,12522.080000000002
activated,1|6|7|8|10,1,6>4>9>4,197.712,3,0,2177.12
activated,1|6|7|8|10,1,6>4>2>9,260.06399999999996,3,0,2800.6399999999994
activated,1|6|7|8|10,1,2>6>4>3,616.896,5,0,6368.959999999999
activated,1|6|7|8|10,1,3>6>3,898.992,4,0,9189.92
activated,1|6|7|8|10,1,4>2>6>1,641.52,5,2,1280.0000000000014
activated,1|6|7|8|10,1,6>2>3>1,668.3040000000001,5,2,1547.8400000000024
activated,1|6|7|8|10,1,3>4>1,983.376,4,0,10033.76
activated,1|6|7|8|10,1,6>2>9>2,245.51999999999998,3,0,2655.2
activated,1|6|7|8|10,1,6>9>4>2,244.224,3,0,2642.24
activated,1|6|7|8|10,1,9>6>4>3,690.768,5,0,7107.68
activated,1|6|7|8|10,1,4>3>6>7,1415.52,5,0,14355.2
activated,1|6|7|8|10,1,6>3>1>9,1052.496,4,3,5389.760000000003
activated,1|6|7|8|10,1,1>4>9>1,1081.008,7,2,11010.08
activated,1|6|7|8|10,1,3>9>7,782.64,3,0,8026.4
activated,1|6|7|8|10,1,3>2>9>6,711.648,5,0,7316.4800000000005
activated,1|6|7|8|10,1,3>9>4>6,562.3199999999999,5,0,5823.199999999999
activated,1|6|7|8|10,1,4>1>9>4,1078.2720000000002,4,1,10982.720000000001
activated,1|6|7|8|10,1,6>3>4>2,926.496,7,0,9464.96
activated,1|6|7|8|10,1,2>9>2,152.64,3,0,1726.3999999999999
activated,1|6|7|8|10,1,6>2>1>9,1186.992,7,3,6734.720000000002
activated,1|6|7|8|10,1,6>2>3>7,1232.928,6,0,12529.28
activated,1|6|7|8|10,1,6>3>9>1,1350.432,4,1,13704.32
activated,1|6|7|8|10,1,1>4>9>7,938.1600000000001,6,2,4164.724958169084
activated,1|6|7|8|10,1,4>6>9>4,304.272,3,0,3242.72
activated,1|6|7|8|10,1,4>6>2>9,277.344,3,0,2973.44
activated,1|6|7|8|10,1,2>3>2,965.664,4,0,9856.64
activated,1|6|7|8|10,1,6>2>4>2,186.336,3,0,2063.36
activated,1|6|7|8|10,1,3>6>9,640.656,5,0,6606.5599999999995
activated,1|6|7|8|10,1,4>9>1>7,1299.6,6,2,7779.124958169084
activated,1|6|7|8|10,1,3>2>7,931.392,3,0,9513.92
activated,1|6|7|8|10,1,2>4>6>2,246.384,3,0,2663.84
activated,1|6|7|8|10,1,3>4>9>3,878.256,7,0,8982.56
activated,1|6|7|8|10,1,6>2>9>1,671.328,5,2,1578.0800000000013
activated,1|6|7|8|10,1,6>9>4>1,726.048,5,2,2125.280000000001
activated,1|6|7|8|10,1,2>6>1>4,1143.6480000000001,7,2,6301.280000000003
activated,1|6|7|8|10,1,3>2>4>6,652.4639999999999,5,0,6724.639999999999
activated,1|6|7|8|10,1,9>3>2,891.2159999999999,4,0,9112.16
activated,1|6|7|8|10,1,6>4>3>9,980.3520000000001,7,0,10003.52
activated,1|6|7|8|10,1,6>3>9>7,1207.584,5,0,12275.84
activated,1|6|7|8|10,1,1>6>2>3,1127.808,7,2,5798.475041830916
activated,1|6|7|8|10,1,1>6>4>9,735.1200000000001,5,2,1871.5950418309158
activated,1|6|7|8|10,1,4>3>1>7,1296.288,3,1,7746.004958169085
activated,1|6|7|8|10,1,1>4>2>6,656.928,5,2,1089.6750418309148
activated,1|6|7|8|10,1,9>4>6>2,230.54399999999998,3,0,2505.4399999999996
