job_id,instance_id,compensated_dominance,n_stations,n_pairs,n_scenarios,seed,k,max_stops,iteration,master_sec,pricing_sec,add_columns_sec,columns_added,cumulative_columns_added,master_objective,master_status
2,zhuzhou_n15_p16_sc1_seed42_ms10,false,15,16,1,42,8,10,1,0.5920400619506836,5.044795036315918,0.10943794250488281,44,44,13325.165706614025,OPTIMAL
2,zhuzhou_n15_p16_sc1_seed42_ms10,false,15,16,1,42,8,10,2,0.00045990943908691406,2.053164005279541,0.1882631778717041,26,70,13309.993459756874,OPTIMAL
2,zhuzhou_n15_p16_sc1_seed42_ms10,false,15,16,1,42,8,10,3,0.0004100799560546875,1.608720064163208,0.0006120204925537109,25,95,13232.383007421748,OPTIMAL
2,zhuzhou_n15_p16_sc1_seed42_ms10,false,15,16,1,42,8,10,4,0.0009980201721191406,1.7864549160003662,0.12787199020385742,15,110,13232.383007421748,OPTIMAL
2,zhuzhou_n15_p16_sc1_seed42_ms10,false,15,16,1,42,8,10,5,0.00042700767517089844,1.7923941612243652,0.07414984703063965,10,120,13232.383007421748,OPTIMAL
2,zhuzhou_n15_p16_sc1_seed42_ms10,false,15,16,1,42,8,10,6,0.00042510032653808594,1.6143510341644287,0.0004138946533203125,20,140,13232.383007421748,OPTIMAL
2,zhuzhou_n15_p16_sc1_seed42_ms10,false,15,16,1,42,8,10,7,0.0005810260772705078,1.9580600261688232,0.00020885467529296875,9,149,13232.383007421748,OPTIMAL
2,zhuzhou_n15_p16_sc1_seed42_ms10,false,15,16,1,42,8,10,8,0.0005300045013427734,1.6923251152038574,0.00034308433532714844,17,166,13232.383007421748,OPTIMAL
2,zhuzhou_n15_p16_sc1_seed42_ms10,false,15,16,1,42,8,10,9,0.0006201267242431641,1.6919667720794678,0.00043010711669921875,11,177,13232.383007421748,OPTIMAL
2,zhuzhou_n15_p16_sc1_seed42_ms10,false,15,16,1,42,8,10,10,0.0009200572967529297,1.890561819076538,0.0002281665802001953,10,187,13232.383007421748,OPTIMAL
2,zhuzhou_n15_p16_sc1_seed42_ms10,false,15,16,1,42,8,10,11,0.0005619525909423828,1.6845099925994873,0.00028896331787109375,7,194,13232.383007421748,OPTIMAL
2,zhuzhou_n15_p16_sc1_seed42_ms10,false,15,16,1,42,8,10,12,0.0006608963012695312,1.7474000453948975,0.00020003318786621094,7,201,13232.383007421748,OPTIMAL
2,zhuzhou_n15_p16_sc1_seed42_ms10,false,15,16,1,42,8,10,13,0.0005300045013427734,1.9471020698547363,0.00027489662170410156,8,209,13232.383007421748,OPTIMAL
2,zhuzhou_n15_p16_sc1_seed42_ms10,false,15,16,1,42,8,10,14,0.0007331371307373047,1.6250841617584229,0.0001888275146484375,5,214,13232.383007421748,OPTIMAL
2,zhuzhou_n15_p16_sc1_seed42_ms10,false,15,16,1,42,8,10,15,0.0006771087646484375,1.711251974105835,0.00020503997802734375,6,220,13178.291061500408,OPTIMAL
2,zhuzhou_n15_p16_sc1_seed42_ms10,false,15,16,1,42,8,10,16,0.0006868839263916016,1.8977138996124268,0.00015616416931152344,4,224,13178.291061500408,OPTIMAL
2,zhuzhou_n15_p16_sc1_seed42_ms10,false,15,16,1,42,8,10,17,0.000476837158203125,1.6486680507659912,0.00028204917907714844,5,229,13178.291061500408,OPTIMAL
2,zhuzhou_n15_p16_sc1_seed42_ms10,false,15,16,1,42,8,10,18,0.0010039806365966797,1.7142469882965088,0.0001590251922607422,4,233,13178.291061500408,OPTIMAL
2,zhuzhou_n15_p16_sc1_seed42_ms10,false,15,16,1,42,8,10,19,0.0005130767822265625,1.74894118309021,0.0002758502960205078,4,237,13178.291061500408,OPTIMAL
2,zhuzhou_n15_p16_sc1_seed42_ms10,false,15,16,1,42,8,10,20,0.0007510185241699219,1.895596981048584,0.0001671314239501953,4,241,13178.291061500408,OPTIMAL
2,zhuzhou_n15_p16_sc1_seed42_ms10,false,15,16,1,42,8,10,21,0.0005588531494140625,1.722961187362671,0.0001659393310546875,4,245,13178.291061500408,OPTIMAL
2,zhuzhou_n15_p16_sc1_seed42_ms10,false,15,16,1,42,8,10,22,0.0006959438323974609,1.7434489727020264,0.0001800060272216797,4,249,13178.291061500408,OPTIMAL
2,zhuzhou_n15_p16_sc1_seed42_ms10,false,15,16,1,42,8,10,23,0.0005238056182861328,1.6781508922576904,0.0001671314239501953,4,253,13178.291061500408,OPTIMAL
2,zhuzhou_n15_p16_sc1_seed42_ms10,false,15,16,1,42,8,10,24,0.0004930496215820312,1.9262568950653076,0.0001480579376220703,4,257,13178.291061500408,OPTIMAL
2,zhuzhou_n15_p16_sc1_seed42_ms10,false,15,16,1,42,8,10,25,0.0006189346313476562,1.7263929843902588,0.00016689300537109375,4,261,13178.291061500408,OPTIMAL
2,zhuzhou_n15_p16_sc1_seed42_ms10,false,15,16,1,42,8,10,26,0.0007250308990478516,1.6791439056396484,0.00015306472778320312,4,265,13178.291061500408,OPTIMAL
2,zhuzhou_n15_p16_sc1_seed42_ms10,false,15,16,1,42,8,10,27,0.0005719661712646484,1.9701759815216064,0.0002911090850830078,5,270,13178.291061500408,OPTIMAL
2,zhuzhou_n15_p16_sc1_seed42_ms10,false,15,16,1,42,8,10,28,0.0010731220245361328,1.713813066482544,0.00016880035400390625,4,274,13178.291061500408,OPTIMAL
2,zhuzhou_n15_p16_sc1_seed42_ms10,false,15,16,1,42,8,10,29,0.0005640983581542969,1.896653175354004,0.07087182998657227,4,278,13178.291061500408,OPTIMAL
2,zhuzhou_n15_p16_sc1_seed42_ms10,false,15,16,1,42,8,10,30,0.0005538463592529297,1.6567680835723877,0.0,0,278,13032.383007421751,OPTIMAL
1,zhuzhou_n15_p16_sc1_seed42_ms10,true,15,16,1,42,8,10,1,0.40923404693603516,5.0489020347595215,0.11174893379211426,44,44,13325.165706614025,OPTIMAL
1,zhuzhou_n15_p16_sc1_seed42_ms10,true,15,16,1,42,8,10,2,0.0004680156707763672,1.8020968437194824,0.19270110130310059,26,70,13309.993459756874,OPTIMAL
1,zhuzhou_n15_p16_sc1_seed42_ms10,true,15,16,1,42,8,10,3,0.0004019737243652344,1.2851760387420654,0.0005819797515869141,20,90,13232.383007421748,OPTIMAL
1,zhuzhou_n15_p16_sc1_seed42_ms10,true,15,16,1,42,8,10,4,0.0008590221405029297,1.6359381675720215,0.07830095291137695,10,100,13232.383007421748,OPTIMAL
1,zhuzhou_n15_p16_sc1_seed42_ms10,true,15,16,1,42,8,10,5,0.00045609474182128906,1.4816370010375977,0.07882285118103027,8,108,13232.383007421748,OPTIMAL
1,zhuzhou_n15_p16_sc1_seed42_ms10,true,15,16,1,42,8,10,6,0.00045800209045410156,1.3835899829864502,0.0003330707550048828,16,124,13232.383007421748,OPTIMAL
1,zhuzhou_n15_p16_sc1_seed42_ms10,true,15,16,1,42,8,10,7,0.0005209445953369141,1.6322638988494873,0.00020503997802734375,7,131,13232.383007421748,OPTIMAL
1,zhuzhou_n15_p16_sc1_seed42_ms10,true,15,16,1,42,8,10,8,0.0005099773406982422,1.2437169551849365,0.0003020763397216797,14,145,13232.383007421748,OPTIMAL
1,zhuzhou_n15_p16_sc1_seed42_ms10,true,15,16,1,42,8,10,9,0.0005679130554199219,1.3126399517059326,0.00021696090698242188,8,153,13232.383007421748,OPTIMAL
1,zhuzhou_n15_p16_sc1_seed42_ms10,true,15,16,1,42,8,10,10,0.0005900859832763672,1.2636218070983887,0.00019502639770507812,7,160,13232.383007421748,OPTIMAL
1,zhuzhou_n15_p16_sc1_seed42_ms10,true,15,16,1,42,8,10,11,0.0005400180816650391,1.3805620670318604,0.00027298927307128906,4,164,13232.383007421748,OPTIMAL
1,zhuzhou_n15_p16_sc1_seed42_ms10,true,15,16,1,42,8,10,12,0.0010249614715576172,1.480921983718872,0.0583338737487793,6,170,13232.383007421748,OPTIMAL
1,zhuzhou_n15_p16_sc1_seed42_ms10,true,15,16,1,42,8,10,13,0.0005202293395996094,1.5584111213684082,0.0001728534698486328,3,173,13178.291061500408,OPTIMAL
1,zhuzhou_n15_p16_sc1_seed42_ms10,true,15,16,1,42,8,10,14,0.0005128383636474609,1.283078908920288,0.00014591217041015625,3,176,13178.291061500408,OPTIMAL
1,zhuzhou_n15_p16_sc1_seed42_ms10,true,15,16,1,42,8,10,15,0.0005800724029541016,1.2851769924163818,0.00017499923706054688,3,179,13178.291061500408,OPTIMAL
1,zhuzhou_n15_p16_sc1_seed42_ms10,true,15,16,1,42,8,10,16,0.0004749298095703125,1.418860912322998,0.00015091896057128906,3,182,13178.291061500408,OPTIMAL
1,zhuzhou_n15_p16_sc1_seed42_ms10,true,15,16,1,42,8,10,17,0.0005710124969482422,1.5643219947814941,0.00015616416931152344,4,186,13178.291061500408,OPTIMAL
1,zhuzhou_n15_p16_sc1_seed42_ms10,true,15,16,1,42,8,10,18,0.0006229877471923828,1.3502328395843506,0.0001690387725830078,4,190,13178.291061500408,OPTIMAL
1,zhuzhou_n15_p16_sc1_seed42_ms10,true,15,16,1,42,8,10,19,0.0006670951843261719,1.3193378448486328,0.0001430511474609375,3,193,13178.291061500408,OPTIMAL
1,zhuzhou_n15_p16_sc1_seed42_ms10,true,15,16,1,42,8,10,20,0.0006458759307861328,1.4151520729064941,0.00023984909057617188,8,201,13178.291061500408,OPTIMAL
1,zhuzhou_n15_p16_sc1_seed42_ms10,true,15,16,1,42,8,10,21,0.0006020069122314453,1.729753017425537,0.0713660717010498,5,206,13178.291061500408,OPTIMAL
1,zhuzhou_n15_p16_sc1_seed42_ms10,true,15,16,1,42,8,10,22,0.0005750656127929688,1.3270618915557861,0.0,0,206,13032.383007421751,OPTIMAL
4,zhuzhou_n15_p16_sc1_seed43_ms10,false,15,16,1,43,8,10,1,0.3431990146636963,5.82499098777771,0.3197638988494873,1072,1072,21849.798602356208,OPTIMAL
4,zhuzhou_n15_p16_sc1_seed43_ms10,false,15,16,1,43,8,10,2,0.002192974090576172,2.1981728076934814,0.14780306816101074,1181,2253,21560.83972882679,OPTIMAL
4,zhuzhou_n15_p16_sc1_seed43_ms10,false,15,16,1,43,8,10,3,0.0039520263671875,2.226900100708008,0.0943598747253418,475,2728,18657.857039708328,OPTIMAL
4,zhuzhou_n15_p16_sc1_seed43_ms10,false,15,16,1,43,8,10,4,0.004305124282836914,1.788952112197876,0.01408696174621582,477,3205,18657.857039708328,OPTIMAL
4,zhuzhou_n15_p16_sc1_seed43_ms10,false,15,16,1,43,8,10,5,0.002838134765625,1.744988203048706,0.02289581298828125,664,3869,18657.857039708328,OPTIMAL
4,zhuzhou_n15_p16_sc1_seed43_ms10,false,15,16,1,43,8,10,6,0.004487037658691406,1.7328710556030273,0.01238107681274414,357,4226,17049.679491950745,OPTIMAL
4,zhuzhou_n15_p16_sc1_seed43_ms10,false,15,16,1,43,8,10,7,0.00344085693359375,1.289409875869751,0.127485990524292,85,4311,16556.45381880727,OPTIMAL
4,zhuzhou_n15_p16_sc1_seed43_ms10,false,15,16,1,43,8,10,8,0.003065824508666992,0.5742859840393066,0.00014495849609375,1,4312,14566.623879288076,OPTIMAL
4,zhuzhou_n15_p16_sc1_seed43_ms10,false,15,16,1,43,8,10,9,0.0024099349975585938,0.48279309272766113,0.0001461505889892578,1,4313,14566.623879288076,OPTIMAL
4,zhuzhou_n15_p16_sc1_seed43_ms10,false,15,16,1,43,8,10,10,0.002331972122192383,0.4957621097564697,0.00014591217041015625,1,4314,14566.623879288076,OPTIMAL
4,zhuzhou_n15_p16_sc1_seed43_ms10,false,15,16,1,43,8,10,11,0.002568960189819336,0.7149820327758789,0.00014591217041015625,1,4315,14566.623879288076,OPTIMAL
4,zhuzhou_n15_p16_sc1_seed43_ms10,false,15,16,1,43,8,10,12,0.0021250247955322266,0.5159971714019775,0.0004868507385253906,1,4316,14566.623879288076,OPTIMAL
4,zhuzhou_n15_p16_sc1_seed43_ms10,false,15,16,1,43,8,10,13,0.0035228729248046875,0.5370759963989258,0.00020885467529296875,1,4317,14566.623879288076,OPTIMAL
4,zhuzhou_n15_p16_sc1_seed43_ms10,false,15,16,1,43,8,10,14,0.003050088882446289,0.5107100009918213,0.00019693374633789062,1,4318,14566.623879288076,OPTIMAL
4,zhuzhou_n15_p16_sc1_seed43_ms10,false,15,16,1,43,8,10,15,0.0026988983154296875,0.510491132736206,0.00015687942504882812,1,4319,14566.623879288076,OPTIMAL
4,zhuzhou_n15_p16_sc1_seed43_ms10,false,15,16,1,43,8,10,16,0.002354145050048828,0.542335033416748,0.00016999244689941406,1,4320,14566.623879288076,OPTIMAL
4,zhuzhou_n15_p16_sc1_seed43_ms10,false,15,16,1,43,8,10,17,0.0024819374084472656,0.5039639472961426,0.0001850128173828125,1,4321,14566.623879288076,OPTIMAL
4,zhuzhou_n15_p16_sc1_seed43_ms10,false,15,16,1,43,8,10,18,0.0021560192108154297,0.7707951068878174,0.00017404556274414062,1,4322,14566.623879288076,OPTIMAL
4,zhuzhou_n15_p16_sc1_seed43_ms10,false,15,16,1,43,8,10,19,0.0024421215057373047,0.5079832077026367,0.00016689300537109375,1,4323,14566.623879288076,OPTIMAL
4,zhuzhou_n15_p16_sc1_seed43_ms10,false,15,16,1,43,8,10,20,0.0022687911987304688,0.5278048515319824,0.00017309188842773438,1,4324,14566.623879288076,OPTIMAL
4,zhuzhou_n15_p16_sc1_seed43_ms10,false,15,16,1,43,8,10,21,0.002702951431274414,0.5224099159240723,0.00017905235290527344,1,4325,14566.623879288076,OPTIMAL
4,zhuzhou_n15_p16_sc1_seed43_ms10,false,15,16,1,43,8,10,22,0.002434968948364258,0.506026029586792,0.0001690387725830078,1,4326,14566.623879288076,OPTIMAL
4,zhuzhou_n15_p16_sc1_seed43_ms10,false,15,16,1,43,8,10,23,0.0021049976348876953,0.5229051113128662,0.0002219676971435547,1,4327,14566.623879288076,OPTIMAL
4,zhuzhou_n15_p16_sc1_seed43_ms10,false,15,16,1,43,8,10,24,0.0023839473724365234,0.5383338928222656,0.0001811981201171875,1,4328,14566.623879288076,OPTIMAL
4,zhuzhou_n15_p16_sc1_seed43_ms10,false,15,16,1,43,8,10,25,0.002432107925415039,0.5053598880767822,0.0,0,4328,14549.857039708326,OPTIMAL
3,zhuzhou_n15_p16_sc1_seed43_ms10,true,15,16,1,43,8,10,1,0.5897581577301025,5.340076923370361,0.3144569396972656,669,669,21849.798602356208,OPTIMAL
3,zhuzhou_n15_p16_sc1_seed43_ms10,true,15,16,1,43,8,10,2,0.0015168190002441406,1.645982027053833,0.13383197784423828,698,1367,21560.83972882679,OPTIMAL
3,zhuzhou_n15_p16_sc1_seed43_ms10,true,15,16,1,43,8,10,3,0.0020160675048828125,1.6649291515350342,0.08094286918640137,319,1686,18657.857039708328,OPTIMAL
3,zhuzhou_n15_p16_sc1_seed43_ms10,true,15,16,1,43,8,10,4,0.0026760101318359375,1.1977379322052002,0.006509065628051758,342,2028,18657.857039708328,OPTIMAL
3,zhuzhou_n15_p16_sc1_seed43_ms10,true,15,16,1,43,8,10,5,0.002067089080810547,1.1395118236541748,0.00976419448852539,442,2470,18657.857039708328,OPTIMAL
3,zhuzhou_n15_p16_sc1_seed43_ms10,true,15,16,1,43,8,10,6,0.002914905548095703,1.4486298561096191,0.006780147552490234,261,2731,17049.679491950745,OPTIMAL
3,zhuzhou_n15_p16_sc1_seed43_ms10,true,15,16,1,43,8,10,7,0.003337860107421875,1.1604678630828857,0.12556815147399902,62,2793,16569.85339187898,OPTIMAL
3,zhuzhou_n15_p16_sc1_seed43_ms10,true,15,16,1,43,8,10,8,0.0019528865814208984,0.4571671485900879,0.00017595291137695312,2,2795,14549.857039708326,OPTIMAL
3,zhuzhou_n15_p16_sc1_seed43_ms10,true,15,16,1,43,8,10,9,0.0018589496612548828,0.4128429889678955,0.00017714500427246094,2,2797,14549.857039708326,OPTIMAL
3,zhuzhou_n15_p16_sc1_seed43_ms10,true,15,16,1,43,8,10,10,0.0017590522766113281,0.45670580863952637,0.00016117095947265625,2,2799,14549.857039708326,OPTIMAL
3,zhuzhou_n15_p16_sc1_seed43_ms10,true,15,16,1,43,8,10,11,0.0015759468078613281,0.6339130401611328,0.0001881122589111328,2,2801,14549.857039708326,OPTIMAL
3,zhuzhou_n15_p16_sc1_seed43_ms10,true,15,16,1,43,8,10,12,0.002089977264404297,0.4430088996887207,0.00014495849609375,2,2803,14549.857039708326,OPTIMAL
3,zhuzhou_n15_p16_sc1_seed43_ms10,true,15,16,1,43,8,10,13,0.0017189979553222656,0.4370570182800293,0.00015091896057128906,2,2805,14549.857039708326,OPTIMAL
3,zhuzhou_n15_p16_sc1_seed43_ms10,true,15,16,1,43,8,10,14,0.001528024673461914,0.4386940002441406,0.00015115737915039062,2,2807,14549.857039708326,OPTIMAL
3,zhuzhou_n15_p16_sc1_seed43_ms10,true,15,16,1,43,8,10,15,0.0021309852600097656,0.514758825302124,0.0,0,2807,14549.857039708326,OPTIMAL
6,zhuzhou_n15_p16_sc1_seed44_ms10,false,15,16,1,44,8,10,1,0.4975769519805908,5.542683839797974,0.20029187202453613,14,14,11857.961094116417,OPTIMAL
6,zhuzhou_n15_p16_sc1_seed44_ms10,false,15,16,1,44,8,10,2,0.0004050731658935547,0.8143219947814941,0.10049796104431152,10,24,11857.961094116417,OPTIMAL
6,zhuzhou_n15_p16_sc1_seed44_ms10,false,15,16,1,44,8,10,3,0.00037407875061035156,0.4380660057067871,0.0008230209350585938,5,29,11590.128161279263,OPTIMAL
6,zhuzhou_n15_p16_sc1_seed44_ms10,false,15,16,1,44,8,10,4,0.0011570453643798828,0.8172621726989746,0.08878803253173828,3,32,11590.128161279263,OPTIMAL
6,zhuzhou_n15_p16_sc1_seed44_ms10,false,15,16,1,44,8,10,5,0.0003998279571533203,0.7473530769348145,0.1643359661102295,4,36,11590.128161279263,OPTIMAL
6,zhuzhou_n15_p16_sc1_seed44_ms10,false,15,16,1,44,8,10,6,0.00037097930908203125,0.4695260524749756,0.0,0,36,11390.12816127926,OPTIMAL
5,zhuzhou_n15_p16_sc1_seed44_ms10,true,15,16,1,44,8,10,1,0.40306997299194336,3.9249820709228516,0.1468799114227295,14,14,11857.961094116417,OPTIMAL
5,zhuzhou_n15_p16_sc1_seed44_ms10,true,15,16,1,44,8,10,2,0.00037288665771484375,0.4915308952331543,0.07347798347473145,10,24,11857.961094116417,OPTIMAL
5,zhuzhou_n15_p16_sc1_seed44_ms10,true,15,16,1,44,8,10,3,0.0003101825714111328,0.5541810989379883,0.0001990795135498047,5,29,11590.128161279263,OPTIMAL
5,zhuzhou_n15_p16_sc1_seed44_ms10,true,15,16,1,44,8,10,4,0.000408172607421875,0.38301897048950195,0.06516194343566895,3,32,11590.128161279263,OPTIMAL
5,zhuzhou_n15_p16_sc1_seed44_ms10,true,15,16,1,44,8,10,5,0.0003268718719482422,0.510422945022583,0.11451601982116699,4,36,11590.128161279263,OPTIMAL
5,zhuzhou_n15_p16_sc1_seed44_ms10,true,15,16,1,44,8,10,6,0.00030803680419921875,0.31514883041381836,0.0,0,36,11390.12816127926,OPTIMAL
8,zhuzhou_n15_p16_sc1_seed45_ms10,false,15,16,1,45,8,10,1,0.48962998390197754,6.890577077865601,0.41156792640686035,1409,1409,19808.647275354364,OPTIMAL
8,zhuzhou_n15_p16_sc1_seed45_ms10,false,15,16,1,45,8,10,2,0.0027170181274414062,4.125938892364502,0.2443070411682129,2043,3452,19675.72341268687,OPTIMAL
8,zhuzhou_n15_p16_sc1_seed45_ms10,false,15,16,1,45,8,10,3,0.00662994384765625,3.021289110183716,0.1273348331451416,818,4270,17118.749906523728,OPTIMAL
8,zhuzhou_n15_p16_sc1_seed45_ms10,false,15,16,1,45,8,10,4,0.005059957504272461,1.6995000839233398,0.0028638839721679688,96,4366,13597.359211507204,OPTIMAL
8,zhuzhou_n15_p16_sc1_seed45_ms10,false,15,16,1,45,8,10,5,0.0034410953521728516,0.8569519519805908,0.02326798439025879,55,4421,13597.359211507204,OPTIMAL
8,zhuzhou_n15_p16_sc1_seed45_ms10,false,15,16,1,45,8,10,6,0.0030329227447509766,1.8456718921661377,0.002199888229370117,51,4472,12827.612248003576,OPTIMAL
8,zhuzhou_n15_p16_sc1_seed45_ms10,false,15,16,1,45,8,10,7,0.003099203109741211,0.838015079498291,0.0001480579376220703,3,4475,11231.224100654737,OPTIMAL
8,zhuzhou_n15_p16_sc1_seed45_ms10,false,15,16,1,45,8,10,8,0.0037109851837158203,0.7084147930145264,0.00014710426330566406,2,4477,11231.224100654737,OPTIMAL
8,zhuzhou_n15_p16_sc1_seed45_ms10,false,15,16,1,45,8,10,9,0.0031120777130126953,0.9469490051269531,0.0001308917999267578,2,4479,11231.224100654737,OPTIMAL
8,zhuzhou_n15_p16_sc1_seed45_ms10,false,15,16,1,45,8,10,10,0.0025589466094970703,0.7307109832763672,0.00015091896057128906,2,4481,11231.224100654737,OPTIMAL
8,zhuzhou_n15_p16_sc1_seed45_ms10,false,15,16,1,45,8,10,11,0.0028760433197021484,0.6430449485778809,0.00010800361633300781,1,4482,11231.224100654737,OPTIMAL
8,zhuzhou_n15_p16_sc1_seed45_ms10,false,15,16,1,45,8,10,12,0.0032918453216552734,0.7142820358276367,0.00031280517578125,1,4483,11231.224100654737,OPTIMAL
8,zhuzhou_n15_p16_sc1_seed45_ms10,false,15,16,1,45,8,10,13,0.0038781166076660156,0.7584230899810791,0.00016498565673828125,1,4484,11231.224100654737,OPTIMAL
8,zhuzhou_n15_p16_sc1_seed45_ms10,false,15,16,1,45,8,10,14,0.006111860275268555,0.9650380611419678,0.0001308917999267578,1,4485,11231.224100654737,OPTIMAL
8,zhuzhou_n15_p16_sc1_seed45_ms10,false,15,16,1,45,8,10,15,0.002821207046508789,0.6660590171813965,0.00015306472778320312,1,4486,11231.224100654737,OPTIMAL
8,zhuzhou_n15_p16_sc1_seed45_ms10,false,15,16,1,45,8,10,16,0.0027849674224853516,0.7528960704803467,0.00015306472778320312,1,4487,11231.224100654737,OPTIMAL
8,zhuzhou_n15_p16_sc1_seed45_ms10,false,15,16,1,45,8,10,17,0.0030930042266845703,0.6830859184265137,0.0001380443572998047,1,4488,11231.224100654737,OPTIMAL
8,zhuzhou_n15_p16_sc1_seed45_ms10,false,15,16,1,45,8,10,18,0.002562999725341797,0.7583498954772949,0.0001690387725830078,1,4489,11231.224100654737,OPTIMAL
8,zhuzhou_n15_p16_sc1_seed45_ms10,false,15,16,1,45,8,10,19,0.003100872039794922,0.7303168773651123,0.0,0,4489,11231.224100654737,OPTIMAL
7,zhuzhou_n15_p16_sc1_seed45_ms10,true,15,16,1,45,8,10,1,0.4870798587799072,6.493693828582764,0.40648317337036133,733,733,19808.647275354364,OPTIMAL
7,zhuzhou_n15_p16_sc1_seed45_ms10,true,15,16,1,45,8,10,2,0.0015020370483398438,2.6728780269622803,0.19639110565185547,999,1732,19675.72341268687,OPTIMAL
7,zhuzhou_n15_p16_sc1_seed45_ms10,true,15,16,1,45,8,10,3,0.0026531219482421875,1.1450889110565186,0.004914999008178711,211,1943,17118.749906523728,OPTIMAL
7,zhuzhou_n15_p16_sc1_seed45_ms10,true,15,16,1,45,8,10,4,0.002646923065185547,2.049367904663086,0.10687518119812012,184,2127,15233.798319173913,OPTIMAL
7,zhuzhou_n15_p16_sc1_seed45_ms10,true,15,16,1,45,8,10,5,0.0022590160369873047,1.5459868907928467,0.0020780563354492188,62,2189,13237.461533890018,OPTIMAL
7,zhuzhou_n15_p16_sc1_seed45_ms10,true,15,16,1,45,8,10,6,0.0019769668579101562,0.6196999549865723,0.02218008041381836,19,2208,13118.753225660956,OPTIMAL
7,zhuzhou_n15_p16_sc1_seed45_ms10,true,15,16,1,45,8,10,7,0.002009153366088867,0.905771017074585,0.0007390975952148438,21,2229,12647.859689170025,OPTIMAL
7,zhuzhou_n15_p16_sc1_seed45_ms10,true,15,16,1,45,8,10,8,0.0017888545989990234,1.2087969779968262,0.0007729530334472656,23,2252,12647.859689170025,OPTIMAL
7,zhuzhou_n15_p16_sc1_seed45_ms10,true,15,16,1,45,8,10,9,0.001917123794555664,0.9498469829559326,0.000823974609375,21,2273,12647.859689170025,OPTIMAL
7,zhuzhou_n15_p16_sc1_seed45_ms10,true,15,16,1,45,8,10,10,0.0016379356384277344,0.2229321002960205,0.00011897087097167969,1,2274,11231.224100654737,OPTIMAL
7,zhuzhou_n15_p16_sc1_seed45_ms10,true,15,16,1,45,8,10,11,0.001483917236328125,0.2281491756439209,0.00023603439331054688,1,2275,11231.224100654737,OPTIMAL
7,zhuzhou_n15_p16_sc1_seed45_ms10,true,15,16,1,45,8,10,12,0.0018041133880615234,0.21950197219848633,0.0,0,2275,11231.224100654737,OPTIMAL
10,zhuzhou_n15_p16_sc1_seed46_ms10,false,15,16,1,46,8,10,1,0.3554518222808838,4.20504903793335,0.00694584846496582,107,107,13601.470808555656,OPTIMAL
10,zhuzhou_n15_p16_sc1_seed46_ms10,false,15,16,1,46,8,10,2,0.00045299530029296875,0.3444349765777588,0.0262448787689209,96,203,13601.470808555656,OPTIMAL
10,zhuzhou_n15_p16_sc1_seed46_ms10,false,15,16,1,46,8,10,3,0.0005640983581542969,0.8660669326782227,0.19686198234558105,118,321,13601.470808555656,OPTIMAL
10,zhuzhou_n15_p16_sc1_seed46_ms10,false,15,16,1,46,8,10,4,0.0006878376007080078,0.792719841003418,0.05424308776855469,158,479,13601.470808555656,OPTIMAL
10,zhuzhou_n15_p16_sc1_seed46_ms10,false,15,16,1,46,8,10,5,0.0007989406585693359,0.5323119163513184,0.0017490386962890625,105,584,13601.470808555656,OPTIMAL
10,zhuzhou_n15_p16_sc1_seed46_ms10,false,15,16,1,46,8,10,6,0.0009989738464355469,0.7168309688568115,0.08165597915649414,179,763,13601.470808555656,OPTIMAL
10,zhuzhou_n15_p16_sc1_seed46_ms10,false,15,16,1,46,8,10,7,0.0010569095611572266,0.794827938079834,0.0023000240325927734,160,923,13601.470808555656,OPTIMAL
10,zhuzhou_n15_p16_sc1_seed46_ms10,false,15,16,1,46,8,10,8,0.001055002212524414,0.7061038017272949,0.08029389381408691,188,1111,13601.470808555656,OPTIMAL
10,zhuzhou_n15_p16_sc1_seed46_ms10,false,15,16,1,46,8,10,9,0.0019059181213378906,0.8242218494415283,0.13176894187927246,143,1254,13601.470808555656,OPTIMAL
10,zhuzhou_n15_p16_sc1_seed46_ms10,false,15,16,1,46,8,10,10,0.0015521049499511719,0.3777029514312744,0.0002810955047607422,7,1261,11773.929794453179,OPTIMAL
10,zhuzhou_n15_p16_sc1_seed46_ms10,false,15,16,1,46,8,10,11,0.0012810230255126953,0.2746870517730713,0.00016689300537109375,4,1265,11773.929794453179,OPTIMAL
10,zhuzhou_n15_p16_sc1_seed46_ms10,false,15,16,1,46,8,10,12,0.0013580322265625,0.31687211990356445,0.0001900196075439453,3,1268,11773.929794453179,OPTIMAL
10,zhuzhou_n15_p16_sc1_seed46_ms10,false,15,16,1,46,8,10,13,0.0012021064758300781,0.27715611457824707,0.00020003318786621094,4,1272,11767.070808555654,OPTIMAL
10,zhuzhou_n15_p16_sc1_seed46_ms10,false,15,16,1,46,8,10,14,0.0012211799621582031,0.3231949806213379,9.799003601074219e-5,1,1273,11767.070808555654,OPTIMAL
10,zhuzhou_n15_p16_sc1_seed46_ms10,false,15,16,1,46,8,10,15,0.0012772083282470703,0.5442149639129639,0.00013899803161621094,2,1275,11767.070808555654,OPTIMAL
10,zhuzhou_n15_p16_sc1_seed46_ms10,false,15,16,1,46,8,10,16,0.0013418197631835938,0.27732205390930176,0.00013709068298339844,2,1277,11767.070808555654,OPTIMAL
10,zhuzhou_n15_p16_sc1_seed46_ms10,false,15,16,1,46,8,10,17,0.001129150390625,0.27791500091552734,0.00014209747314453125,2,1279,11767.070808555654,OPTIMAL
10,zhuzhou_n15_p16_sc1_seed46_ms10,false,15,16,1,46,8,10,18,0.0014200210571289062,0.29810190200805664,0.00014519691467285156,2,1281,11767.070808555654,OPTIMAL
10,zhuzhou_n15_p16_sc1_seed46_ms10,false,15,16,1,46,8,10,19,0.001180887222290039,0.2774829864501953,0.00013589859008789062,2,1283,11767.070808555654,OPTIMAL
10,zhuzhou_n15_p16_sc1_seed46_ms10,false,15,16,1,46,8,10,20,0.0010859966278076172,0.3061800003051758,0.0001709461212158203,2,1285,11767.070808555654,OPTIMAL
10,zhuzhou_n15_p16_sc1_seed46_ms10,false,15,16,1,46,8,10,21,0.001046895980834961,0.2763690948486328,0.0001480579376220703,2,1287,11767.070808555654,OPTIMAL
10,zhuzhou_n15_p16_sc1_seed46_ms10,false,15,16,1,46,8,10,22,0.0014090538024902344,0.2840762138366699,0.0001709461212158203,2,1289,11767.070808555654,OPTIMAL
10,zhuzhou_n15_p16_sc1_seed46_ms10,false,15,16,1,46,8,10,23,0.001055002212524414,0.28952503204345703,0.00014090538024902344,2,1291,11767.070808555654,OPTIMAL
10,zhuzhou_n15_p16_sc1_seed46_ms10,false,15,16,1,46,8,10,24,0.0010609626770019531,0.274446964263916,0.00014090538024902344,2,1293,11767.070808555654,OPTIMAL
10,zhuzhou_n15_p16_sc1_seed46_ms10,false,15,16,1,46,8,10,25,0.0012600421905517578,0.3224527835845947,0.00013017654418945312,2,1295,11767.070808555654,OPTIMAL
10,zhuzhou_n15_p16_sc1_seed46_ms10,false,15,16,1,46,8,10,26,0.001149892807006836,0.5439059734344482,0.00014495849609375,2,1297,11767.070808555654,OPTIMAL
10,zhuzhou_n15_p16_sc1_seed46_ms10,false,15,16,1,46,8,10,27,0.001344919204711914,0.2855799198150635,0.00014710426330566406,2,1299,11767.070808555654,OPTIMAL
10,zhuzhou_n15_p16_sc1_seed46_ms10,false,15,16,1,46,8,10,28,0.0011548995971679688,0.2764148712158203,0.00014519691467285156,2,1301,11767.070808555654,OPTIMAL
10,zhuzhou_n15_p16_sc1_seed46_ms10,false,15,16,1,46,8,10,29,0.0012598037719726562,0.27954912185668945,0.00014495849609375,2,1303,11767.070808555654,OPTIMAL
10,zhuzhou_n15_p16_sc1_seed46_ms10,false,15,16,1,46,8,10,30,0.0010180473327636719,0.29970598220825195,0.0003199577331542969,3,1306,11767.070808555654,OPTIMAL
10,zhuzhou_n15_p16_sc1_seed46_ms10,false,15,16,1,46,8,10,31,0.0015478134155273438,0.2730720043182373,0.0001709461212158203,3,1309,11767.070808555654,OPTIMAL
10,zhuzhou_n15_p16_sc1_seed46_ms10,false,15,16,1,46,8,10,32,0.001077890396118164,0.28064703941345215,0.00018596649169921875,3,1312,11767.070808555654,OPTIMAL
10,zhuzhou_n15_p16_sc1_seed46_ms10,false,15,16,1,46,8,10,33,0.0011060237884521484,0.2853069305419922,0.00015807151794433594,2,1314,11767.070808555654,OPTIMAL
10,zhuzhou_n15_p16_sc1_seed46_ms10,false,15,16,1,46,8,10,34,0.0011069774627685547,0.27712392807006836,0.00013303756713867188,1,1315,11767.070808555654,OPTIMAL
10,zhuzhou_n15_p16_sc1_seed46_ms10,false,15,16,1,46,8,10,35,0.001355886459350586,0.25153589248657227,9.799003601074219e-5,1,1316,11567.070808555654,OPTIMAL
10,zhuzhou_n15_p16_sc1_seed46_ms10,false,15,16,1,46,8,10,36,0.0011360645294189453,0.26691198348999023,0.0001418590545654297,3,1319,11567.070808555654,OPTIMAL
10,zhuzhou_n15_p16_sc1_seed46_ms10,false,15,16,1,46,8,10,37,0.0010671615600585938,0.2511131763458252,0.0,0,1319,11567.070808555654,OPTIMAL
9,zhuzhou_n15_p16_sc1_seed46_ms10,true,15,16,1,46,8,10,1,0.7446379661560059,4.629918098449707,0.0008809566497802734,84,84,13601.470808555656,OPTIMAL
9,zhuzhou_n15_p16_sc1_seed46_ms10,true,15,16,1,46,8,10,2,0.0005021095275878906,0.35520505905151367,0.0005669593811035156,46,130,13601.470808555656,OPTIMAL
9,zhuzhou_n15_p16_sc1_seed46_ms10,true,15,16,1,46,8,10,3,0.0004849433898925781,0.8329989910125732,0.2046499252319336,80,210,13601.470808555656,OPTIMAL
9,zhuzhou_n15_p16_sc1_seed46_ms10,true,15,16,1,46,8,10,4,0.0006330013275146484,0.6843278408050537,0.0011830329895019531,77,287,13601.470808555656,OPTIMAL
9,zhuzhou_n15_p16_sc1_seed46_ms10,true,15,16,1,46,8,10,5,0.0011739730834960938,0.8406240940093994,0.14447593688964844,89,376,13601.470808555656,OPTIMAL
9,zhuzhou_n15_p16_sc1_seed46_ms10,true,15,16,1,46,8,10,6,0.0008771419525146484,0.6411919593811035,0.001338958740234375,78,454,13401.470808555654,OPTIMAL
9,zhuzhou_n15_p16_sc1_seed46_ms10,true,15,16,1,46,8,10,7,0.0009839534759521484,0.589730978012085,0.0014030933380126953,72,526,13401.470808555654,OPTIMAL
9,zhuzhou_n15_p16_sc1_seed46_ms10,true,15,16,1,46,8,10,8,0.0009319782257080078,0.9706048965454102,0.08210206031799316,82,608,13401.470808555654,OPTIMAL
9,zhuzhou_n15_p16_sc1_seed46_ms10,true,15,16,1,46,8,10,9,0.001049041748046875,0.610537052154541,0.0014159679412841797,75,683,13401.470808555654,OPTIMAL
9,zhuzhou_n15_p16_sc1_seed46_ms10,true,15,16,1,46,8,10,10,0.0011930465698242188,0.5380408763885498,0.00162506103515625,87,770,13401.470808555654,OPTIMAL
9,zhuzhou_n15_p16_sc1_seed46_ms10,true,15,16,1,46,8,10,11,0.001100778579711914,0.8357799053192139,0.14644503593444824,64,834,13118.176643370398,OPTIMAL
9,zhuzhou_n15_p16_sc1_seed46_ms10,true,15,16,1,46,8,10,12,0.0011370182037353516,0.4067990779876709,0.00019693374633789062,5,839,11567.070808555654,OPTIMAL
9,zhuzhou_n15_p16_sc1_seed46_ms10,true,15,16,1,46,8,10,13,0.0008380413055419922,0.2886080741882324,0.0002701282501220703,3,842,11567.070808555654,OPTIMAL
9,zhuzhou_n15_p16_sc1_seed46_ms10,true,15,16,1,46,8,10,14,0.0015728473663330078,0.3380160331726074,0.00013685226440429688,2,844,11567.070808555654,OPTIMAL
9,zhuzhou_n15_p16_sc1_seed46_ms10,true,15,16,1,46,8,10,15,0.000804901123046875,0.2670140266418457,0.00014710426330566406,2,846,11567.070808555654,OPTIMAL
9,zhuzhou_n15_p16_sc1_seed46_ms10,true,15,16,1,46,8,10,16,0.0009548664093017578,0.5585510730743408,0.0001239776611328125,2,848,11567.070808555654,OPTIMAL
9,zhuzhou_n15_p16_sc1_seed46_ms10,true,15,16,1,46,8,10,17,0.0008409023284912109,0.2674980163574219,0.00015997886657714844,3,851,11567.070808555654,OPTIMAL
9,zhuzhou_n15_p16_sc1_seed46_ms10,true,15,16,1,46,8,10,18,0.0010039806365966797,0.28436708450317383,0.00010585784912109375,2,853,11567.070808555654,OPTIMAL
9,zhuzhou_n15_p16_sc1_seed46_ms10,true,15,16,1,46,8,10,19,0.0008711814880371094,0.27425694465637207,0.0,0,853,11567.070808555654,OPTIMAL
12,zhuzhou_n15_p16_sc1_seed47_ms10,false,15,16,1,47,8,10,1,0.4396708011627197,5.178909063339233,0.14711809158325195,320,320,14118.402568922289,OPTIMAL
12,zhuzhou_n15_p16_sc1_seed47_ms10,false,15,16,1,47,8,10,2,0.0009260177612304688,0.7416892051696777,0.17751693725585938,318,638,14118.402568922289,OPTIMAL
12,zhuzhou_n15_p16_sc1_seed47_ms10,false,15,16,1,47,8,10,3,0.0012001991271972656,0.951632022857666,0.27834582328796387,458,1096,14118.402568922289,OPTIMAL
12,zhuzhou_n15_p16_sc1_seed47_ms10,false,15,16,1,47,8,10,4,0.0018830299377441406,0.580531120300293,0.013269901275634766,498,1594,13918.40256892229,OPTIMAL
12,zhuzhou_n15_p16_sc1_seed47_ms10,false,15,16,1,47,8,10,5,0.0024559497833251953,0.3294548988342285,0.011394023895263672,346,1940,13918.40256892229,OPTIMAL
12,zhuzhou_n15_p16_sc1_seed47_ms10,false,15,16,1,47,8,10,6,0.002902984619140625,0.6811699867248535,0.02472686767578125,777,2717,13918.40256892229,OPTIMAL
12,zhuzhou_n15_p16_sc1_seed47_ms10,false,15,16,1,47,8,10,7,0.004076957702636719,0.5194859504699707,0.007821083068847656,225,2942,12639.58390714585,OPTIMAL
12,zhuzhou_n15_p16_sc1_seed47_ms10,false,15,16,1,47,8,10,8,0.00273895263671875,0.47303318977355957,0.006829023361206055,172,3114,12639.583907145852,OPTIMAL
12,zhuzhou_n15_p16_sc1_seed47_ms10,false,15,16,1,47,8,10,9,0.00333404541015625,0.8809459209442139,0.1991109848022461,148,3262,12639.583907145852,OPTIMAL
12,zhuzhou_n15_p16_sc1_seed47_ms10,false,15,16,1,47,8,10,10,0.0029709339141845703,0.5081219673156738,0.0023581981658935547,47,3309,11556.971850154287,OPTIMAL
12,zhuzhou_n15_p16_sc1_seed47_ms10,false,15,16,1,47,8,10,11,0.0029931068420410156,0.7948429584503174,0.0009200572967529297,12,3321,11556.971850154287,OPTIMAL
12,zhuzhou_n15_p16_sc1_seed47_ms10,false,15,16,1,47,8,10,12,0.003690004348754883,0.41713404655456543,0.0007848739624023438,8,3329,11556.971850154287,OPTIMAL
12,zhuzhou_n15_p16_sc1_seed47_ms10,false,15,16,1,47,8,10,13,0.003111124038696289,0.4421241283416748,0.00023698806762695312,1,3330,11224.063907145852,OPTIMAL
12,zhuzhou_n15_p16_sc1_seed47_ms10,false,15,16,1,47,8,10,14,0.0028200149536132812,0.4004340171813965,0.0002009868621826172,1,3331,11224.063907145852,OPTIMAL
12,zhuzhou_n15_p16_sc1_seed47_ms10,false,15,16,1,47,8,10,15,0.002682924270629883,0.43479108810424805,0.0002589225769042969,1,3332,11224.063907145852,OPTIMAL
12,zhuzhou_n15_p16_sc1_seed47_ms10,false,15,16,1,47,8,10,16,0.003119945526123047,0.3724679946899414,0.00020599365234375,1,3333,11224.063907145852,OPTIMAL
12,zhuzhou_n15_p16_sc1_seed47_ms10,false,15,16,1,47,8,10,17,0.0021610260009765625,0.4031360149383545,0.00022292137145996094,1,3334,11224.063907145852,OPTIMAL
12,zhuzhou_n15_p16_sc1_seed47_ms10,false,15,16,1,47,8,10,18,0.0029878616333007812,0.4143688678741455,0.00018906593322753906,1,3335,11224.063907145852,OPTIMAL
12,zhuzhou_n15_p16_sc1_seed47_ms10,false,15,16,1,47,8,10,19,0.002753019332885742,0.44645094871520996,0.00022792816162109375,1,3336,11224.063907145852,OPTIMAL
12,zhuzhou_n15_p16_sc1_seed47_ms10,false,15,16,1,47,8,10,20,0.0031540393829345703,0.6487679481506348,0.0,0,3336,11024.063907145854,OPTIMAL
11,zhuzhou_n15_p16_sc1_seed47_ms10,true,15,16,1,47,8,10,1,0.4588158130645752,5.175980091094971,0.14831995964050293,276,276,14118.402568922289,OPTIMAL
11,zhuzhou_n15_p16_sc1_seed47_ms10,true,15,16,1,47,8,10,2,0.0008220672607421875,0.7486090660095215,0.17652201652526855,278,554,14118.402568922289,OPTIMAL
11,zhuzhou_n15_p16_sc1_seed47_ms10,true,15,16,1,47,8,10,3,0.0010721683502197266,0.6816768646240234,0.25554800033569336,360,914,14118.402568922289,OPTIMAL
11,zhuzhou_n15_p16_sc1_seed47_ms10,true,15,16,1,47,8,10,4,0.0015239715576171875,0.5197281837463379,0.11578488349914551,406,1320,13918.40256892229,OPTIMAL
11,zhuzhou_n15_p16_sc1_seed47_ms10,true,15,16,1,47,8,10,5,0.002067089080810547,0.6229519844055176,0.008276939392089844,292,1612,13918.40256892229,OPTIMAL
11,zhuzhou_n15_p16_sc1_seed47_ms10,true,15,16,1,47,8,10,6,0.0021982192993164062,0.26523780822753906,0.015355110168457031,588,2200,13918.40256892229,OPTIMAL
11,zhuzhou_n15_p16_sc1_seed47_ms10,true,15,16,1,47,8,10,7,0.003075838088989258,0.27597880363464355,0.002964019775390625,80,2280,12639.583907145852,OPTIMAL
11,zhuzhou_n15_p16_sc1_seed47_ms10,true,15,16,1,47,8,10,8,0.0021920204162597656,0.238847017288208,0.00333404541015625,87,2367,12639.583907145852,OPTIMAL
11,zhuzhou_n15_p16_sc1_seed47_ms10,true,15,16,1,47,8,10,9,0.002546072006225586,0.6403350830078125,0.1949470043182373,72,2439,12639.583907145852,OPTIMAL
11,zhuzhou_n15_p16_sc1_seed47_ms10,true,15,16,1,47,8,10,10,0.002232074737548828,0.3485231399536133,0.01322793960571289,26,2465,11556.971850154287,OPTIMAL
11,zhuzhou_n15_p16_sc1_seed47_ms10,true,15,16,1,47,8,10,11,0.002028942108154297,0.24354100227355957,0.0007350444793701172,11,2476,11556.971850154287,OPTIMAL
11,zhuzhou_n15_p16_sc1_seed47_ms10,true,15,16,1,47,8,10,12,0.0024499893188476562,0.288254976272583,0.00045013427734375,2,2478,11224.063907145852,OPTIMAL
11,zhuzhou_n15_p16_sc1_seed47_ms10,true,15,16,1,47,8,10,13,0.002835988998413086,0.2269439697265625,0.00024199485778808594,2,2480,11224.063907145852,OPTIMAL
11,zhuzhou_n15_p16_sc1_seed47_ms10,true,15,16,1,47,8,10,14,0.002167940139770508,0.2750430107116699,0.0001990795135498047,2,2482,11024.063907145854,OPTIMAL
11,zhuzhou_n15_p16_sc1_seed47_ms10,true,15,16,1,47,8,10,15,0.0018470287322998047,0.21507596969604492,0.00025916099548339844,2,2484,11024.063907145854,OPTIMAL
11,zhuzhou_n15_p16_sc1_seed47_ms10,true,15,16,1,47,8,10,16,0.0021080970764160156,0.48560595512390137,0.0002498626708984375,2,2486,11024.063907145854,OPTIMAL
11,zhuzhou_n15_p16_sc1_seed47_ms10,true,15,16,1,47,8,10,17,0.0018799304962158203,0.21824288368225098,0.00030517578125,2,2488,11024.063907145854,OPTIMAL
11,zhuzhou_n15_p16_sc1_seed47_ms10,true,15,16,1,47,8,10,18,0.0023839473724365234,0.209028959274292,0.0,0,2488,11024.063907145854,OPTIMAL
14,zhuzhou_n15_p16_sc1_seed48_ms10,false,15,16,1,48,8,10,1,0.6614961624145508,4.454927921295166,0.14338302612304688,599,599,15842.734010776352,OPTIMAL
14,zhuzhou_n15_p16_sc1_seed48_ms10,false,15,16,1,48,8,10,2,0.001135110855102539,1.0013329982757568,0.2803030014038086,845,1444,15842.734010776352,OPTIMAL
14,zhuzhou_n15_p16_sc1_seed48_ms10,false,15,16,1,48,8,10,3,0.0023889541625976562,0.5494511127471924,0.03327202796936035,1077,2521,15842.734010776352,OPTIMAL
14,zhuzhou_n15_p16_sc1_seed48_ms10,false,15,16,1,48,8,10,4,0.0030028820037841797,0.6057648658752441,0.09202003479003906,358,2879,14038.41372085147,OPTIMAL
14,zhuzhou_n15_p16_sc1_seed48_ms10,false,15,16,1,48,8,10,5,0.00255584716796875,0.3544909954071045,0.00022602081298828125,7,2886,10995.883988424968,OPTIMAL
14,zhuzhou_n15_p16_sc1_seed48_ms10,false,15,16,1,48,8,10,6,0.002003192901611328,0.5201389789581299,0.00041604042053222656,7,2893,10995.883988424968,OPTIMAL
14,zhuzhou_n15_p16_sc1_seed48_ms10,false,15,16,1,48,8,10,7,0.002749919891357422,0.24506592750549316,0.00023698806762695312,4,2897,10995.883988424968,OPTIMAL
14,zhuzhou_n15_p16_sc1_seed48_ms10,false,15,16,1,48,8,10,8,0.002198934555053711,0.25868797302246094,0.0001220703125,1,2898,10995.883988424968,OPTIMAL
14,zhuzhou_n15_p16_sc1_seed48_ms10,false,15,16,1,48,8,10,9,0.0018520355224609375,0.21955490112304688,0.0001590251922607422,3,2901,10995.883988424968,OPTIMAL
14,zhuzhou_n15_p16_sc1_seed48_ms10,false,15,16,1,48,8,10,10,0.0019199848175048828,0.24797797203063965,0.00015401840209960938,3,2904,10995.883988424968,OPTIMAL
14,zhuzhou_n15_p16_sc1_seed48_ms10,false,15,16,1,48,8,10,11,0.0019598007202148438,0.23631811141967773,0.00014781951904296875,2,2906,10995.883988424968,OPTIMAL
14,zhuzhou_n15_p16_sc1_seed48_ms10,false,15,16,1,48,8,10,12,0.0017669200897216797,0.24120712280273438,0.00015091896057128906,2,2908,10995.883988424968,OPTIMAL
14,zhuzhou_n15_p16_sc1_seed48_ms10,false,15,16,1,48,8,10,13,0.0019450187683105469,0.24886393547058105,0.00015306472778320312,2,2910,10995.883988424968,OPTIMAL
14,zhuzhou_n15_p16_sc1_seed48_ms10,false,15,16,1,48,8,10,14,0.002206087112426758,0.24875497817993164,0.00012803077697753906,1,2911,10995.883988424968,OPTIMAL
14,zhuzhou_n15_p16_sc1_seed48_ms10,false,15,16,1,48,8,10,15,0.0017910003662109375,0.3055260181427002,0.00016999244689941406,1,2912,10995.883988424968,OPTIMAL
14,zhuzhou_n15_p16_sc1_seed48_ms10,false,15,16,1,48,8,10,16,0.0022461414337158203,0.21301889419555664,0.00013399124145507812,2,2914,10795.883988424968,OPTIMAL
14,zhuzhou_n15_p16_sc1_seed48_ms10,false,15,16,1,48,8,10,17,0.0017850399017333984,0.4875218868255615,0.00014209747314453125,2,2916,10795.883988424968,OPTIMAL
14,zhuzhou_n15_p16_sc1_seed48_ms10,false,15,16,1,48,8,10,18,0.002191781997680664,0.21246695518493652,0.0,0,2916,10795.883988424968,OPTIMAL
13,zhuzhou_n15_p16_sc1_seed48_ms10,true,15,16,1,48,8,10,1,0.7916779518127441,5.074867010116577,0.16490888595581055,475,475,15842.734010776352,OPTIMAL
13,zhuzhou_n15_p16_sc1_seed48_ms10,true,15,16,1,48,8,10,2,0.0011069774627685547,0.8005838394165039,0.2671241760253906,559,1034,15842.734010776352,OPTIMAL
13,zhuzhou_n15_p16_sc1_seed48_ms10,true,15,16,1,48,8,10,3,0.0017740726470947266,0.46301984786987305,0.01423501968383789,689,1723,15842.734010776352,OPTIMAL
13,zhuzhou_n15_p16_sc1_seed48_ms10,true,15,16,1,48,8,10,4,0.002402782440185547,0.5818450450897217,0.16345906257629395,227,1950,14038.41372085147,OPTIMAL
13,zhuzhou_n15_p16_sc1_seed48_ms10,true,15,16,1,48,8,10,5,0.0024139881134033203,0.3474431037902832,0.00018787384033203125,3,1953,10995.883988424968,OPTIMAL
13,zhuzhou_n15_p16_sc1_seed48_ms10,true,15,16,1,48,8,10,6,0.0017600059509277344,0.20296692848205566,0.0002200603485107422,3,1956,10995.883988424968,OPTIMAL
13,zhuzhou_n15_p16_sc1_seed48_ms10,true,15,16,1,48,8,10,7,0.001756906509399414,0.22319984436035156,0.0001800060272216797,3,1959,10995.883988424968,OPTIMAL
13,zhuzhou_n15_p16_sc1_seed48_ms10,true,15,16,1,48,8,10,8,0.0016088485717773438,0.2239370346069336,0.00018405914306640625,2,1961,10995.883988424968,OPTIMAL
13,zhuzhou_n15_p16_sc1_seed48_ms10,true,15,16,1,48,8,10,9,0.0018720626831054688,0.287247896194458,0.0002970695495605469,4,1965,10995.883988424968,OPTIMAL
13,zhuzhou_n15_p16_sc1_seed48_ms10,true,15,16,1,48,8,10,10,0.0017430782318115234,0.2170701026916504,0.00030803680419921875,4,1969,10995.883988424968,OPTIMAL
13,zhuzhou_n15_p16_sc1_seed48_ms10,true,15,16,1,48,8,10,11,0.0020599365234375,0.5175528526306152,0.00019598007202148438,1,1970,10995.883988424968,OPTIMAL
13,zhuzhou_n15_p16_sc1_seed48_ms10,true,15,16,1,48,8,10,12,0.0017189979553222656,0.23368406295776367,0.00019788742065429688,1,1971,10995.883988424968,OPTIMAL
13,zhuzhou_n15_p16_sc1_seed48_ms10,true,15,16,1,48,8,10,13,0.0015740394592285156,0.24355721473693848,0.00013685226440429688,1,1972,10995.883988424968,OPTIMAL
13,zhuzhou_n15_p16_sc1_seed48_ms10,true,15,16,1,48,8,10,14,0.0013728141784667969,0.238724946975708,0.00017714500427246094,1,1973,10995.883988424968,OPTIMAL
13,zhuzhou_n15_p16_sc1_seed48_ms10,true,15,16,1,48,8,10,15,0.0015561580657958984,0.2152118682861328,0.0,0,1973,10795.883988424968,OPTIMAL
16,zhuzhou_n15_p16_sc1_seed49_ms10,false,15,16,1,49,8,10,1,0.34359192848205566,3.454821825027466,0.00016808509826660156,5,5,9870.933718591248,OPTIMAL
16,zhuzhou_n15_p16_sc1_seed49_ms10,false,15,16,1,49,8,10,2,0.0003509521484375,0.35001611709594727,0.055258989334106445,5,10,9870.933718591248,OPTIMAL
16,zhuzhou_n15_p16_sc1_seed49_ms10,false,15,16,1,49,8,10,3,0.00031685829162597656,0.15657591819763184,0.00012612342834472656,7,17,9870.933718591248,OPTIMAL
16,zhuzhou_n15_p16_sc1_seed49_ms10,false,15,16,1,49,8,10,4,0.00035881996154785156,0.13969802856445312,0.00010895729064941406,5,22,9870.933718591248,OPTIMAL
16,zhuzhou_n15_p16_sc1_seed49_ms10,false,15,16,1,49,8,10,5,0.00038695335388183594,0.1894829273223877,0.00010204315185546875,5,27,9870.933718591248,OPTIMAL
16,zhuzhou_n15_p16_sc1_seed49_ms10,false,15,16,1,49,8,10,6,0.00038886070251464844,0.4002869129180908,9.799003601074219e-5,3,30,9870.933718591248,OPTIMAL
16,zhuzhou_n15_p16_sc1_seed49_ms10,false,15,16,1,49,8,10,7,0.0003349781036376953,0.3632190227508545,0.1097249984741211,3,33,9870.933718591248,OPTIMAL
16,zhuzhou_n15_p16_sc1_seed49_ms10,false,15,16,1,49,8,10,8,0.0003390312194824219,0.19095492362976074,7.987022399902344e-5,2,35,9670.933718591246,OPTIMAL
16,zhuzhou_n15_p16_sc1_seed49_ms10,false,15,16,1,49,8,10,9,0.000308990478515625,0.14876604080200195,7.700920104980469e-5,1,36,9670.933718591246,OPTIMAL
16,zhuzhou_n15_p16_sc1_seed49_ms10,false,15,16,1,49,8,10,10,0.00041484832763671875,0.12656688690185547,0.0,0,36,9670.933718591246,OPTIMAL
15,zhuzhou_n15_p16_sc1_seed49_ms10,true,15,16,1,49,8,10,1,0.435837984085083,4.593717098236084,0.0002219676971435547,5,5,9870.933718591248,OPTIMAL
15,zhuzhou_n15_p16_sc1_seed49_ms10,true,15,16,1,49,8,10,2,0.0003898143768310547,0.3852400779724121,0.06722497940063477,5,10,9870.933718591248,OPTIMAL
15,zhuzhou_n15_p16_sc1_seed49_ms10,true,15,16,1,49,8,10,3,0.0003712177276611328,0.21698403358459473,0.00018405914306640625,5,15,9870.933718591248,OPTIMAL
15,zhuzhou_n15_p16_sc1_seed49_ms10,true,15,16,1,49,8,10,4,0.0005078315734863281,0.17791199684143066,0.00013399124145507812,5,20,9870.933718591248,OPTIMAL
15,zhuzhou_n15_p16_sc1_seed49_ms10,true,15,16,1,49,8,10,5,0.0004069805145263672,0.18619298934936523,0.00013494491577148438,5,25,9870.933718591248,OPTIMAL
15,zhuzhou_n15_p16_sc1_seed49_ms10,true,15,16,1,49,8,10,6,0.00045108795166015625,0.18369293212890625,0.00016617774963378906,3,28,9870.933718591248,OPTIMAL
15,zhuzhou_n15_p16_sc1_seed49_ms10,true,15,16,1,49,8,10,7,0.0004551410675048828,0.44695210456848145,0.13653206825256348,3,31,9870.933718591248,OPTIMAL
15,zhuzhou_n15_p16_sc1_seed49_ms10,true,15,16,1,49,8,10,8,0.00039696693420410156,0.2632410526275635,0.00013303756713867188,2,33,9670.933718591246,OPTIMAL
15,zhuzhou_n15_p16_sc1_seed49_ms10,true,15,16,1,49,8,10,9,0.0004570484161376953,0.17865896224975586,0.00010514259338378906,1,34,9670.933718591246,OPTIMAL
15,zhuzhou_n15_p16_sc1_seed49_ms10,true,15,16,1,49,8,10,10,0.00047898292541503906,0.16493701934814453,0.0,0,34,9670.933718591246,OPTIMAL
18,zhuzhou_n15_p16_sc1_seed50_ms10,false,15,16,1,50,8,10,1,0.4029560089111328,5.421874046325684,0.07251691818237305,36,36,14176.294768832682,OPTIMAL
18,zhuzhou_n15_p16_sc1_seed50_ms10,false,15,16,1,50,8,10,2,0.0004780292510986328,2.2650458812713623,0.13401293754577637,29,65,14176.294768832682,OPTIMAL
18,zhuzhou_n15_p16_sc1_seed50_ms10,false,15,16,1,50,8,10,3,0.00047707557678222656,2.8058888912200928,0.1618499755859375,23,88,14176.294768832682,OPTIMAL
18,zhuzhou_n15_p16_sc1_seed50_ms10,false,15,16,1,50,8,10,4,0.0004379749298095703,2.50209903717041,0.0600738525390625,22,110,14176.294768832682,OPTIMAL
18,zhuzhou_n15_p16_sc1_seed50_ms10,false,15,16,1,50,8,10,5,0.0005061626434326172,2.0318570137023926,0.0002040863037109375,8,118,13709.417124363334,OPTIMAL
18,zhuzhou_n15_p16_sc1_seed50_ms10,false,15,16,1,50,8,10,6,0.0005290508270263672,1.8336310386657715,0.0001609325408935547,5,123,13709.417124363334,OPTIMAL
18,zhuzhou_n15_p16_sc1_seed50_ms10,false,15,16,1,50,8,10,7,0.0005629062652587891,2.2736709117889404,0.0003039836883544922,7,130,13709.417124363334,OPTIMAL
18,zhuzhou_n15_p16_sc1_seed50_ms10,false,15,16,1,50,8,10,8,0.0009241104125976562,2.2479639053344727,0.00024509429931640625,5,135,13709.417124363334,OPTIMAL
18,zhuzhou_n15_p16_sc1_seed50_ms10,false,15,16,1,50,8,10,9,0.0006220340728759766,2.256716012954712,0.0001919269561767578,5,140,13709.417124363334,OPTIMAL
18,zhuzhou_n15_p16_sc1_seed50_ms10,false,15,16,1,50,8,10,10,0.0005679130554199219,2.3638110160827637,0.00021314620971679688,4,144,13709.417124363334,OPTIMAL
18,zhuzhou_n15_p16_sc1_seed50_ms10,false,15,16,1,50,8,10,11,0.0006539821624755859,2.1038031578063965,0.00017499923706054688,4,148,13709.417124363334,OPTIMAL
18,zhuzhou_n15_p16_sc1_seed50_ms10,false,15,16,1,50,8,10,12,0.0005259513854980469,2.1307790279388428,0.0,0,148,12376.217471627902,OPTIMAL
17,zhuzhou_n15_p16_sc1_seed50_ms10,true,15,16,1,50,8,10,1,0.3455679416656494,4.430426120758057,0.05548906326293945,31,31,14176.294768832682,OPTIMAL
17,zhuzhou_n15_p16_sc1_seed50_ms10,true,15,16,1,50,8,10,2,0.00042700767517089844,1.672313928604126,0.12106204032897949,23,54,14176.294768832682,OPTIMAL
17,zhuzhou_n15_p16_sc1_seed50_ms10,true,15,16,1,50,8,10,3,0.00038909912109375,1.737677812576294,0.13796210289001465,17,71,14176.294768832682,OPTIMAL
17,zhuzhou_n15_p16_sc1_seed50_ms10,true,15,16,1,50,8,10,4,0.00038504600524902344,1.8271751403808594,0.05037689208984375,16,87,14176.294768832682,OPTIMAL
17,zhuzhou_n15_p16_sc1_seed50_ms10,true,15,16,1,50,8,10,5,0.0004601478576660156,1.2337148189544678,0.0001971721649169922,6,93,13789.340632650772,OPTIMAL
17,zhuzhou_n15_p16_sc1_seed50_ms10,true,15,16,1,50,8,10,6,0.0005078315734863281,1.266662836074829,0.00019407272338867188,7,100,13789.340632650772,OPTIMAL
17,zhuzhou_n15_p16_sc1_seed50_ms10,true,15,16,1,50,8,10,7,0.0005619525909423828,1.2755050659179688,0.0001850128173828125,5,105,13789.340632650772,OPTIMAL
17,zhuzhou_n15_p16_sc1_seed50_ms10,true,15,16,1,50,8,10,8,0.0005819797515869141,1.4750711917877197,0.00016188621520996094,3,108,13789.340632650772,OPTIMAL
17,zhuzhou_n15_p16_sc1_seed50_ms10,true,15,16,1,50,8,10,9,0.0004961490631103516,1.1477389335632324,0.00015091896057128906,3,111,13475.802099024073,OPTIMAL
17,zhuzhou_n15_p16_sc1_seed50_ms10,true,15,16,1,50,8,10,10,0.0004429817199707031,1.1292791366577148,0.00015401840209960938,5,116,13475.802099024073,OPTIMAL
17,zhuzhou_n15_p16_sc1_seed50_ms10,true,15,16,1,50,8,10,11,0.0004909038543701172,1.0880498886108398,0.00013303756713867188,3,119,13475.802099024073,OPTIMAL
17,zhuzhou_n15_p16_sc1_seed50_ms10,true,15,16,1,50,8,10,12,0.0005810260772705078,1.4274241924285889,0.00013184547424316406,2,121,13475.802099024073,OPTIMAL
17,zhuzhou_n15_p16_sc1_seed50_ms10,true,15,16,1,50,8,10,13,0.0005137920379638672,1.1996970176696777,0.00018978118896484375,2,123,13475.802099024073,OPTIMAL
17,zhuzhou_n15_p16_sc1_seed50_ms10,true,15,16,1,50,8,10,14,0.0009870529174804688,1.2059710025787354,0.00010991096496582031,1,124,13475.802099024073,OPTIMAL
17,zhuzhou_n15_p16_sc1_seed50_ms10,true,15,16,1,50,8,10,15,0.0005919933319091797,1.2264351844787598,0.00010895729064941406,1,125,13475.802099024073,OPTIMAL
17,zhuzhou_n15_p16_sc1_seed50_ms10,true,15,16,1,50,8,10,16,0.0005919933319091797,1.4642930030822754,0.00011396408081054688,1,126,13475.802099024073,OPTIMAL
17,zhuzhou_n15_p16_sc1_seed50_ms10,true,15,16,1,50,8,10,17,0.0005540847778320312,0.8421280384063721,9.107589721679688e-5,1,127,12376.217471627902,OPTIMAL
17,zhuzhou_n15_p16_sc1_seed50_ms10,true,15,16,1,50,8,10,18,0.0004489421844482422,0.8200340270996094,0.0,0,127,12376.217471627902,OPTIMAL
20,zhuzhou_n15_p16_sc1_seed51_ms10,false,15,16,1,51,8,10,1,0.35211706161499023,4.904619932174683,0.3108551502227783,953,953,20126.814368967425,OPTIMAL
20,zhuzhou_n15_p16_sc1_seed51_ms10,false,15,16,1,51,8,10,2,0.0017430782318115234,2.5526678562164307,0.17245697975158691,2015,2968,19926.814368967425,OPTIMAL
20,zhuzhou_n15_p16_sc1_seed51_ms10,false,15,16,1,51,8,10,3,0.004915952682495117,1.880403995513916,0.1055150032043457,918,3886,17548.208074918482,OPTIMAL
20,zhuzhou_n15_p16_sc1_seed51_ms10,false,15,16,1,51,8,10,4,0.004985809326171875,1.4258990287780762,0.019216060638427734,788,4674,14940.20318074796,OPTIMAL
20,zhuzhou_n15_p16_sc1_seed51_ms10,false,15,16,1,51,8,10,5,0.00515294075012207,1.1702289581298828,0.08446002006530762,90,4764,13497.801114251977,OPTIMAL
20,zhuzhou_n15_p16_sc1_seed51_ms10,false,15,16,1,51,8,10,6,0.003038167953491211,0.5083909034729004,0.00035309791564941406,6,4770,11372.254368967426,OPTIMAL
20,zhuzhou_n15_p16_sc1_seed51_ms10,false,15,16,1,51,8,10,7,0.002866983413696289,0.7036240100860596,0.0002510547637939453,4,4774,11372.254368967426,OPTIMAL
20,zhuzhou_n15_p16_sc1_seed51_ms10,false,15,16,1,51,8,10,8,0.002897024154663086,0.43236708641052246,0.00023889541625976562,2,4776,11372.254368967426,OPTIMAL
20,zhuzhou_n15_p16_sc1_seed51_ms10,false,15,16,1,51,8,10,9,0.002067089080810547,0.456341028213501,0.0001838207244873047,2,4778,11372.254368967426,OPTIMAL
20,zhuzhou_n15_p16_sc1_seed51_ms10,false,15,16,1,51,8,10,10,0.0031099319458007812,0.43569111824035645,0.0,0,4778,11372.254368967426,OPTIMAL
19,zhuzhou_n15_p16_sc1_seed51_ms10,true,15,16,1,51,8,10,1,0.3508028984069824,4.598313093185425,0.2808079719543457,628,628,20126.814368967425,OPTIMAL
19,zhuzhou_n15_p16_sc1_seed51_ms10,true,15,16,1,51,8,10,2,0.0012848377227783203,1.5509889125823975,0.17915606498718262,1194,1822,19926.814368967425,OPTIMAL
19,zhuzhou_n15_p16_sc1_seed51_ms10,true,15,16,1,51,8,10,3,0.0032100677490234375,0.9898629188537598,0.08576512336730957,473,2295,17548.208074918482,OPTIMAL
19,zhuzhou_n15_p16_sc1_seed51_ms10,true,15,16,1,51,8,10,4,0.0027511119842529297,0.9296360015869141,0.010766983032226562,404,2699,14940.20318074796,OPTIMAL
19,zhuzhou_n15_p16_sc1_seed51_ms10,true,15,16,1,51,8,10,5,0.003222942352294922,0.8918490409851074,0.07690906524658203,61,2760,13497.801114251975,OPTIMAL
19,zhuzhou_n15_p16_sc1_seed51_ms10,true,15,16,1,51,8,10,6,0.0021369457244873047,0.2182919979095459,0.00018215179443359375,4,2764,11372.254368967426,OPTIMAL
19,zhuzhou_n15_p16_sc1_seed51_ms10,true,15,16,1,51,8,10,7,0.0019519329071044922,0.1533958911895752,0.00017690658569335938,4,2768,11372.254368967426,OPTIMAL
19,zhuzhou_n15_p16_sc1_seed51_ms10,true,15,16,1,51,8,10,8,0.0015039443969726562,0.1556541919708252,0.0001938343048095703,4,2772,11372.254368967426,OPTIMAL
19,zhuzhou_n15_p16_sc1_seed51_ms10,true,15,16,1,51,8,10,9,0.0017709732055664062,0.1665952205657959,0.0,0,2772,11372.254368967426,OPTIMAL
22,zhuzhou_n20_p16_sc1_seed42_ms10,false,20,16,1,42,10,10,1,0.6309168338775635,119.12724995613098,0.6825661659240723,6504,6504,18461.206600978694,OPTIMAL
22,zhuzhou_n20_p16_sc1_seed42_ms10,false,20,16,1,42,10,10,2,0.01474308967590332,244.78701400756836,0.7174170017242432,8461,14965,18461.206600978694,OPTIMAL
22,zhuzhou_n20_p16_sc1_seed42_ms10,false,20,16,1,42,10,10,3,0.027814865112304688,73.7110641002655,0.0052928924560546875,54,15019,14235.126600978696,OPTIMAL
22,zhuzhou_n20_p16_sc1_seed42_ms10,false,20,16,1,42,10,10,4,0.014918088912963867,82.04036378860474,0.004358053207397461,40,15059,14163.533591267369,OPTIMAL
22,zhuzhou_n20_p16_sc1_seed42_ms10,false,20,16,1,42,10,10,5,0.014247894287109375,107.22254800796509,0.003242969512939453,23,15082,14163.533591267369,OPTIMAL
22,zhuzhou_n20_p16_sc1_seed42_ms10,false,20,16,1,42,10,10,6,0.010750055313110352,79.04483604431152,0.0015728473663330078,6,15088,13934.482245575844,OPTIMAL
22,zhuzhou_n20_p16_sc1_seed42_ms10,false,20,16,1,42,10,10,7,0.01065683364868164,87.76465702056885,0.0,0,15088,13934.482245575844,OPTIMAL
21,zhuzhou_n20_p16_sc1_seed42_ms10,true,20,16,1,42,10,10,1,0.36397600173950195,60.51129508018494,0.3402681350708008,4192,4192,18461.206600978694,OPTIMAL
21,zhuzhou_n20_p16_sc1_seed42_ms10,true,20,16,1,42,10,10,2,0.008506059646606445,74.77664399147034,0.330859899520874,5705,9897,18461.206600978694,OPTIMAL
21,zhuzhou_n20_p16_sc1_seed42_ms10,true,20,16,1,42,10,10,3,0.017033815383911133,71.15406489372253,0.6124310493469238,2292,12189,17351.02149273992,OPTIMAL
21,zhuzhou_n20_p16_sc1_seed42_ms10,true,20,16,1,42,10,10,4,0.01378488540649414,75.76687002182007,0.004029035568237305,45,12234,14235.126600978696,OPTIMAL
21,zhuzhou_n20_p16_sc1_seed42_ms10,true,20,16,1,42,10,10,5,0.010818958282470703,70.44088196754456,0.0015170574188232422,9,12243,14163.533591267369,OPTIMAL
21,zhuzhou_n20_p16_sc1_seed42_ms10,true,20,16,1,42,10,10,6,0.01025390625,67.16904902458191,0.00150299072265625,6,12249,14163.533591267369,OPTIMAL
21,zhuzhou_n20_p16_sc1_seed42_ms10,true,20,16,1,42,10,10,7,0.009533166885375977,63.599947929382324,0.000990152359008789,2,12251,14091.564757963391,OPTIMAL
21,zhuzhou_n20_p16_sc1_seed42_ms10,true,20,16,1,42,10,10,8,0.008855104446411133,59.401939153671265,0.0007719993591308594,1,12252,13934.482245575844,OPTIMAL
21,zhuzhou_n20_p16_sc1_seed42_ms10,true,20,16,1,42,10,10,9,0.0075681209564208984,59.26787281036377,0.0007932186126708984,1,12253,13934.482245575844,OPTIMAL
21,zhuzhou_n20_p16_sc1_seed42_ms10,true,20,16,1,42,10,10,10,0.008767127990722656,63.09950494766235,0.0,0,12253,13934.482245575844,OPTIMAL
24,zhuzhou_n20_p16_sc1_seed43_ms10,false,20,16,1,43,10,10,1,0.7957561016082764,22.91088080406189,0.494081974029541,3953,3953,16238.72606630862,OPTIMAL
24,zhuzhou_n20_p16_sc1_seed43_ms10,false,20,16,1,43,10,10,2,0.010107040405273438,25.195378065109253,0.565532922744751,6017,9970,16238.72606630862,OPTIMAL
24,zhuzhou_n20_p16_sc1_seed43_ms10,false,20,16,1,43,10,10,3,0.028640031814575195,19.35315203666687,0.7280230522155762,6087,16057,16150.142516907094,OPTIMAL
24,zhuzhou_n20_p16_sc1_seed43_ms10,false,20,16,1,43,10,10,4,0.02587413787841797,17.727041959762573,0.30341410636901855,2275,18332,14374.510106733524,OPTIMAL
24,zhuzhou_n20_p16_sc1_seed43_ms10,false,20,16,1,43,10,10,5,0.02441692352294922,15.218351125717163,0.17351984977722168,1778,20110,13904.13230861403,OPTIMAL
24,zhuzhou_n20_p16_sc1_seed43_ms10,false,20,16,1,43,10,10,6,0.02240896224975586,18.021069049835205,0.11265301704406738,769,20879,12924.872154522322,OPTIMAL
24,zhuzhou_n20_p16_sc1_seed43_ms10,false,20,16,1,43,10,10,7,0.022456884384155273,18.648263931274414,0.13399600982666016,955,21834,12924.872154522322,OPTIMAL
24,zhuzhou_n20_p16_sc1_seed43_ms10,false,20,16,1,43,10,10,8,0.027202844619750977,15.123347997665405,0.04525399208068848,302,22136,12495.958923431088,OPTIMAL
24,zhuzhou_n20_p16_sc1_seed43_ms10,false,20,16,1,43,10,10,9,0.01989293098449707,7.230780839920044,0.0023250579833984375,5,22141,11626.13677340019,OPTIMAL
24,zhuzhou_n20_p16_sc1_seed43_ms10,false,20,16,1,43,10,10,10,0.025701045989990234,7.57702898979187,0.001232147216796875,3,22144,11626.13677340019,OPTIMAL
24,zhuzhou_n20_p16_sc1_seed43_ms10,false,20,16,1,43,10,10,11,0.019078969955444336,7.183851003646851,0.0010879039764404297,3,22147,11626.13677340019,OPTIMAL
24,zhuzhou_n20_p16_sc1_seed43_ms10,false,20,16,1,43,10,10,12,0.021867990493774414,7.8387041091918945,0.0011758804321289062,3,22150,11626.13677340019,OPTIMAL
24,zhuzhou_n20_p16_sc1_seed43_ms10,false,20,16,1,43,10,10,13,0.015885114669799805,7.755293846130371,0.0012631416320800781,3,22153,11626.13677340019,OPTIMAL
24,zhuzhou_n20_p16_sc1_seed43_ms10,false,20,16,1,43,10,10,14,0.018390893936157227,5.802534103393555,0.00045490264892578125,1,22154,11376.49562514407,OPTIMAL
24,zhuzhou_n20_p16_sc1_seed43_ms10,false,20,16,1,43,10,10,15,0.017062902450561523,5.979069948196411,0.0005409717559814453,1,22155,11376.49562514407,OPTIMAL
24,zhuzhou_n20_p16_sc1_seed43_ms10,false,20,16,1,43,10,10,16,0.02013707160949707,5.735615015029907,0.0005040168762207031,1,22156,11376.49562514407,OPTIMAL
24,zhuzhou_n20_p16_sc1_seed43_ms10,false,20,16,1,43,10,10,17,0.017818927764892578,6.437633037567139,0.0005078315734863281,1,22157,11376.49562514407,OPTIMAL
24,zhuzhou_n20_p16_sc1_seed43_ms10,false,20,16,1,43,10,10,18,0.022103071212768555,6.678537130355835,0.0005249977111816406,1,22158,11376.49562514407,OPTIMAL
24,zhuzhou_n20_p16_sc1_seed43_ms10,false,20,16,1,43,10,10,19,0.01748204231262207,6.325375080108643,0.0014128684997558594,1,22159,11376.49562514407,OPTIMAL
24,zhuzhou_n20_p16_sc1_seed43_ms10,false,20,16,1,43,10,10,20,0.02338719367980957,6.240128993988037,0.0006189346313476562,1,22160,11376.49562514407,OPTIMAL
24,zhuzhou_n20_p16_sc1_seed43_ms10,false,20,16,1,43,10,10,21,0.021097898483276367,6.1618499755859375,0.0005888938903808594,1,22161,11376.49562514407,OPTIMAL
24,zhuzhou_n20_p16_sc1_seed43_ms10,false,20,16,1,43,10,10,22,0.02042388916015625,6.479851007461548,0.0005669593811035156,1,22162,11376.49562514407,OPTIMAL
24,zhuzhou_n20_p16_sc1_seed43_ms10,false,20,16,1,43,10,10,23,0.019294023513793945,5.996335029602051,0.0,0,22162,11376.49562514407,OPTIMAL
23,zhuzhou_n20_p16_sc1_seed43_ms10,true,20,16,1,43,10,10,1,0.483767032623291,24.425872087478638,0.443187952041626,1647,1647,16238.72606630862,OPTIMAL
23,zhuzhou_n20_p16_sc1_seed43_ms10,true,20,16,1,43,10,10,2,0.0036690235137939453,28.932219982147217,0.2226569652557373,2348,3995,16238.72606630862,OPTIMAL
23,zhuzhou_n20_p16_sc1_seed43_ms10,true,20,16,1,43,10,10,3,0.007614850997924805,20.54468297958374,0.06684589385986328,2149,6144,16150.142516907094,OPTIMAL
23,zhuzhou_n20_p16_sc1_seed43_ms10,true,20,16,1,43,10,10,4,0.009444952011108398,29.742638111114502,0.21813392639160156,1071,7215,14374.510106733525,OPTIMAL
23,zhuzhou_n20_p16_sc1_seed43_ms10,true,20,16,1,43,10,10,5,0.006814002990722656,22.40648889541626,0.06075406074523926,1143,8358,13904.13230861403,OPTIMAL
23,zhuzhou_n20_p16_sc1_seed43_ms10,true,20,16,1,43,10,10,6,0.01069188117980957,27.277029037475586,0.03281092643737793,617,8975,12833.89600789611,OPTIMAL
23,zhuzhou_n20_p16_sc1_seed43_ms10,true,20,16,1,43,10,10,7,0.008157014846801758,30.1218159198761,0.04788994789123535,853,9828,12833.89600789611,OPTIMAL
23,zhuzhou_n20_p16_sc1_seed43_ms10,true,20,16,1,43,10,10,8,0.01115107536315918,24.600735187530518,0.022279977798461914,366,10194,12485.663329272407,OPTIMAL
23,zhuzhou_n20_p16_sc1_seed43_ms10,true,20,16,1,43,10,10,9,0.006734132766723633,16.359325885772705,0.00257110595703125,30,10224,11626.13677340019,OPTIMAL
23,zhuzhou_n20_p16_sc1_seed43_ms10,true,20,16,1,43,10,10,10,0.007358074188232422,13.27963900566101,0.0004849433898925781,7,10231,11626.13677340019,OPTIMAL
23,zhuzhou_n20_p16_sc1_seed43_ms10,true,20,16,1,43,10,10,11,0.00589299201965332,11.232145071029663,0.0004668235778808594,4,10235,11626.13677340019,OPTIMAL
23,zhuzhou_n20_p16_sc1_seed43_ms10,true,20,16,1,43,10,10,12,0.006509065628051758,15.855727195739746,0.0005059242248535156,4,10239,11626.13677340019,OPTIMAL
23,zhuzhou_n20_p16_sc1_seed43_ms10,true,20,16,1,43,10,10,13,0.006247997283935547,12.771457195281982,0.0004379749298095703,4,10243,11626.13677340019,OPTIMAL
23,zhuzhou_n20_p16_sc1_seed43_ms10,true,20,16,1,43,10,10,14,0.005221843719482422,12.978673934936523,0.0010750293731689453,4,10247,11626.13677340019,OPTIMAL
23,zhuzhou_n20_p16_sc1_seed43_ms10,true,20,16,1,43,10,10,15,0.008067846298217773,15.972470045089722,0.0,0,10247,11376.49562514407,OPTIMAL
26,zhuzhou_n20_p16_sc1_seed44_ms10,false,20,16,1,44,10,10,1,0.3887138366699219,32.6327109336853,0.44692087173461914,1552,1552,14263.927367188688,OPTIMAL
26,zhuzhou_n20_p16_sc1_seed44_ms10,false,20,16,1,44,10,10,2,0.004437923431396484,29.406466960906982,0.2815549373626709,1505,3057,14263.927367188688,OPTIMAL
26,zhuzhou_n20_p16_sc1_seed44_ms10,false,20,16,1,44,10,10,3,0.0063190460205078125,47.54629182815552,0.15239500999450684,2357,5414,14069.489865013995,OPTIMAL
26,zhuzhou_n20_p16_sc1_seed44_ms10,false,20,16,1,44,10,10,4,0.011833906173706055,16.874465942382812,0.0003840923309326172,5,5419,11243.173960399108,OPTIMAL
26,zhuzhou_n20_p16_sc1_seed44_ms10,false,20,16,1,44,10,10,5,0.005460023880004883,19.462256908416748,0.0005130767822265625,4,5423,11243.173960399108,OPTIMAL
26,zhuzhou_n20_p16_sc1_seed44_ms10,false,20,16,1,44,10,10,6,0.005301952362060547,13.87325406074524,0.0003948211669921875,1,5424,10832.580475577786,OPTIMAL
26,zhuzhou_n20_p16_sc1_seed44_ms10,false,20,16,1,44,10,10,7,0.00777888298034668,13.479158878326416,0.00022912025451660156,1,5425,10832.580475577786,OPTIMAL
26,zhuzhou_n20_p16_sc1_seed44_ms10,false,20,16,1,44,10,10,8,0.005347013473510742,13.8973069190979,0.0,0,5425,10832.580475577786,OPTIMAL
25,zhuzhou_n20_p16_sc1_seed44_ms10,true,20,16,1,44,10,10,1,0.3808889389038086,18.513236045837402,0.49622392654418945,1265,1265,14263.927367188688,OPTIMAL
25,zhuzhou_n20_p16_sc1_seed44_ms10,true,20,16,1,44,10,10,2,0.002835988998413086,14.105484962463379,0.28644609451293945,1233,2498,14263.927367188688,OPTIMAL
25,zhuzhou_n20_p16_sc1_seed44_ms10,true,20,16,1,44,10,10,3,0.0058820247650146484,19.358433961868286,0.09758996963500977,1605,4103,14069.489865013995,OPTIMAL
25,zhuzhou_n20_p16_sc1_seed44_ms10,true,20,16,1,44,10,10,4,0.006946086883544922,10.058409929275513,0.0006110668182373047,5,4108,11243.173960399108,OPTIMAL
25,zhuzhou_n20_p16_sc1_seed44_ms10,true,20,16,1,44,10,10,5,0.004839897155761719,10.395623922348022,0.00047087669372558594,4,4112,11243.173960399108,OPTIMAL
25,zhuzhou_n20_p16_sc1_seed44_ms10,true,20,16,1,44,10,10,6,0.0047550201416015625,8.164216995239258,0.0001990795135498047,1,4113,10832.580475577786,OPTIMAL
25,zhuzhou_n20_p16_sc1_seed44_ms10,true,20,16,1,44,10,10,7,0.003476858139038086,8.102520942687988,0.00017595291137695312,1,4114,10832.580475577786,OPTIMAL
25,zhuzhou_n20_p16_sc1_seed44_ms10,true,20,16,1,44,10,10,8,0.0037698745727539062,8.914208173751831,0.0,0,4114,10832.580475577786,OPTIMAL
28,zhuzhou_n20_p16_sc1_seed45_ms10,false,20,16,1,45,10,10,1,0.5190560817718506,13.376759052276611,0.4808471202850342,2611,2611,19769.61972633788,OPTIMAL
28,zhuzhou_n20_p16_sc1_seed45_ms10,false,20,16,1,45,10,10,2,0.00551605224609375,16.393912076950073,0.29868006706237793,5677,8288,19569.619726337878,OPTIMAL
28,zhuzhou_n20_p16_sc1_seed45_ms10,false,20,16,1,45,10,10,3,0.032768964767456055,8.868888854980469,0.05133414268493652,1670,9958,17530.579726337877,OPTIMAL
28,zhuzhou_n20_p16_sc1_seed45_ms10,false,20,16,1,45,10,10,4,0.012156009674072266,10.305634021759033,0.1599888801574707,1066,11024,16592.58879106559,OPTIMAL
28,zhuzhou_n20_p16_sc1_seed45_ms10,false,20,16,1,45,10,10,5,0.011755943298339844,3.577907085418701,0.0007669925689697266,12,11036,14012.412728826208,OPTIMAL
28,zhuzhou_n20_p16_sc1_seed45_ms10,false,20,16,1,45,10,10,6,0.006935834884643555,3.2350220680236816,0.0,0,11036,14012.412728826208,OPTIMAL
27,zhuzhou_n20_p16_sc1_seed45_ms10,true,20,16,1,45,10,10,1,0.45777201652526855,9.777533054351807,0.39036083221435547,1659,1659,19769.61972633788,OPTIMAL
27,zhuzhou_n20_p16_sc1_seed45_ms10,true,20,16,1,45,10,10,2,0.003222942352294922,9.63958215713501,0.24480795860290527,3217,4876,19569.619726337878,OPTIMAL
27,zhuzhou_n20_p16_sc1_seed45_ms10,true,20,16,1,45,10,10,3,0.009758949279785156,5.8255369663238525,0.025876998901367188,1167,6043,17530.579726337877,OPTIMAL
27,zhuzhou_n20_p16_sc1_seed45_ms10,true,20,16,1,45,10,10,4,0.006822109222412109,8.25204586982727,0.11898517608642578,1108,7151,16592.58879106559,OPTIMAL
27,zhuzhou_n20_p16_sc1_seed45_ms10,true,20,16,1,45,10,10,5,0.008772134780883789,2.5918891429901123,0.0005428791046142578,10,7161,14012.412728826208,OPTIMAL
27,zhuzhou_n20_p16_sc1_seed45_ms10,true,20,16,1,45,10,10,6,0.006027936935424805,2.4025211334228516,0.0,0,7161,14012.412728826208,OPTIMAL
30,zhuzhou_n20_p16_sc1_seed46_ms10,false,20,16,1,46,10,10,1,0.4625968933105469,38.509891986846924,0.6605420112609863,4199,4199,17293.774256723424,OPTIMAL
30,zhuzhou_n20_p16_sc1_seed46_ms10,false,20,16,1,46,10,10,2,0.013348102569580078,35.69344401359558,0.21972012519836426,3992,8191,17293.774256723424,OPTIMAL
30,zhuzhou_n20_p16_sc1_seed46_ms10,false,20,16,1,46,10,10,3,0.015763044357299805,35.309507846832275,0.4514729976654053,4459,12650,17293.774256723424,OPTIMAL
30,zhuzhou_n20_p16_sc1_seed46_ms10,false,20,16,1,46,10,10,4,0.023339033126831055,36.582468032836914,0.1984238624572754,2672,15322,16143.886815125272,OPTIMAL
30,zhuzhou_n20_p16_sc1_seed46_ms10,false,20,16,1,46,10,10,5,0.027395963668823242,27.072840929031372,0.06799697875976562,600,15922,15033.248642142205,OPTIMAL
30,zhuzhou_n20_p16_sc1_seed46_ms10,false,20,16,1,46,10,10,6,0.019366979598999023,24.69302487373352,0.03436398506164551,263,16185,14025.185423195753,OPTIMAL
30,zhuzhou_n20_p16_sc1_seed46_ms10,false,20,16,1,46,10,10,7,0.020470857620239258,20.294107913970947,0.028199195861816406,234,16419,14025.185423195753,OPTIMAL
30,zhuzhou_n20_p16_sc1_seed46_ms10,false,20,16,1,46,10,10,8,0.02020096778869629,21.42017102241516,0.016456127166748047,143,16562,13505.177605082254,OPTIMAL
30,zhuzhou_n20_p16_sc1_seed46_ms10,false,20,16,1,46,10,10,9,0.01407003402709961,17.23786687850952,0.011780977249145508,92,16654,13505.177605082254,OPTIMAL
30,zhuzhou_n20_p16_sc1_seed46_ms10,false,20,16,1,46,10,10,10,0.021260976791381836,21.74203586578369,0.1420609951019287,138,16792,13505.177605082255,OPTIMAL
30,zhuzhou_n20_p16_sc1_seed46_ms10,false,20,16,1,46,10,10,11,0.017572879791259766,9.567816972732544,0.0008289813995361328,3,16795,12109.8581174773,OPTIMAL
30,zhuzhou_n20_p16_sc1_seed46_ms10,false,20,16,1,46,10,10,12,0.015064001083374023,11.010633945465088,0.0004229545593261719,1,16796,12109.8581174773,OPTIMAL
30,zhuzhou_n20_p16_sc1_seed46_ms10,false,20,16,1,46,10,10,13,0.014032840728759766,11.054356813430786,0.0004961490631103516,1,16797,12109.8581174773,OPTIMAL
30,zhuzhou_n20_p16_sc1_seed46_ms10,false,20,16,1,46,10,10,14,0.013264894485473633,10.595993041992188,0.0,0,16797,12109.8581174773,OPTIMAL
29,zhuzhou_n20_p16_sc1_seed46_ms10,true,20,16,1,46,10,10,1,0.4043459892272949,24.992398977279663,0.527083158493042,2594,2594,17293.774256723424,OPTIMAL
29,zhuzhou_n20_p16_sc1_seed46_ms10,true,20,16,1,46,10,10,2,0.0068569183349609375,15.208641052246094,0.1106410026550293,1891,4485,17293.774256723424,OPTIMAL
29,zhuzhou_n20_p16_sc1_seed46_ms10,true,20,16,1,46,10,10,3,0.00654292106628418,21.15120506286621,0.22327303886413574,2921,7406,17293.774256723424,OPTIMAL
29,zhuzhou_n20_p16_sc1_seed46_ms10,true,20,16,1,46,10,10,4,0.0126800537109375,14.993014097213745,0.15929603576660156,1956,9362,16143.886815125272,OPTIMAL
29,zhuzhou_n20_p16_sc1_seed46_ms10,true,20,16,1,46,10,10,5,0.013170003890991211,15.769854068756104,0.008738040924072266,180,9542,14352.33749240392,OPTIMAL
29,zhuzhou_n20_p16_sc1_seed46_ms10,true,20,16,1,46,10,10,6,0.010416984558105469,19.411010026931763,0.00975489616394043,155,9697,14237.928596340109,OPTIMAL
29,zhuzhou_n20_p16_sc1_seed46_ms10,true,20,16,1,46,10,10,7,0.008507013320922852,18.432528972625732,0.006074190139770508,83,9780,13942.615321026005,OPTIMAL
29,zhuzhou_n20_p16_sc1_seed46_ms10,true,20,16,1,46,10,10,8,0.011036872863769531,15.91593599319458,0.0037660598754882812,56,9836,13822.947455362506,OPTIMAL
29,zhuzhou_n20_p16_sc1_seed46_ms10,true,20,16,1,46,10,10,9,0.011232852935791016,17.085717916488647,0.002198934555053711,32,9868,13556.796745032005,OPTIMAL
29,zhuzhou_n20_p16_sc1_seed46_ms10,true,20,16,1,46,10,10,10,0.008506059646606445,16.014732122421265,0.004601001739501953,55,9923,13463.94385837201,OPTIMAL
29,zhuzhou_n20_p16_sc1_seed46_ms10,true,20,16,1,46,10,10,11,0.011426925659179688,10.317400932312012,0.0007679462432861328,9,9932,12109.8581174773,OPTIMAL
29,zhuzhou_n20_p16_sc1_seed46_ms10,true,20,16,1,46,10,10,12,0.00834202766418457,12.989701986312866,0.0007560253143310547,6,9938,12109.8581174773,OPTIMAL
29,zhuzhou_n20_p16_sc1_seed46_ms10,true,20,16,1,46,10,10,13,0.009662151336669922,13.761820077896118,0.0010638236999511719,4,9942,12109.8581174773,OPTIMAL
29,zhuzhou_n20_p16_sc1_seed46_ms10,true,20,16,1,46,10,10,14,0.015500068664550781,13.844187021255493,0.0005409717559814453,3,9945,12109.8581174773,OPTIMAL
29,zhuzhou_n20_p16_sc1_seed46_ms10,true,20,16,1,46,10,10,15,0.006841897964477539,13.090764045715332,0.0004439353942871094,3,9948,12109.8581174773,OPTIMAL
29,zhuzhou_n20_p16_sc1_seed46_ms10,true,20,16,1,46,10,10,16,0.007921934127807617,12.633085012435913,0.0,0,9948,12109.8581174773,OPTIMAL
32,zhuzhou_n20_p16_sc1_seed47_ms10,false,20,16,1,47,10,10,1,0.570465087890625,20.817348957061768,0.4152200222015381,1899,1899,14308.558311783065,OPTIMAL
32,zhuzhou_n20_p16_sc1_seed47_ms10,false,20,16,1,47,10,10,2,0.004636049270629883,26.417356967926025,0.5802628993988037,2407,4306,14308.558311783065,OPTIMAL
32,zhuzhou_n20_p16_sc1_seed47_ms10,false,20,16,1,47,10,10,3,0.01062917709350586,20.239686965942383,0.07806801795959473,1466,5772,13441.930581961313,OPTIMAL
32,zhuzhou_n20_p16_sc1_seed47_ms10,false,20,16,1,47,10,10,4,0.010397911071777344,4.3959550857543945,0.00021886825561523438,1,5773,9839.349184568002,OPTIMAL
32,zhuzhou_n20_p16_sc1_seed47_ms10,false,20,16,1,47,10,10,5,0.0043790340423583984,4.267245054244995,0.00021982192993164062,1,5774,9839.349184568002,OPTIMAL
32,zhuzhou_n20_p16_sc1_seed47_ms10,false,20,16,1,47,10,10,6,0.004569053649902344,4.790823936462402,0.0002281665802001953,1,5775,9839.349184568002,OPTIMAL
32,zhuzhou_n20_p16_sc1_seed47_ms10,false,20,16,1,47,10,10,7,0.0043790340423583984,4.567698001861572,0.00020503997802734375,1,5776,9839.349184568002,OPTIMAL
32,zhuzhou_n20_p16_sc1_seed47_ms10,false,20,16,1,47,10,10,8,0.0038979053497314453,5.243719100952148,0.00018787384033203125,1,5777,9839.349184568002,OPTIMAL
32,zhuzhou_n20_p16_sc1_seed47_ms10,false,20,16,1,47,10,10,9,0.004359006881713867,5.2509379386901855,0.00020503997802734375,1,5778,9839.349184568002,OPTIMAL
32,zhuzhou_n20_p16_sc1_seed47_ms10,false,20,16,1,47,10,10,10,0.004533052444458008,5.194615125656128,0.00042700767517089844,1,5779,9839.349184568002,OPTIMAL
32,zhuzhou_n20_p16_sc1_seed47_ms10,false,20,16,1,47,10,10,11,0.005990028381347656,5.336126089096069,0.00023984909057617188,1,5780,9839.349184568002,OPTIMAL
32,zhuzhou_n20_p16_sc1_seed47_ms10,false,20,16,1,47,10,10,12,0.0045909881591796875,5.630182981491089,0.0002460479736328125,1,5781,9839.349184568002,OPTIMAL
32,zhuzhou_n20_p16_sc1_seed47_ms10,false,20,16,1,47,10,10,13,0.0045490264892578125,5.389842987060547,0.00024509429931640625,1,5782,9839.349184568002,OPTIMAL
32,zhuzhou_n20_p16_sc1_seed47_ms10,false,20,16,1,47,10,10,14,0.004892110824584961,5.452201843261719,0.0002510547637939453,1,5783,9839.349184568002,OPTIMAL
32,zhuzhou_n20_p16_sc1_seed47_ms10,false,20,16,1,47,10,10,15,0.004765987396240234,5.121726989746094,0.0002288818359375,1,5784,9839.349184568002,OPTIMAL
32,zhuzhou_n20_p16_sc1_seed47_ms10,false,20,16,1,47,10,10,16,0.0047838687896728516,5.599542856216431,0.0002491474151611328,1,5785,9839.349184568002,OPTIMAL
32,zhuzhou_n20_p16_sc1_seed47_ms10,false,20,16,1,47,10,10,17,0.004287004470825195,4.1958699226379395,0.00022292137145996094,2,5787,9835.127830667616,OPTIMAL
32,zhuzhou_n20_p16_sc1_seed47_ms10,false,20,16,1,47,10,10,18,0.0041310787200927734,5.288862943649292,0.0,0,5787,9835.127830667616,OPTIMAL
31,zhuzhou_n20_p16_sc1_seed47_ms10,true,20,16,1,47,10,10,1,0.4419269561767578,13.423386812210083,0.3283061981201172,1622,1622,14308.558311783065,OPTIMAL
31,zhuzhou_n20_p16_sc1_seed47_ms10,true,20,16,1,47,10,10,2,0.0037119388580322266,11.107290983200073,0.3260619640350342,1567,3189,14308.558311783065,OPTIMAL
31,zhuzhou_n20_p16_sc1_seed47_ms10,true,20,16,1,47,10,10,3,0.007441997528076172,11.4239342212677,0.21143388748168945,1084,4273,13441.930581961313,OPTIMAL
31,zhuzhou_n20_p16_sc1_seed47_ms10,true,20,16,1,47,10,10,4,0.007806062698364258,5.224506855010986,0.00034618377685546875,5,4278,9835.127830667616,OPTIMAL
31,zhuzhou_n20_p16_sc1_seed47_ms10,true,20,16,1,47,10,10,5,0.0041429996490478516,3.952458143234253,0.0001850128173828125,1,4279,9835.127830667616,OPTIMAL
31,zhuzhou_n20_p16_sc1_seed47_ms10,true,20,16,1,47,10,10,6,0.004041910171508789,4.110122919082642,0.00020194053649902344,1,4280,9835.127830667616,OPTIMAL
31,zhuzhou_n20_p16_sc1_seed47_ms10,true,20,16,1,47,10,10,7,0.00398707389831543,4.219707012176514,0.00016999244689941406,1,4281,9835.127830667616,OPTIMAL
31,zhuzhou_n20_p16_sc1_seed47_ms10,true,20,16,1,47,10,10,8,0.003365039825439453,4.247843980789185,0.0002040863037109375,1,4282,9835.127830667616,OPTIMAL
31,zhuzhou_n20_p16_sc1_seed47_ms10,true,20,16,1,47,10,10,9,0.004125833511352539,4.3365559577941895,0.0,0,4282,9835.127830667616,OPTIMAL
34,zhuzhou_n20_p16_sc1_seed48_ms10,false,20,16,1,48,10,10,1,0.34862494468688965,19.858675003051758,0.24595212936401367,1175,1175,14101.175476696939,OPTIMAL
34,zhuzhou_n20_p16_sc1_seed48_ms10,false,20,16,1,48,10,10,2,0.0019459724426269531,21.237009048461914,0.22288894653320312,1118,2293,14101.175476696939,OPTIMAL
34,zhuzhou_n20_p16_sc1_seed48_ms10,false,20,16,1,48,10,10,3,0.0038449764251708984,29.821742057800293,0.2532379627227783,1582,3875,14101.175476696939,OPTIMAL
34,zhuzhou_n20_p16_sc1_seed48_ms10,false,20,16,1,48,10,10,4,0.0054399967193603516,11.990185976028442,0.0004360675811767578,10,3885,11152.792467267413,OPTIMAL
34,zhuzhou_n20_p16_sc1_seed48_ms10,false,20,16,1,48,10,10,5,0.002207040786743164,7.137814044952393,0.00017690658569335938,3,3888,10628.967978185377,OPTIMAL
34,zhuzhou_n20_p16_sc1_seed48_ms10,false,20,16,1,48,10,10,6,0.0026459693908691406,7.496324062347412,0.00013399124145507812,1,3889,10628.967978185377,OPTIMAL
34,zhuzhou_n20_p16_sc1_seed48_ms10,false,20,16,1,48,10,10,7,0.002312898635864258,7.399899959564209,0.0,0,3889,10628.967978185377,OPTIMAL
33,zhuzhou_n20_p16_sc1_seed48_ms10,true,20,16,1,48,10,10,1,0.5324239730834961,12.95432186126709,0.3964879512786865,847,847,14101.175476696939,OPTIMAL
33,zhuzhou_n20_p16_sc1_seed48_ms10,true,20,16,1,48,10,10,2,0.0022559165954589844,8.729619979858398,0.23860907554626465,833,1680,14101.175476696939,OPTIMAL
33,zhuzhou_n20_p16_sc1_seed48_ms10,true,20,16,1,48,10,10,3,0.003648042678833008,12.55162000656128,0.44905996322631836,910,2590,14101.175476696939,OPTIMAL
33,zhuzhou_n20_p16_sc1_seed48_ms10,true,20,16,1,48,10,10,4,0.005599021911621094,8.082116842269897,0.0007970333099365234,10,2600,11152.792467267413,OPTIMAL
33,zhuzhou_n20_p16_sc1_seed48_ms10,true,20,16,1,48,10,10,5,0.0032269954681396484,5.302029132843018,0.0003368854522705078,3,2603,10628.967978185377,OPTIMAL
33,zhuzhou_n20_p16_sc1_seed48_ms10,true,20,16,1,48,10,10,6,0.002889871597290039,5.281019926071167,0.00023603439331054688,1,2604,10628.967978185377,OPTIMAL
33,zhuzhou_n20_p16_sc1_seed48_ms10,true,20,16,1,48,10,10,7,0.004167795181274414,5.813812971115112,0.0,0,2604,10628.967978185377,OPTIMAL
36,zhuzhou_n20_p16_sc1_seed49_ms10,false,20,16,1,49,10,10,1,0.33980703353881836,8.410654067993164,0.17527484893798828,308,308,12593.862864483035,OPTIMAL
36,zhuzhou_n20_p16_sc1_seed49_ms10,false,20,16,1,49,10,10,2,0.0007779598236083984,6.332395076751709,0.1314868927001953,388,696,12593.862864483035,OPTIMAL
36,zhuzhou_n20_p16_sc1_seed49_ms10,false,20,16,1,49,10,10,3,0.0011959075927734375,6.240038156509399,0.15416288375854492,370,1066,12593.862864483035,OPTIMAL
36,zhuzhou_n20_p16_sc1_seed49_ms10,false,20,16,1,49,10,10,4,0.0015201568603515625,1.8259479999542236,0.00023603439331054688,6,1072,10315.36811151238,OPTIMAL
36,zhuzhou_n20_p16_sc1_seed49_ms10,false,20,16,1,49,10,10,5,0.0010371208190917969,2.1695010662078857,0.0002429485321044922,6,1078,10315.36811151238,OPTIMAL
36,zhuzhou_n20_p16_sc1_seed49_ms10,false,20,16,1,49,10,10,6,0.0010390281677246094,2.0289249420166016,0.00019693374633789062,4,1082,10315.36811151238,OPTIMAL
36,zhuzhou_n20_p16_sc1_seed49_ms10,false,20,16,1,49,10,10,7,0.0009539127349853516,1.2267770767211914,0.00010895729064941406,1,1083,9796.262864483031,OPTIMAL
36,zhuzhou_n20_p16_sc1_seed49_ms10,false,20,16,1,49,10,10,8,0.0009639263153076172,1.3576769828796387,0.00010800361633300781,1,1084,9796.262864483031,OPTIMAL
36,zhuzhou_n20_p16_sc1_seed49_ms10,false,20,16,1,49,10,10,9,0.0010771751403808594,1.7265141010284424,0.0,0,1084,9796.262864483031,OPTIMAL
35,zhuzhou_n20_p16_sc1_seed49_ms10,true,20,16,1,49,10,10,1,0.33946990966796875,7.593958139419556,0.17632603645324707,288,288,12593.862864483035,OPTIMAL
35,zhuzhou_n20_p16_sc1_seed49_ms10,true,20,16,1,49,10,10,2,0.0007832050323486328,4.733620882034302,0.13095808029174805,325,613,12593.862864483035,OPTIMAL
35,zhuzhou_n20_p16_sc1_seed49_ms10,true,20,16,1,49,10,10,3,0.0011179447174072266,4.9390411376953125,0.15269207954406738,311,924,12593.862864483035,OPTIMAL
35,zhuzhou_n20_p16_sc1_seed49_ms10,true,20,16,1,49,10,10,4,0.0013577938079833984,1.7161908149719238,0.0002090930938720703,6,930,10315.36811151238,OPTIMAL
35,zhuzhou_n20_p16_sc1_seed49_ms10,true,20,16,1,49,10,10,5,0.0009429454803466797,1.7530548572540283,0.0002110004425048828,6,936,10315.36811151238,OPTIMAL
35,zhuzhou_n20_p16_sc1_seed49_ms10,true,20,16,1,49,10,10,6,0.0009851455688476562,1.8115220069885254,0.0002009868621826172,4,940,10315.36811151238,OPTIMAL
35,zhuzhou_n20_p16_sc1_seed49_ms10,true,20,16,1,49,10,10,7,0.0008790493011474609,1.4087789058685303,0.00010204315185546875,1,941,9796.262864483031,OPTIMAL
35,zhuzhou_n20_p16_sc1_seed49_ms10,true,20,16,1,49,10,10,8,0.0009140968322753906,1.2146720886230469,0.00010204315185546875,1,942,9796.262864483031,OPTIMAL
35,zhuzhou_n20_p16_sc1_seed49_ms10,true,20,16,1,49,10,10,9,0.0009808540344238281,1.5922000408172607,0.0,0,942,9796.262864483031,OPTIMAL
38,zhuzhou_n20_p16_sc1_seed50_ms10,false,20,16,1,50,10,10,1,0.3811619281768799,7.072964906692505,0.08366513252258301,42,42,13233.50714612239,OPTIMAL
38,zhuzhou_n20_p16_sc1_seed50_ms10,false,20,16,1,50,10,10,2,0.0004971027374267578,3.6576478481292725,0.05196499824523926,9,51,13233.50714612239,OPTIMAL
38,zhuzhou_n20_p16_sc1_seed50_ms10,false,20,16,1,50,10,10,3,0.0004010200500488281,4.116199970245361,0.000225067138671875,7,58,13233.50714612239,OPTIMAL
38,zhuzhou_n20_p16_sc1_seed50_ms10,false,20,16,1,50,10,10,4,0.0004811286926269531,4.340704917907715,0.08319592475891113,5,63,13233.50714612239,OPTIMAL
38,zhuzhou_n20_p16_sc1_seed50_ms10,false,20,16,1,50,10,10,5,0.0008099079132080078,4.265653133392334,0.0,0,63,13233.50714612239,OPTIMAL
37,zhuzhou_n20_p16_sc1_seed50_ms10,true,20,16,1,50,10,10,1,0.33968210220336914,5.6977698802948,0.07324504852294922,38,38,13233.50714612239,OPTIMAL
37,zhuzhou_n20_p16_sc1_seed50_ms10,true,20,16,1,50,10,10,2,0.0003979206085205078,2.4386720657348633,0.04456305503845215,9,47,13233.50714612239,OPTIMAL
37,zhuzhou_n20_p16_sc1_seed50_ms10,true,20,16,1,50,10,10,3,0.00033593177795410156,3.0384819507598877,0.00017499923706054688,7,54,13233.50714612239,OPTIMAL
37,zhuzhou_n20_p16_sc1_seed50_ms10,true,20,16,1,50,10,10,4,0.00041985511779785156,3.298391103744507,0.06432890892028809,5,59,13233.50714612239,OPTIMAL
37,zhuzhou_n20_p16_sc1_seed50_ms10,true,20,16,1,50,10,10,5,0.0003190040588378906,3.1117680072784424,0.0,0,59,13233.50714612239,OPTIMAL
40,zhuzhou_n20_p16_sc1_seed51_ms10,false,20,16,1,51,10,10,1,0.3650679588317871,22.684777975082397,0.4858520030975342,2547,2547,14561.675602052092,OPTIMAL
40,zhuzhou_n20_p16_sc1_seed51_ms10,false,20,16,1,51,10,10,2,0.00669097900390625,13.8590669631958,0.22538399696350098,2014,4561,14561.675602052092,OPTIMAL
40,zhuzhou_n20_p16_sc1_seed51_ms10,false,20,16,1,51,10,10,3,0.006736040115356445,11.672188997268677,0.11396193504333496,1333,5894,13206.492010348913,OPTIMAL
40,zhuzhou_n20_p16_sc1_seed51_ms10,false,20,16,1,51,10,10,4,0.007125139236450195,10.85716700553894,0.025956153869628906,459,6353,11998.239158273725,OPTIMAL
40,zhuzhou_n20_p16_sc1_seed51_ms10,false,20,16,1,51,10,10,5,0.008688926696777344,3.0873560905456543,0.0003368854522705078,5,6358,9799.818985489172,OPTIMAL
40,zhuzhou_n20_p16_sc1_seed51_ms10,false,20,16,1,51,10,10,6,0.0048639774322509766,3.5005300045013428,0.0003437995910644531,3,6361,9799.818985489172,OPTIMAL
40,zhuzhou_n20_p16_sc1_seed51_ms10,false,20,16,1,51,10,10,7,0.00391387939453125,5.17228102684021,0.0014009475708007812,17,6378,9799.818985489172,OPTIMAL
40,zhuzhou_n20_p16_sc1_seed51_ms10,false,20,16,1,51,10,10,8,0.0051348209381103516,4.4914162158966064,0.00033283233642578125,2,6380,9799.818985489172,OPTIMAL
40,zhuzhou_n20_p16_sc1_seed51_ms10,false,20,16,1,51,10,10,9,0.00570988655090332,4.160813808441162,0.0002701282501220703,1,6381,9799.818985489172,OPTIMAL
40,zhuzhou_n20_p16_sc1_seed51_ms10,false,20,16,1,51,10,10,10,0.004405021667480469,4.518075942993164,0.0002741813659667969,1,6382,9799.818985489172,OPTIMAL
40,zhuzhou_n20_p16_sc1_seed51_ms10,false,20,16,1,51,10,10,11,0.0041620731353759766,4.155908107757568,0.0,0,6382,9777.03560205209,OPTIMAL
39,zhuzhou_n20_p16_sc1_seed51_ms10,true,20,16,1,51,10,10,1,0.7795629501342773,13.566996097564697,0.42970991134643555,1515,1515,14561.675602052092,OPTIMAL
39,zhuzhou_n20_p16_sc1_seed51_ms10,true,20,16,1,51,10,10,2,0.0036301612854003906,9.833550930023193,0.12360310554504395,1340,2855,14561.675602052092,OPTIMAL
39,zhuzhou_n20_p16_sc1_seed51_ms10,true,20,16,1,51,10,10,3,0.004372119903564453,8.851428031921387,0.11311697959899902,850,3705,13206.492010348913,OPTIMAL
39,zhuzhou_n20_p16_sc1_seed51_ms10,true,20,16,1,51,10,10,4,0.0050890445709228516,7.826618909835815,0.07780599594116211,210,3915,11998.239158273725,OPTIMAL
39,zhuzhou_n20_p16_sc1_seed51_ms10,true,20,16,1,51,10,10,5,0.007565975189208984,1.451448917388916,0.00020194053649902344,2,3917,9799.818985489172,OPTIMAL
39,zhuzhou_n20_p16_sc1_seed51_ms10,true,20,16,1,51,10,10,6,0.003916025161743164,1.0410261154174805,0.00017595291137695312,2,3919,9799.818985489172,OPTIMAL
39,zhuzhou_n20_p16_sc1_seed51_ms10,true,20,16,1,51,10,10,7,0.0035009384155273438,1.5118370056152344,0.00019097328186035156,1,3920,9799.818985489172,OPTIMAL
39,zhuzhou_n20_p16_sc1_seed51_ms10,true,20,16,1,51,10,10,8,0.0030438899993896484,1.4256820678710938,0.0001590251922607422,1,3921,9799.818985489172,OPTIMAL
39,zhuzhou_n20_p16_sc1_seed51_ms10,true,20,16,1,51,10,10,9,0.0027761459350585938,1.6524970531463623,0.00016379356384277344,1,3922,9799.818985489172,OPTIMAL
39,zhuzhou_n20_p16_sc1_seed51_ms10,true,20,16,1,51,10,10,10,0.0030770301818847656,1.7830119132995605,0.00020194053649902344,1,3923,9799.818985489172,OPTIMAL
39,zhuzhou_n20_p16_sc1_seed51_ms10,true,20,16,1,51,10,10,11,0.002260923385620117,1.4759681224822998,0.00016689300537109375,1,3924,9799.818985489172,OPTIMAL
39,zhuzhou_n20_p16_sc1_seed51_ms10,true,20,16,1,51,10,10,12,0.002593994140625,1.50944185256958,0.0,0,3924,9777.03560205209,OPTIMAL
44,zhuzhou_n25_p16_sc1_seed43_ms10,false,25,16,1,43,13,10,1,0.7368519306182861,22.684839010238647,0.04529094696044922,16,16,9252.611385228,OPTIMAL
44,zhuzhou_n25_p16_sc1_seed43_ms10,false,25,16,1,43,13,10,2,0.0005228519439697266,29.369202852249146,0.07018709182739258,12,28,9252.611385228,OPTIMAL
44,zhuzhou_n25_p16_sc1_seed43_ms10,false,25,16,1,43,13,10,3,0.0006020069122314453,27.032252073287964,0.0003418922424316406,8,36,9252.611385228,OPTIMAL
44,zhuzhou_n25_p16_sc1_seed43_ms10,false,25,16,1,43,13,10,4,0.0006201267242431641,23.299622058868408,0.00026488304138183594,8,44,9252.611385228,OPTIMAL
44,zhuzhou_n25_p16_sc1_seed43_ms10,false,25,16,1,43,13,10,5,0.0006349086761474609,22.943185806274414,0.0003020763397216797,7,51,9252.611385228,OPTIMAL
44,zhuzhou_n25_p16_sc1_seed43_ms10,false,25,16,1,43,13,10,6,0.0006761550903320312,27.978923082351685,0.06844592094421387,7,58,9252.611385228,OPTIMAL
44,zhuzhou_n25_p16_sc1_seed43_ms10,false,25,16,1,43,13,10,7,0.0006470680236816406,36.61483192443848,0.08085012435913086,4,62,9252.611385228,OPTIMAL
44,zhuzhou_n25_p16_sc1_seed43_ms10,false,25,16,1,43,13,10,8,0.00055694580078125,29.521060943603516,0.05435585975646973,2,64,9106.125944046991,OPTIMAL
44,zhuzhou_n25_p16_sc1_seed43_ms10,false,25,16,1,43,13,10,9,0.0006558895111083984,27.985975980758667,0.00016307830810546875,1,65,9088.756397409024,OPTIMAL
44,zhuzhou_n25_p16_sc1_seed43_ms10,false,25,16,1,43,13,10,10,0.0006618499755859375,24.468925952911377,0.00026297569274902344,2,67,9088.756397409024,OPTIMAL
44,zhuzhou_n25_p16_sc1_seed43_ms10,false,25,16,1,43,13,10,11,0.0007698535919189453,30.358268976211548,0.00019097328186035156,2,69,9088.756397409024,OPTIMAL
44,zhuzhou_n25_p16_sc1_seed43_ms10,false,25,16,1,43,13,10,12,0.0006918907165527344,29.585283994674683,0.0002880096435546875,1,70,9088.756397409024,OPTIMAL
44,zhuzhou_n25_p16_sc1_seed43_ms10,false,25,16,1,43,13,10,13,0.0009191036224365234,25.6474449634552,0.00024700164794921875,2,72,9088.756397409024,OPTIMAL
44,zhuzhou_n25_p16_sc1_seed43_ms10,false,25,16,1,43,13,10,14,0.0007350444793701172,30.006083011627197,0.0002689361572265625,2,74,9088.756397409024,OPTIMAL
44,zhuzhou_n25_p16_sc1_seed43_ms10,false,25,16,1,43,13,10,15,0.0010151863098144531,30.576663970947266,0.0002129077911376953,1,75,9088.756397409024,OPTIMAL
44,zhuzhou_n25_p16_sc1_seed43_ms10,false,25,16,1,43,13,10,16,0.0006959438323974609,29.877726078033447,0.0002899169921875,1,76,9088.756397409024,OPTIMAL
44,zhuzhou_n25_p16_sc1_seed43_ms10,false,25,16,1,43,13,10,17,0.0012390613555908203,25.012558937072754,0.0,0,76,9052.611385228,OPTIMAL
43,zhuzhou_n25_p16_sc1_seed43_ms10,true,25,16,1,43,13,10,1,0.7615320682525635,21.576918125152588,0.045729875564575195,15,15,9252.611385228,OPTIMAL
43,zhuzhou_n25_p16_sc1_seed43_ms10,true,25,16,1,43,13,10,2,0.0005269050598144531,25.64834499359131,0.06866908073425293,12,27,9252.611385228,OPTIMAL
43,zhuzhou_n25_p16_sc1_seed43_ms10,true,25,16,1,43,13,10,3,0.0005109310150146484,23.502990007400513,0.0003268718719482422,8,35,9252.611385228,OPTIMAL
43,zhuzhou_n25_p16_sc1_seed43_ms10,true,25,16,1,43,13,10,4,0.0006079673767089844,19.82390308380127,0.0003268718719482422,8,43,9252.611385228,OPTIMAL
43,zhuzhou_n25_p16_sc1_seed43_ms10,true,25,16,1,43,13,10,5,0.0006811618804931641,20.49471402168274,0.00027298927307128906,7,50,9252.611385228,OPTIMAL
43,zhuzhou_n25_p16_sc1_seed43_ms10,true,25,16,1,43,13,10,6,0.0006210803985595703,24.485633850097656,0.06811809539794922,7,57,9252.611385228,OPTIMAL
43,zhuzhou_n25_p16_sc1_seed43_ms10,true,25,16,1,43,13,10,7,0.0005588531494140625,33.13924598693848,0.07824993133544922,4,61,9252.611385228,OPTIMAL
43,zhuzhou_n25_p16_sc1_seed43_ms10,true,25,16,1,43,13,10,8,0.0006229877471923828,26.70279598236084,0.054492950439453125,2,63,9106.125944046991,OPTIMAL
43,zhuzhou_n25_p16_sc1_seed43_ms10,true,25,16,1,43,13,10,9,0.0006937980651855469,25.83735489845276,0.00015807151794433594,1,64,9088.756397409024,OPTIMAL
43,zhuzhou_n25_p16_sc1_seed43_ms10,true,25,16,1,43,13,10,10,0.0006349086761474609,21.96085000038147,0.00023102760314941406,2,66,9088.756397409024,OPTIMAL
43,zhuzhou_n25_p16_sc1_seed43_ms10,true,25,16,1,43,13,10,11,0.0007848739624023438,26.281211137771606,0.0002720355987548828,2,68,9088.756397409024,OPTIMAL
43,zhuzhou_n25_p16_sc1_seed43_ms10,true,25,16,1,43,13,10,12,0.0012271404266357422,27.294002056121826,0.0002510547637939453,1,69,9088.756397409024,OPTIMAL
43,zhuzhou_n25_p16_sc1_seed43_ms10,true,25,16,1,43,13,10,13,0.0006589889526367188,23.67470383644104,0.0003390312194824219,2,71,9088.756397409024,OPTIMAL
43,zhuzhou_n25_p16_sc1_seed43_ms10,true,25,16,1,43,13,10,14,0.00131988525390625,26.1941020488739,0.00020503997802734375,2,73,9088.756397409024,OPTIMAL
43,zhuzhou_n25_p16_sc1_seed43_ms10,true,25,16,1,43,13,10,15,0.0007472038269042969,26.381043910980225,0.00018906593322753906,1,74,9088.756397409024,OPTIMAL
43,zhuzhou_n25_p16_sc1_seed43_ms10,true,25,16,1,43,13,10,16,0.0006949901580810547,26.021013975143433,0.0002579689025878906,1,75,9088.756397409024,OPTIMAL
43,zhuzhou_n25_p16_sc1_seed43_ms10,true,25,16,1,43,13,10,17,0.0011641979217529297,23.114586114883423,0.0,0,75,9052.611385228,OPTIMAL
45,zhuzhou_n25_p16_sc1_seed44_ms10,true,25,16,1,44,13,10,1,0.5270438194274902,425.79637384414673,0.7023561000823975,5362,5362,14398.814417573887,OPTIMAL
45,zhuzhou_n25_p16_sc1_seed44_ms10,true,25,16,1,44,13,10,2,0.017150163650512695,385.23640394210815,0.042961835861206055,1265,6627,12849.751726439375,OPTIMAL
45,zhuzhou_n25_p16_sc1_seed44_ms10,true,25,16,1,44,13,10,3,0.012861967086791992,562.3820760250092,0.14438605308532715,566,7193,12366.826881399451,OPTIMAL
45,zhuzhou_n25_p16_sc1_seed44_ms10,true,25,16,1,44,13,10,4,0.010586023330688477,161.01355504989624,0.0006580352783203125,4,7197,10327.455319157392,OPTIMAL
45,zhuzhou_n25_p16_sc1_seed44_ms10,true,25,16,1,44,13,10,5,0.009395837783813477,174.58953285217285,0.0006439685821533203,2,7199,10327.455319157392,OPTIMAL
45,zhuzhou_n25_p16_sc1_seed44_ms10,true,25,16,1,44,13,10,6,0.00929713249206543,183.96526098251343,0.0008320808410644531,5,7204,10327.455319157392,OPTIMAL
45,zhuzhou_n25_p16_sc1_seed44_ms10,true,25,16,1,44,13,10,7,0.008966922760009766,176.01966094970703,0.0006542205810546875,1,7205,10327.455319157392,OPTIMAL
45,zhuzhou_n25_p16_sc1_seed44_ms10,true,25,16,1,44,13,10,8,0.008781909942626953,177.98579001426697,0.0,0,7205,10327.455319157392,OPTIMAL
48,zhuzhou_n25_p16_sc1_seed45_ms10,false,25,16,1,45,13,10,1,0.667802095413208,101.54860091209412,0.26674509048461914,758,758,12649.910360705107,OPTIMAL
48,zhuzhou_n25_p16_sc1_seed45_ms10,false,25,16,1,45,13,10,2,0.0018510818481445312,352.9738199710846,0.1532280445098877,666,1424,12332.282531948946,OPTIMAL
48,zhuzhou_n25_p16_sc1_seed45_ms10,false,25,16,1,45,13,10,3,0.00275421142578125,151.7992968559265,0.0007450580596923828,24,1448,10590.453684237349,OPTIMAL
48,zhuzhou_n25_p16_sc1_seed45_ms10,false,25,16,1,45,13,10,4,0.002195119857788086,152.48836517333984,0.0006039142608642578,11,1459,10590.453684237349,OPTIMAL
48,zhuzhou_n25_p16_sc1_seed45_ms10,false,25,16,1,45,13,10,5,0.0020339488983154297,162.0218641757965,0.0003948211669921875,5,1464,10410.870360705107,OPTIMAL
48,zhuzhou_n25_p16_sc1_seed45_ms10,false,25,16,1,45,13,10,6,0.001856088638305664,51.338478088378906,0.00022292137145996094,2,1466,9785.376851812995,OPTIMAL
48,zhuzhou_n25_p16_sc1_seed45_ms10,false,25,16,1,45,13,10,7,0.001722097396850586,60.85989189147949,0.0002911090850830078,2,1468,9785.376851812995,OPTIMAL
48,zhuzhou_n25_p16_sc1_seed45_ms10,false,25,16,1,45,13,10,8,0.0016658306121826172,67.72247195243835,0.00030517578125,2,1470,9785.376851812995,OPTIMAL
48,zhuzhou_n25_p16_sc1_seed45_ms10,false,25,16,1,45,13,10,9,0.0021898746490478516,84.42831802368164,0.0,0,1470,9785.376851812995,OPTIMAL
47,zhuzhou_n25_p16_sc1_seed45_ms10,true,25,16,1,45,13,10,1,0.37105393409729004,56.503986835479736,0.2704930305480957,631,631,12649.910360705107,OPTIMAL
47,zhuzhou_n25_p16_sc1_seed45_ms10,true,25,16,1,45,13,10,2,0.001461029052734375,151.8497030735016,0.15231800079345703,461,1092,12332.282531948946,OPTIMAL
47,zhuzhou_n25_p16_sc1_seed45_ms10,true,25,16,1,45,13,10,3,0.0021810531616210938,96.52326989173889,0.0012581348419189453,54,1146,10641.851642680982,OPTIMAL
47,zhuzhou_n25_p16_sc1_seed45_ms10,true,25,16,1,45,13,10,4,0.001542806625366211,151.31218004226685,0.0011019706726074219,52,1198,10641.851642680982,OPTIMAL
47,zhuzhou_n25_p16_sc1_seed45_ms10,true,25,16,1,45,13,10,5,0.0017170906066894531,127.6300880908966,0.0011990070343017578,46,1244,10641.851642680982,OPTIMAL
47,zhuzhou_n25_p16_sc1_seed45_ms10,true,25,16,1,45,13,10,6,0.0019011497497558594,121.30095601081848,0.0004870891571044922,9,1253,10410.870360705107,OPTIMAL
47,zhuzhou_n25_p16_sc1_seed45_ms10,true,25,16,1,45,13,10,7,0.0015521049499511719,77.28751397132874,0.0002281665802001953,1,1254,9785.376851812995,OPTIMAL
47,zhuzhou_n25_p16_sc1_seed45_ms10,true,25,16,1,45,13,10,8,0.0015070438385009766,90.12398791313171,0.00021600723266601562,1,1255,9785.376851812995,OPTIMAL
47,zhuzhou_n25_p16_sc1_seed45_ms10,true,25,16,1,45,13,10,9,0.00146484375,75.08723092079163,0.00020503997802734375,1,1256,9785.376851812995,OPTIMAL
47,zhuzhou_n25_p16_sc1_seed45_ms10,true,25,16,1,45,13,10,10,0.0016360282897949219,94.79706811904907,0.0002338886260986328,1,1257,9785.376851812995,OPTIMAL
47,zhuzhou_n25_p16_sc1_seed45_ms10,true,25,16,1,45,13,10,11,0.0017011165618896484,81.10854291915894,0.0,0,1257,9785.376851812995,OPTIMAL
50,zhuzhou_n25_p16_sc1_seed46_ms10,false,25,16,1,46,13,10,1,0.38828611373901367,62.682486057281494,0.014672040939331055,632,632,12230.333544384988,OPTIMAL
50,zhuzhou_n25_p16_sc1_seed46_ms10,false,25,16,1,46,13,10,2,0.0012700557708740234,85.0117449760437,0.2845280170440674,564,1196,12182.099013468125,OPTIMAL
50,zhuzhou_n25_p16_sc1_seed46_ms10,false,25,16,1,46,13,10,3,0.0020589828491210938,135.0441370010376,0.1052248477935791,705,1901,12132.525426988484,OPTIMAL
50,zhuzhou_n25_p16_sc1_seed46_ms10,false,25,16,1,46,13,10,4,0.0031790733337402344,81.46894001960754,0.015417098999023438,660,2561,12132.525426988484,OPTIMAL
50,zhuzhou_n25_p16_sc1_seed46_ms10,false,25,16,1,46,13,10,5,0.0036268234252929688,135.69542503356934,0.01849508285522461,728,3289,12132.525426988484,OPTIMAL
50,zhuzhou_n25_p16_sc1_seed46_ms10,false,25,16,1,46,13,10,6,0.004295825958251953,122.76405310630798,0.18547797203063965,491,3780,12132.525426988484,OPTIMAL
50,zhuzhou_n25_p16_sc1_seed46_ms10,false,25,16,1,46,13,10,7,0.004648923873901367,127.65724110603333,0.00868988037109375,209,3989,11612.246898365045,OPTIMAL
50,zhuzhou_n25_p16_sc1_seed46_ms10,false,25,16,1,46,13,10,8,0.004616975784301758,58.85115313529968,0.0008227825164794922,7,3996,10502.086629152069,OPTIMAL
50,zhuzhou_n25_p16_sc1_seed46_ms10,false,25,16,1,46,13,10,9,0.004041910171508789,48.146748065948486,0.0007958412170410156,6,4002,10502.086629152069,OPTIMAL
50,zhuzhou_n25_p16_sc1_seed46_ms10,false,25,16,1,46,13,10,10,0.004032135009765625,52.012362003326416,0.0006210803985595703,8,4010,10502.086629152069,OPTIMAL
50,zhuzhou_n25_p16_sc1_seed46_ms10,false,25,16,1,46,13,10,11,0.0028638839721679688,51.87786412239075,0.0009038448333740234,8,4018,10502.086629152069,OPTIMAL
50,zhuzhou_n25_p16_sc1_seed46_ms10,false,25,16,1,46,13,10,12,0.0037899017333984375,53.74893379211426,0.0008058547973632812,5,4023,10502.086629152069,OPTIMAL
50,zhuzhou_n25_p16_sc1_seed46_ms10,false,25,16,1,46,13,10,13,0.00403594970703125,23.188881874084473,0.0,0,4023,9879.032937423746,OPTIMAL
49,zhuzhou_n25_p16_sc1_seed46_ms10,true,25,16,1,46,13,10,1,0.398723840713501,47.006011962890625,0.013000965118408203,449,449,12230.333544384988,OPTIMAL
49,zhuzhou_n25_p16_sc1_seed46_ms10,true,25,16,1,46,13,10,2,0.0010671615600585938,74.96003699302673,0.28604602813720703,404,853,12182.099013468125,OPTIMAL
49,zhuzhou_n25_p16_sc1_seed46_ms10,true,25,16,1,46,13,10,3,0.0017518997192382812,104.13219785690308,0.09302306175231934,517,1370,12132.525426988484,OPTIMAL
49,zhuzhou_n25_p16_sc1_seed46_ms10,true,25,16,1,46,13,10,4,0.0025131702423095703,76.54606699943542,0.009329795837402344,470,1840,12132.525426988484,OPTIMAL
49,zhuzhou_n25_p16_sc1_seed46_ms10,true,25,16,1,46,13,10,5,0.0031099319458007812,90.23928999900818,0.012730836868286133,528,2368,12132.525426988484,OPTIMAL
49,zhuzhou_n25_p16_sc1_seed46_ms10,true,25,16,1,46,13,10,6,0.003525972366333008,93.59766411781311,0.18340587615966797,425,2793,12132.525426988484,OPTIMAL
49,zhuzhou_n25_p16_sc1_seed46_ms10,true,25,16,1,46,13,10,7,0.003495931625366211,96.31788682937622,0.006247043609619141,168,2961,11612.246898365045,OPTIMAL
49,zhuzhou_n25_p16_sc1_seed46_ms10,true,25,16,1,46,13,10,8,0.003699064254760742,47.74950289726257,0.0007030963897705078,7,2968,10502.086629152069,OPTIMAL
49,zhuzhou_n25_p16_sc1_seed46_ms10,true,25,16,1,46,13,10,9,0.003283977508544922,38.8102970123291,0.00044608116149902344,6,2974,10502.086629152069,OPTIMAL
49,zhuzhou_n25_p16_sc1_seed46_ms10,true,25,16,1,46,13,10,10,0.002259969711303711,41.71814680099487,0.0006911754608154297,8,2982,10502.086629152069,OPTIMAL
49,zhuzhou_n25_p16_sc1_seed46_ms10,true,25,16,1,46,13,10,11,0.0028908252716064453,42.148589849472046,0.0005230903625488281,8,2990,10502.086629152069,OPTIMAL
49,zhuzhou_n25_p16_sc1_seed46_ms10,true,25,16,1,46,13,10,12,0.0022058486938476562,43.41205191612244,0.0006060600280761719,5,2995,10502.086629152069,OPTIMAL
49,zhuzhou_n25_p16_sc1_seed46_ms10,true,25,16,1,46,13,10,13,0.0028069019317626953,20.332751035690308,0.0,0,2995,9879.032937423746,OPTIMAL
53,zhuzhou_n25_p16_sc1_seed48_ms10,true,25,16,1,48,13,10,1,0.404954195022583,233.36257600784302,0.34139204025268555,2259,2259,14136.128657632724,OPTIMAL
53,zhuzhou_n25_p16_sc1_seed48_ms10,true,25,16,1,48,13,10,2,0.004853010177612305,225.8188579082489,0.1051340103149414,1598,3857,13875.857271191046,OPTIMAL
53,zhuzhou_n25_p16_sc1_seed48_ms10,true,25,16,1,48,13,10,3,0.0053730010986328125,677.793258190155,0.5576879978179932,1942,5799,13834.23726923428,OPTIMAL
53,zhuzhou_n25_p16_sc1_seed48_ms10,true,25,16,1,48,13,10,4,0.009651899337768555,285.63891196250916,0.0008730888366699219,3,5802,10663.92115912116,OPTIMAL
53,zhuzhou_n25_p16_sc1_seed48_ms10,true,25,16,1,48,13,10,5,0.0060710906982421875,227.75419306755066,0.0004429817199707031,2,5804,10663.92115912116,OPTIMAL
53,zhuzhou_n25_p16_sc1_seed48_ms10,true,25,16,1,48,13,10,6,0.00507807731628418,235.81364607810974,0.0004899501800537109,1,5805,10663.92115912116,OPTIMAL
53,zhuzhou_n25_p16_sc1_seed48_ms10,true,25,16,1,48,13,10,7,0.004374980926513672,244.68257188796997,0.0,0,5805,10663.92115912116,OPTIMAL
55,zhuzhou_n25_p16_sc1_seed49_ms10,true,25,16,1,49,13,10,1,0.3487279415130615,388.8553309440613,0.07062721252441406,13,13,10678.675042532355,OPTIMAL
55,zhuzhou_n25_p16_sc1_seed49_ms10,true,25,16,1,49,13,10,2,0.0005080699920654297,550.4509198665619,0.0002770423889160156,3,16,10678.675042532355,OPTIMAL
55,zhuzhou_n25_p16_sc1_seed49_ms10,true,25,16,1,49,13,10,3,0.0011360645294189453,496.4424891471863,0.00023698806762695312,1,17,10563.305829863008,OPTIMAL
55,zhuzhou_n25_p16_sc1_seed49_ms10,true,25,16,1,49,13,10,4,0.000965118408203125,520.287575006485,0.00020194053649902344,1,18,10563.305829863008,OPTIMAL
55,zhuzhou_n25_p16_sc1_seed49_ms10,true,25,16,1,49,13,10,5,0.0009429454803466797,526.5860950946808,0.0,0,18,10533.54299103916,OPTIMAL
58,zhuzhou_n25_p16_sc1_seed50_ms10,false,25,16,1,50,13,10,1,0.5831711292266846,55.30174493789673,0.00026798248291015625,4,4,8759.105361028589,OPTIMAL
58,zhuzhou_n25_p16_sc1_seed50_ms10,false,25,16,1,50,13,10,2,0.0005750656127929688,50.58532500267029,0.0002491474151611328,2,6,8759.105361028589,OPTIMAL
58,zhuzhou_n25_p16_sc1_seed50_ms10,false,25,16,1,50,13,10,3,0.0009720325469970703,61.578057050704956,0.0002799034118652344,2,8,8759.105361028589,OPTIMAL
58,zhuzhou_n25_p16_sc1_seed50_ms10,false,25,16,1,50,13,10,4,0.0011751651763916016,65.9408609867096,0.0003101825714111328,2,10,8759.105361028589,OPTIMAL
58,zhuzhou_n25_p16_sc1_seed50_ms10,false,25,16,1,50,13,10,5,0.0007219314575195312,62.49309301376343,0.0,0,10,8759.105361028589,OPTIMAL
57,zhuzhou_n25_p16_sc1_seed50_ms10,true,25,16,1,50,13,10,1,0.48980712890625,51.76569485664368,0.00026702880859375,4,4,8759.105361028589,OPTIMAL
57,zhuzhou_n25_p16_sc1_seed50_ms10,true,25,16,1,50,13,10,2,0.0006060600280761719,43.75444483757019,0.00018596649169921875,2,6,8759.105361028589,OPTIMAL
57,zhuzhou_n25_p16_sc1_seed50_ms10,true,25,16,1,50,13,10,3,0.001010894775390625,49.833473920822144,0.00024199485778808594,2,8,8759.105361028589,OPTIMAL
57,zhuzhou_n25_p16_sc1_seed50_ms10,true,25,16,1,50,13,10,4,0.0011839866638183594,56.88981485366821,0.00029087066650390625,2,10,8759.105361028589,OPTIMAL
57,zhuzhou_n25_p16_sc1_seed50_ms10,true,25,16,1,50,13,10,5,0.0007050037384033203,53.427541971206665,0.0,0,10,8759.105361028589,OPTIMAL
60,zhuzhou_n25_p16_sc1_seed51_ms10,false,25,16,1,51,13,10,1,0.3598461151123047,60.845603942871094,0.1735541820526123,79,79,11082.377366794299,OPTIMAL
60,zhuzhou_n25_p16_sc1_seed51_ms10,false,25,16,1,51,13,10,2,0.0005879402160644531,78.05049896240234,0.18180584907531738,74,153,11082.377366794299,OPTIMAL
60,zhuzhou_n25_p16_sc1_seed51_ms10,false,25,16,1,51,13,10,3,0.0007090568542480469,65.3906900882721,0.0012440681457519531,57,210,11082.377366794299,OPTIMAL
60,zhuzhou_n25_p16_sc1_seed51_ms10,false,25,16,1,51,13,10,4,0.0011811256408691406,88.15509104728699,0.07664799690246582,30,240,10666.6929719748,OPTIMAL
60,zhuzhou_n25_p16_sc1_seed51_ms10,false,25,16,1,51,13,10,5,0.0007719993591308594,104.08602404594421,0.0005381107330322266,14,254,10418.905028966366,OPTIMAL
60,zhuzhou_n25_p16_sc1_seed51_ms10,false,25,16,1,51,13,10,6,0.0012061595916748047,65.6749198436737,0.0006840229034423828,4,258,10248.168555623542,OPTIMAL
60,zhuzhou_n25_p16_sc1_seed51_ms10,false,25,16,1,51,13,10,7,0.0010039806365966797,69.15431499481201,0.07555508613586426,4,262,10248.168555623542,OPTIMAL
60,zhuzhou_n25_p16_sc1_seed51_ms10,false,25,16,1,51,13,10,8,0.00061798095703125,41.591631174087524,0.0002589225769042969,2,264,9763.713427553987,OPTIMAL
60,zhuzhou_n25_p16_sc1_seed51_ms10,false,25,16,1,51,13,10,9,0.0011391639709472656,52.858633041381836,0.0002269744873046875,2,266,9763.713427553987,OPTIMAL
60,zhuzhou_n25_p16_sc1_seed51_ms10,false,25,16,1,51,13,10,10,0.0006330013275146484,43.352864027023315,0.00020194053649902344,1,267,9763.713427553987,OPTIMAL
60,zhuzhou_n25_p16_sc1_seed51_ms10,false,25,16,1,51,13,10,11,0.0010199546813964844,42.6756911277771,0.0,0,267,9763.713427553987,OPTIMAL
59,zhuzhou_n25_p16_sc1_seed51_ms10,true,25,16,1,51,13,10,1,0.5223088264465332,86.7974021434784,0.27540087699890137,70,70,11082.377366794299,OPTIMAL
59,zhuzhou_n25_p16_sc1_seed51_ms10,true,25,16,1,51,13,10,2,0.0007958412170410156,138.5893371105194,0.2952299118041992,69,139,11082.377366794299,OPTIMAL
59,zhuzhou_n25_p16_sc1_seed51_ms10,true,25,16,1,51,13,10,3,0.001049041748046875,87.16898989677429,0.001917123794555664,55,194,11082.377366794299,OPTIMAL
59,zhuzhou_n25_p16_sc1_seed51_ms10,true,25,16,1,51,13,10,4,0.0016531944274902344,95.22131085395813,0.10614705085754395,29,223,10666.6929719748,OPTIMAL
59,zhuzhou_n25_p16_sc1_seed51_ms10,true,25,16,1,51,13,10,5,0.0009829998016357422,110.63226008415222,0.0011761188507080078,16,239,10418.905028966366,OPTIMAL
59,zhuzhou_n25_p16_sc1_seed51_ms10,true,25,16,1,51,13,10,6,0.001689910888671875,83.07243609428406,0.11993002891540527,7,246,10418.905028966366,OPTIMAL
59,zhuzhou_n25_p16_sc1_seed51_ms10,true,25,16,1,51,13,10,7,0.0008070468902587891,77.51322913169861,0.00039696693420410156,2,248,9763.713427553987,OPTIMAL
59,zhuzhou_n25_p16_sc1_seed51_ms10,true,25,16,1,51,13,10,8,0.0013000965118408203,99.05103492736816,0.0003170967102050781,1,249,9763.713427553987,OPTIMAL
59,zhuzhou_n25_p16_sc1_seed51_ms10,true,25,16,1,51,13,10,9,0.00156402587890625,87.34123706817627,0.0004050731658935547,1,250,9763.713427553987,OPTIMAL
59,zhuzhou_n25_p16_sc1_seed51_ms10,true,25,16,1,51,13,10,10,0.0015709400177001953,76.6587278842926,0.00032901763916015625,1,251,9763.713427553987,OPTIMAL
59,zhuzhou_n25_p16_sc1_seed51_ms10,true,25,16,1,51,13,10,11,0.0013089179992675781,86.82902312278748,0.0,0,251,9763.713427553987,OPTIMAL
