job_id,instance_id,compensated_dominance,n_stations,n_pairs,n_scenarios,seed,k,max_stops,iteration,master_sec,pricing_sec,add_columns_sec,columns_added,columns_accepted,cumulative_columns_added,master_objective,master_status
2,zhuzhou_n10_p16_sc1_seed42_ms10,false,10,16,1,42,5,10,1,0.04855990409851074,6.998166084289551,0.6905279159545898,264,264,264,20119.711949910557,OPTIMAL
2,zhuzhou_n10_p16_sc1_seed42_ms10,false,10,16,1,42,5,10,2,0.001363992691040039,0.4990270137786865,0.004078865051269531,214,214,478,20119.711949910557,OPTIMAL
2,zhuzhou_n10_p16_sc1_seed42_ms10,false,10,16,1,42,5,10,3,0.0014297962188720703,0.30089807510375977,0.13759493827819824,400,400,878,19955.50522299263,OPTIMAL
2,zhuzhou_n10_p16_sc1_seed42_ms10,false,10,16,1,42,5,10,4,0.002126932144165039,0.4305698871612549,0.145704984664917,193,193,1071,17769.765065903066,OPTIMAL
2,zhuzhou_n10_p16_sc1_seed42_ms10,false,10,16,1,42,5,10,5,0.0020809173583984375,0.14593505859375,0.0002830028533935547,4,4,1075,14872.058399236395,OPTIMAL
2,zhuzhou_n10_p16_sc1_seed42_ms10,false,10,16,1,42,5,10,6,0.0015108585357666016,0.053984880447387695,0.00015211105346679688,2,2,1077,14872.058399236395,OPTIMAL
2,zhuzhou_n10_p16_sc1_seed42_ms10,false,10,16,1,42,5,10,7,0.0015997886657714844,0.06121993064880371,0.0001289844512939453,1,1,1078,14872.058399236395,OPTIMAL
2,zhuzhou_n10_p16_sc1_seed42_ms10,false,10,16,1,42,5,10,8,0.0016050338745117188,0.09833192825317383,0.00013208389282226562,1,1,1079,14872.058399236395,OPTIMAL
2,zhuzhou_n10_p16_sc1_seed42_ms10,false,10,16,1,42,5,10,9,0.0014350414276123047,0.053340911865234375,0.0,0,0,1079,14672.058399236397,OPTIMAL
1,zhuzhou_n10_p16_sc1_seed42_ms10,true,10,16,1,42,5,10,1,0.050193071365356445,7.187707901000977,0.6943039894104004,175,175,175,20119.711949910557,OPTIMAL
1,zhuzhou_n10_p16_sc1_seed42_ms10,true,10,16,1,42,5,10,2,0.0010280609130859375,0.44921302795410156,0.003931999206542969,178,178,353,20119.711949910557,OPTIMAL
1,zhuzhou_n10_p16_sc1_seed42_ms10,true,10,16,1,42,5,10,3,0.0014278888702392578,0.24253487586975098,0.13026213645935059,306,306,659,19955.50522299263,OPTIMAL
1,zhuzhou_n10_p16_sc1_seed42_ms10,true,10,16,1,42,5,10,4,0.0017900466918945312,0.11780595779418945,0.023019075393676758,154,154,813,17769.765065903062,OPTIMAL
1,zhuzhou_n10_p16_sc1_seed42_ms10,true,10,16,1,42,5,10,5,0.0018270015716552734,0.037262916564941406,0.00023102760314941406,5,5,818,14872.058399236395,OPTIMAL
1,zhuzhou_n10_p16_sc1_seed42_ms10,true,10,16,1,42,5,10,6,0.0013158321380615234,0.3793048858642578,0.00028514862060546875,4,4,822,14872.058399236395,OPTIMAL
1,zhuzhou_n10_p16_sc1_seed42_ms10,true,10,16,1,42,5,10,7,0.0014281272888183594,0.03827500343322754,0.00013113021850585938,1,1,823,14872.058399236395,OPTIMAL
1,zhuzhou_n10_p16_sc1_seed42_ms10,true,10,16,1,42,5,10,8,0.0012960433959960938,0.03971695899963379,0.00012111663818359375,1,1,824,14872.058399236395,OPTIMAL
1,zhuzhou_n10_p16_sc1_seed42_ms10,true,10,16,1,42,5,10,9,0.0013020038604736328,0.03979897499084473,0.00012183189392089844,1,1,825,14872.058399236395,OPTIMAL
1,zhuzhou_n10_p16_sc1_seed42_ms10,true,10,16,1,42,5,10,10,0.0011820793151855469,0.040830135345458984,0.00013184547424316406,1,1,826,14872.058399236395,OPTIMAL
1,zhuzhou_n10_p16_sc1_seed42_ms10,true,10,16,1,42,5,10,11,0.0011799335479736328,0.036821842193603516,0.00011301040649414062,1,1,827,14672.058399236397,OPTIMAL
1,zhuzhou_n10_p16_sc1_seed42_ms10,true,10,16,1,42,5,10,12,0.0011920928955078125,0.03712010383605957,0.00011110305786132812,1,1,828,14672.058399236397,OPTIMAL
1,zhuzhou_n10_p16_sc1_seed42_ms10,true,10,16,1,42,5,10,13,0.0012271404266357422,0.03767085075378418,0.026198148727416992,1,1,829,14672.058399236397,OPTIMAL
1,zhuzhou_n10_p16_sc1_seed42_ms10,true,10,16,1,42,5,10,14,0.0013489723205566406,0.037711143493652344,0.0,0,0,829,14672.058399236397,OPTIMAL
4,zhuzhou_n10_p16_sc1_seed43_ms10,false,10,16,1,43,5,10,1,0.0424349308013916,5.485798120498657,0.20284295082092285,244,244,244,19048.004449936358,OPTIMAL
4,zhuzhou_n10_p16_sc1_seed43_ms10,false,10,16,1,43,5,10,2,0.0009019374847412109,0.18079495429992676,0.0031189918518066406,216,216,460,19048.004449936358,OPTIMAL
4,zhuzhou_n10_p16_sc1_seed43_ms10,false,10,16,1,43,5,10,3,0.0010271072387695312,0.24538707733154297,0.09359598159790039,290,290,750,19048.004449936358,OPTIMAL
4,zhuzhou_n10_p16_sc1_seed43_ms10,false,10,16,1,43,5,10,4,0.0014770030975341797,0.10914897918701172,0.004659175872802734,263,263,1013,18917.86307391984,OPTIMAL
4,zhuzhou_n10_p16_sc1_seed43_ms10,false,10,16,1,43,5,10,5,0.0016701221466064453,0.2444288730621338,0.09912109375,355,355,1368,18821.400660168594,OPTIMAL
4,zhuzhou_n10_p16_sc1_seed43_ms10,false,10,16,1,43,5,10,6,0.002138853073120117,0.506201982498169,0.21933412551879883,157,157,1525,17639.169381811724,OPTIMAL
4,zhuzhou_n10_p16_sc1_seed43_ms10,false,10,16,1,43,5,10,7,0.0021262168884277344,0.13368988037109375,0.0001690387725830078,3,3,1528,14341.121381811725,OPTIMAL
4,zhuzhou_n10_p16_sc1_seed43_ms10,false,10,16,1,43,5,10,8,0.0016160011291503906,0.01804184913635254,0.00015115737915039062,2,2,1530,14341.121381811725,OPTIMAL
4,zhuzhou_n10_p16_sc1_seed43_ms10,false,10,16,1,43,5,10,9,0.0015718936920166016,0.017113924026489258,0.00016498565673828125,3,3,1533,14341.121381811725,OPTIMAL
4,zhuzhou_n10_p16_sc1_seed43_ms10,false,10,16,1,43,5,10,10,0.0016510486602783203,0.017927885055541992,0.00019693374633789062,5,5,1538,14341.121381811725,OPTIMAL
4,zhuzhou_n10_p16_sc1_seed43_ms10,false,10,16,1,43,5,10,11,0.0015721321105957031,0.018230915069580078,0.00021409988403320312,5,5,1543,14341.121381811725,OPTIMAL
4,zhuzhou_n10_p16_sc1_seed43_ms10,false,10,16,1,43,5,10,12,0.0015490055084228516,0.018583059310913086,0.00019478797912597656,5,5,1548,14341.121381811725,OPTIMAL
4,zhuzhou_n10_p16_sc1_seed43_ms10,false,10,16,1,43,5,10,13,0.0015599727630615234,0.018496990203857422,0.00020599365234375,5,5,1553,14341.121381811725,OPTIMAL
4,zhuzhou_n10_p16_sc1_seed43_ms10,false,10,16,1,43,5,10,14,0.0015878677368164062,0.018451929092407227,0.00013589859008789062,2,2,1555,14341.121381811725,OPTIMAL
4,zhuzhou_n10_p16_sc1_seed43_ms10,false,10,16,1,43,5,10,15,0.001405954360961914,0.03272819519042969,0.00015091896057128906,2,2,1557,14341.121381811725,OPTIMAL
4,zhuzhou_n10_p16_sc1_seed43_ms10,false,10,16,1,43,5,10,16,0.0016689300537109375,0.01777482032775879,0.00013399124145507812,2,2,1559,14341.121381811725,OPTIMAL
4,zhuzhou_n10_p16_sc1_seed43_ms10,false,10,16,1,43,5,10,17,0.0014390945434570312,0.01883101463317871,0.00014901161193847656,2,2,1561,14341.121381811725,OPTIMAL
4,zhuzhou_n10_p16_sc1_seed43_ms10,false,10,16,1,43,5,10,18,0.0017120838165283203,0.018892765045166016,0.00010323524475097656,1,1,1562,14341.121381811725,OPTIMAL
4,zhuzhou_n10_p16_sc1_seed43_ms10,false,10,16,1,43,5,10,19,0.001316070556640625,0.01910686492919922,0.00013494491577148438,1,1,1563,14341.121381811725,OPTIMAL
4,zhuzhou_n10_p16_sc1_seed43_ms10,false,10,16,1,43,5,10,20,0.0016629695892333984,0.018657922744750977,0.0001430511474609375,2,2,1565,14341.121381811725,OPTIMAL
4,zhuzhou_n10_p16_sc1_seed43_ms10,false,10,16,1,43,5,10,21,0.0013339519500732422,0.018780946731567383,0.0001480579376220703,2,2,1567,14341.121381811725,OPTIMAL
4,zhuzhou_n10_p16_sc1_seed43_ms10,false,10,16,1,43,5,10,22,0.0014760494232177734,0.019487857818603516,0.0001201629638671875,1,1,1568,14341.121381811725,OPTIMAL
4,zhuzhou_n10_p16_sc1_seed43_ms10,false,10,16,1,43,5,10,23,0.0013740062713623047,0.22320795059204102,0.10134005546569824,1,1,1569,14341.121381811725,OPTIMAL
4,zhuzhou_n10_p16_sc1_seed43_ms10,false,10,16,1,43,5,10,24,0.0015039443969726562,0.09830999374389648,0.00015306472778320312,2,2,1571,14341.121381811725,OPTIMAL
4,zhuzhou_n10_p16_sc1_seed43_ms10,false,10,16,1,43,5,10,25,0.0016028881072998047,0.019730091094970703,0.00011396408081054688,1,1,1572,14341.121381811725,OPTIMAL
4,zhuzhou_n10_p16_sc1_seed43_ms10,false,10,16,1,43,5,10,26,0.0012738704681396484,0.02030014991760254,0.0001289844512939453,1,1,1573,14341.121381811725,OPTIMAL
4,zhuzhou_n10_p16_sc1_seed43_ms10,false,10,16,1,43,5,10,27,0.002001047134399414,0.020732879638671875,0.00011205673217773438,1,1,1574,14341.121381811725,OPTIMAL
4,zhuzhou_n10_p16_sc1_seed43_ms10,false,10,16,1,43,5,10,28,0.001241922378540039,0.02010822296142578,0.0001277923583984375,1,1,1575,14341.121381811725,OPTIMAL
4,zhuzhou_n10_p16_sc1_seed43_ms10,false,10,16,1,43,5,10,29,0.0017151832580566406,0.02002716064453125,0.0005300045013427734,1,1,1576,14341.121381811725,OPTIMAL
4,zhuzhou_n10_p16_sc1_seed43_ms10,false,10,16,1,43,5,10,30,0.0016999244689941406,0.22493696212768555,0.11471009254455566,1,1,1577,14341.121381811725,OPTIMAL
4,zhuzhou_n10_p16_sc1_seed43_ms10,false,10,16,1,43,5,10,31,0.0020949840545654297,0.09981393814086914,0.0,0,0,1577,14141.121381811725,OPTIMAL
3,zhuzhou_n10_p16_sc1_seed43_ms10,true,10,16,1,43,5,10,1,0.042057037353515625,5.524044990539551,0.20627403259277344,202,202,202,19048.004449936358,OPTIMAL
3,zhuzhou_n10_p16_sc1_seed43_ms10,true,10,16,1,43,5,10,2,0.0007622241973876953,0.1726381778717041,0.0027189254760742188,190,190,392,19048.004449936358,OPTIMAL
3,zhuzhou_n10_p16_sc1_seed43_ms10,true,10,16,1,43,5,10,3,0.0009701251983642578,0.21564006805419922,0.08302903175354004,245,245,637,19048.004449936358,OPTIMAL
3,zhuzhou_n10_p16_sc1_seed43_ms10,true,10,16,1,43,5,10,4,0.0013349056243896484,0.1229391098022461,0.0037240982055664062,242,242,879,18917.86307391984,OPTIMAL
3,zhuzhou_n10_p16_sc1_seed43_ms10,true,10,16,1,43,5,10,5,0.0016319751739501953,0.24362516403198242,0.09834980964660645,275,275,1154,18821.400660168594,OPTIMAL
3,zhuzhou_n10_p16_sc1_seed43_ms10,true,10,16,1,43,5,10,6,0.0017240047454833984,0.49625086784362793,0.21060895919799805,129,129,1283,17639.169381811724,OPTIMAL
3,zhuzhou_n10_p16_sc1_seed43_ms10,true,10,16,1,43,5,10,7,0.0022439956665039062,0.1483759880065918,0.0002608299255371094,5,5,1288,14341.121381811725,OPTIMAL
3,zhuzhou_n10_p16_sc1_seed43_ms10,true,10,16,1,43,5,10,8,0.0015828609466552734,0.041841983795166016,0.00018596649169921875,5,5,1293,14341.121381811725,OPTIMAL
3,zhuzhou_n10_p16_sc1_seed43_ms10,true,10,16,1,43,5,10,9,0.0014138221740722656,0.016123056411743164,0.00020599365234375,5,5,1298,14341.121381811725,OPTIMAL
3,zhuzhou_n10_p16_sc1_seed43_ms10,true,10,16,1,43,5,10,10,0.0013890266418457031,0.015253067016601562,0.0001518726348876953,3,3,1301,14341.121381811725,OPTIMAL
3,zhuzhou_n10_p16_sc1_seed43_ms10,true,10,16,1,43,5,10,11,0.0013420581817626953,0.01572895050048828,7.891654968261719e-5,1,1,1302,14341.121381811725,OPTIMAL
3,zhuzhou_n10_p16_sc1_seed43_ms10,true,10,16,1,43,5,10,12,0.0011429786682128906,0.015799999237060547,8.0108642578125e-5,1,1,1303,14341.121381811725,OPTIMAL
3,zhuzhou_n10_p16_sc1_seed43_ms10,true,10,16,1,43,5,10,13,0.001194000244140625,0.016417980194091797,8.893013000488281e-5,1,1,1304,14341.121381811725,OPTIMAL
3,zhuzhou_n10_p16_sc1_seed43_ms10,true,10,16,1,43,5,10,14,0.0014650821685791016,0.01736617088317871,0.0003218650817871094,4,4,1308,14341.121381811725,OPTIMAL
3,zhuzhou_n10_p16_sc1_seed43_ms10,true,10,16,1,43,5,10,15,0.0015299320220947266,0.01644611358642578,0.0001888275146484375,4,4,1312,14341.121381811725,OPTIMAL
3,zhuzhou_n10_p16_sc1_seed43_ms10,true,10,16,1,43,5,10,16,0.001316070556640625,0.016026973724365234,0.0001049041748046875,2,2,1314,14341.121381811725,OPTIMAL
3,zhuzhou_n10_p16_sc1_seed43_ms10,true,10,16,1,43,5,10,17,0.0012631416320800781,0.01609206199645996,0.00011491775512695312,2,2,1316,14341.121381811725,OPTIMAL
3,zhuzhou_n10_p16_sc1_seed43_ms10,true,10,16,1,43,5,10,18,0.0012199878692626953,0.017049074172973633,0.000125885009765625,2,2,1318,14341.121381811725,OPTIMAL
3,zhuzhou_n10_p16_sc1_seed43_ms10,true,10,16,1,43,5,10,19,0.0012798309326171875,0.030900001525878906,0.00013899803161621094,2,2,1320,14341.121381811725,OPTIMAL
3,zhuzhou_n10_p16_sc1_seed43_ms10,true,10,16,1,43,5,10,20,0.0014660358428955078,0.015756845474243164,0.00013518333435058594,2,2,1322,14341.121381811725,OPTIMAL
3,zhuzhou_n10_p16_sc1_seed43_ms10,true,10,16,1,43,5,10,21,0.0011432170867919922,0.015963077545166016,0.0001270771026611328,2,2,1324,14341.121381811725,OPTIMAL
3,zhuzhou_n10_p16_sc1_seed43_ms10,true,10,16,1,43,5,10,22,0.0013451576232910156,0.016093969345092773,9.393692016601562e-5,1,1,1325,14341.121381811725,OPTIMAL
3,zhuzhou_n10_p16_sc1_seed43_ms10,true,10,16,1,43,5,10,23,0.0012159347534179688,0.015993118286132812,9.489059448242188e-5,1,1,1326,14341.121381811725,OPTIMAL
3,zhuzhou_n10_p16_sc1_seed43_ms10,true,10,16,1,43,5,10,24,0.0010869503021240234,0.016122102737426758,9.703636169433594e-5,1,1,1327,14341.121381811725,OPTIMAL
3,zhuzhou_n10_p16_sc1_seed43_ms10,true,10,16,1,43,5,10,25,0.00138092041015625,0.016489028930664062,9.202957153320312e-5,1,1,1328,14341.121381811725,OPTIMAL
3,zhuzhou_n10_p16_sc1_seed43_ms10,true,10,16,1,43,5,10,26,0.0010728836059570312,0.016479015350341797,0.00011682510375976562,1,1,1329,14341.121381811725,OPTIMAL
3,zhuzhou_n10_p16_sc1_seed43_ms10,true,10,16,1,43,5,10,27,0.001371145248413086,0.017188072204589844,0.00010395050048828125,1,1,1330,14341.121381811725,OPTIMAL
3,zhuzhou_n10_p16_sc1_seed43_ms10,true,10,16,1,43,5,10,28,0.0011599063873291016,0.2055950164794922,0.10983109474182129,1,1,1331,14341.121381811725,OPTIMAL
3,zhuzhou_n10_p16_sc1_seed43_ms10,true,10,16,1,43,5,10,29,0.0015480518341064453,0.09316706657409668,0.0001289844512939453,1,1,1332,14341.121381811725,OPTIMAL
3,zhuzhou_n10_p16_sc1_seed43_ms10,true,10,16,1,43,5,10,30,0.001566171646118164,0.016402006149291992,0.0001938343048095703,4,4,1336,14341.121381811725,OPTIMAL
3,zhuzhou_n10_p16_sc1_seed43_ms10,true,10,16,1,43,5,10,31,0.0014760494232177734,0.04198288917541504,0.00014495849609375,2,2,1338,14341.121381811725,OPTIMAL
3,zhuzhou_n10_p16_sc1_seed43_ms10,true,10,16,1,43,5,10,32,0.0013091564178466797,0.04270005226135254,0.0001499652862548828,2,2,1340,14341.121381811725,OPTIMAL
3,zhuzhou_n10_p16_sc1_seed43_ms10,true,10,16,1,43,5,10,33,0.001233816146850586,0.041552066802978516,0.00014090538024902344,2,2,1342,14341.121381811725,OPTIMAL
3,zhuzhou_n10_p16_sc1_seed43_ms10,true,10,16,1,43,5,10,34,0.0012090206146240234,0.2396988868713379,0.11182093620300293,2,2,1344,14341.121381811725,OPTIMAL
3,zhuzhou_n10_p16_sc1_seed43_ms10,true,10,16,1,43,5,10,35,0.001505136489868164,0.10665392875671387,0.0,0,0,1344,14141.121381811725,OPTIMAL
6,zhuzhou_n10_p16_sc1_seed44_ms10,false,10,16,1,44,5,10,1,0.042188167572021484,4.950297832489014,0.0002009868621826172,6,6,6,9364.321170544128,OPTIMAL
6,zhuzhou_n10_p16_sc1_seed44_ms10,false,10,16,1,44,5,10,2,0.00035190582275390625,0.2743239402770996,0.07997703552246094,5,5,11,9364.321170544128,OPTIMAL
6,zhuzhou_n10_p16_sc1_seed44_ms10,false,10,16,1,44,5,10,3,0.0003681182861328125,0.24410319328308105,0.09506988525390625,5,5,16,9364.321170544128,OPTIMAL
6,zhuzhou_n10_p16_sc1_seed44_ms10,false,10,16,1,44,5,10,4,0.0003650188446044922,0.10511493682861328,6.794929504394531e-5,1,1,17,9364.321170544128,OPTIMAL
6,zhuzhou_n10_p16_sc1_seed44_ms10,false,10,16,1,44,5,10,5,0.0002999305725097656,0.058148860931396484,8.0108642578125e-5,1,1,18,9364.321170544128,OPTIMAL
6,zhuzhou_n10_p16_sc1_seed44_ms10,false,10,16,1,44,5,10,6,0.0004208087921142578,0.16802096366882324,0.07235503196716309,5,5,23,9364.321170544128,OPTIMAL
6,zhuzhou_n10_p16_sc1_seed44_ms10,false,10,16,1,44,5,10,7,0.0004639625549316406,0.07200503349304199,6.914138793945312e-5,1,1,24,9364.321170544128,OPTIMAL
6,zhuzhou_n10_p16_sc1_seed44_ms10,false,10,16,1,44,5,10,8,0.00033402442932128906,0.02674579620361328,0.00010180473327636719,2,2,26,9364.321170544128,OPTIMAL
6,zhuzhou_n10_p16_sc1_seed44_ms10,false,10,16,1,44,5,10,9,0.0004260540008544922,0.026515960693359375,0.00014400482177734375,5,5,31,9364.321170544128,OPTIMAL
6,zhuzhou_n10_p16_sc1_seed44_ms10,false,10,16,1,44,5,10,10,0.00049591064453125,0.028717994689941406,0.0001380443572998047,4,4,35,9364.321170544128,OPTIMAL
6,zhuzhou_n10_p16_sc1_seed44_ms10,false,10,16,1,44,5,10,11,0.0004980564117431641,0.04350900650024414,7.915496826171875e-5,1,1,36,9364.321170544128,OPTIMAL
6,zhuzhou_n10_p16_sc1_seed44_ms10,false,10,16,1,44,5,10,12,0.00035500526428222656,0.028033018112182617,8.487701416015625e-5,1,1,37,9364.321170544128,OPTIMAL
6,zhuzhou_n10_p16_sc1_seed44_ms10,false,10,16,1,44,5,10,13,0.000514984130859375,0.026707887649536133,7.605552673339844e-5,1,1,38,9364.321170544128,OPTIMAL
6,zhuzhou_n10_p16_sc1_seed44_ms10,false,10,16,1,44,5,10,14,0.0003409385681152344,0.0270078182220459,8.320808410644531e-5,1,1,39,9364.321170544128,OPTIMAL
6,zhuzhou_n10_p16_sc1_seed44_ms10,false,10,16,1,44,5,10,15,0.00048613548278808594,0.19803500175476074,0.09118294715881348,5,5,44,9364.321170544128,OPTIMAL
6,zhuzhou_n10_p16_sc1_seed44_ms10,false,10,16,1,44,5,10,16,0.0005791187286376953,0.09402585029602051,9.322166442871094e-5,1,1,45,9364.321170544128,OPTIMAL
6,zhuzhou_n10_p16_sc1_seed44_ms10,false,10,16,1,44,5,10,17,0.0005199909210205078,0.03989696502685547,8.296966552734375e-5,1,1,46,9364.321170544128,OPTIMAL
6,zhuzhou_n10_p16_sc1_seed44_ms10,false,10,16,1,44,5,10,18,0.0004429817199707031,0.02717304229736328,8.988380432128906e-5,1,1,47,9364.321170544128,OPTIMAL
6,zhuzhou_n10_p16_sc1_seed44_ms10,false,10,16,1,44,5,10,19,0.00040793418884277344,0.022591829299926758,0.0,0,0,47,9164.32117054413,OPTIMAL
5,zhuzhou_n10_p16_sc1_seed44_ms10,true,10,16,1,44,5,10,1,0.04166889190673828,4.9891839027404785,0.000202178955078125,6,6,6,9364.321170544128,OPTIMAL
5,zhuzhou_n10_p16_sc1_seed44_ms10,true,10,16,1,44,5,10,2,0.0003600120544433594,0.26708984375,0.0802161693572998,5,5,11,9364.321170544128,OPTIMAL
5,zhuzhou_n10_p16_sc1_seed44_ms10,true,10,16,1,44,5,10,3,0.0003979206085205078,0.2466878890991211,0.09720802307128906,5,5,16,9364.321170544128,OPTIMAL
5,zhuzhou_n10_p16_sc1_seed44_ms10,true,10,16,1,44,5,10,4,0.00036215782165527344,0.10017609596252441,7.200241088867188e-5,1,1,17,9364.321170544128,OPTIMAL
5,zhuzhou_n10_p16_sc1_seed44_ms10,true,10,16,1,44,5,10,5,0.0003108978271484375,0.020360946655273438,8.106231689453125e-5,1,1,18,9364.321170544128,OPTIMAL
5,zhuzhou_n10_p16_sc1_seed44_ms10,true,10,16,1,44,5,10,6,0.0004611015319824219,0.1743772029876709,0.08333301544189453,5,5,23,9364.321170544128,OPTIMAL
5,zhuzhou_n10_p16_sc1_seed44_ms10,true,10,16,1,44,5,10,7,0.00046896934509277344,0.06376814842224121,6.4849853515625e-5,1,1,24,9364.321170544128,OPTIMAL
5,zhuzhou_n10_p16_sc1_seed44_ms10,true,10,16,1,44,5,10,8,0.00031113624572753906,0.01876091957092285,9.393692016601562e-5,2,2,26,9364.321170544128,OPTIMAL
5,zhuzhou_n10_p16_sc1_seed44_ms10,true,10,16,1,44,5,10,9,0.0004000663757324219,0.05488014221191406,0.00014901161193847656,5,5,31,9364.321170544128,OPTIMAL
5,zhuzhou_n10_p16_sc1_seed44_ms10,true,10,16,1,44,5,10,10,0.0005340576171875,0.019306182861328125,0.00011992454528808594,4,4,35,9364.321170544128,OPTIMAL
5,zhuzhou_n10_p16_sc1_seed44_ms10,true,10,16,1,44,5,10,11,0.0004048347473144531,0.018703937530517578,6.389617919921875e-5,1,1,36,9364.321170544128,OPTIMAL
5,zhuzhou_n10_p16_sc1_seed44_ms10,true,10,16,1,44,5,10,12,0.0003349781036376953,0.019566059112548828,7.009506225585938e-5,1,1,37,9364.321170544128,OPTIMAL
5,zhuzhou_n10_p16_sc1_seed44_ms10,true,10,16,1,44,5,10,13,0.0004680156707763672,0.01888895034790039,6.389617919921875e-5,1,1,38,9364.321170544128,OPTIMAL
5,zhuzhou_n10_p16_sc1_seed44_ms10,true,10,16,1,44,5,10,14,0.0003108978271484375,0.01965188980102539,7.009506225585938e-5,1,1,39,9364.321170544128,OPTIMAL
5,zhuzhou_n10_p16_sc1_seed44_ms10,true,10,16,1,44,5,10,15,0.00044918060302734375,0.18631601333618164,0.0896000862121582,4,4,43,9364.321170544128,OPTIMAL
5,zhuzhou_n10_p16_sc1_seed44_ms10,true,10,16,1,44,5,10,16,0.0004868507385253906,0.08451390266418457,0.00011801719665527344,3,3,46,9364.321170544128,OPTIMAL
5,zhuzhou_n10_p16_sc1_seed44_ms10,true,10,16,1,44,5,10,17,0.0003478527069091797,0.03638005256652832,0.00013589859008789062,4,4,50,9364.321170544128,OPTIMAL
5,zhuzhou_n10_p16_sc1_seed44_ms10,true,10,16,1,44,5,10,18,0.00045490264892578125,0.01952505111694336,7.891654968261719e-5,1,1,51,9364.321170544128,OPTIMAL
5,zhuzhou_n10_p16_sc1_seed44_ms10,true,10,16,1,44,5,10,19,0.00045013427734375,0.019298076629638672,7.796287536621094e-5,1,1,52,9364.321170544128,OPTIMAL
5,zhuzhou_n10_p16_sc1_seed44_ms10,true,10,16,1,44,5,10,20,0.0004730224609375,0.03331303596496582,8.20159912109375e-5,1,1,53,9364.321170544128,OPTIMAL
5,zhuzhou_n10_p16_sc1_seed44_ms10,true,10,16,1,44,5,10,21,0.00041484832763671875,0.019856929779052734,8.106231689453125e-5,1,1,54,9364.321170544128,OPTIMAL
5,zhuzhou_n10_p16_sc1_seed44_ms10,true,10,16,1,44,5,10,22,0.00035881996154785156,0.017256975173950195,0.0,0,0,54,9164.32117054413,OPTIMAL
8,zhuzhou_n10_p16_sc1_seed45_ms10,false,10,16,1,45,5,10,1,0.04340505599975586,5.596228122711182,0.3555619716644287,200,200,200,20223.693251760968,OPTIMAL
8,zhuzhou_n10_p16_sc1_seed45_ms10,false,10,16,1,45,5,10,2,0.0008509159088134766,0.28905820846557617,0.004456996917724609,252,252,452,20223.693251760968,OPTIMAL
8,zhuzhou_n10_p16_sc1_seed45_ms10,false,10,16,1,45,5,10,3,0.0010769367218017578,0.2491610050201416,0.11060500144958496,52,52,504,17260.570183636333,OPTIMAL
8,zhuzhou_n10_p16_sc1_seed45_ms10,false,10,16,1,45,5,10,4,0.0009028911590576172,0.15795588493347168,0.00019121170043945312,4,4,508,15037.290183636334,OPTIMAL
8,zhuzhou_n10_p16_sc1_seed45_ms10,false,10,16,1,45,5,10,5,0.0007448196411132812,0.05725383758544922,0.00014710426330566406,3,3,511,15037.290183636334,OPTIMAL
8,zhuzhou_n10_p16_sc1_seed45_ms10,false,10,16,1,45,5,10,6,0.0007028579711914062,0.05880594253540039,0.00013303756713867188,3,3,514,15037.290183636334,OPTIMAL
8,zhuzhou_n10_p16_sc1_seed45_ms10,false,10,16,1,45,5,10,7,0.0006339550018310547,0.05889892578125,0.00016498565673828125,3,3,517,15037.290183636334,OPTIMAL
8,zhuzhou_n10_p16_sc1_seed45_ms10,false,10,16,1,45,5,10,8,0.0006890296936035156,0.07669186592102051,0.00015211105346679688,4,4,521,15037.290183636334,OPTIMAL
8,zhuzhou_n10_p16_sc1_seed45_ms10,false,10,16,1,45,5,10,9,0.0007679462432861328,0.060051918029785156,0.0002880096435546875,7,7,528,15037.290183636334,OPTIMAL
8,zhuzhou_n10_p16_sc1_seed45_ms10,false,10,16,1,45,5,10,10,0.0008389949798583984,0.0603940486907959,0.0001678466796875,4,4,532,15037.290183636334,OPTIMAL
8,zhuzhou_n10_p16_sc1_seed45_ms10,false,10,16,1,45,5,10,11,0.0008091926574707031,0.059735774993896484,0.00015211105346679688,4,4,536,15037.290183636334,OPTIMAL
8,zhuzhou_n10_p16_sc1_seed45_ms10,false,10,16,1,45,5,10,12,0.0006890296936035156,0.05905795097351074,0.00015997886657714844,4,4,540,15037.290183636334,OPTIMAL
8,zhuzhou_n10_p16_sc1_seed45_ms10,false,10,16,1,45,5,10,13,0.000865936279296875,0.07132601737976074,0.00016880035400390625,3,3,543,15037.290183636334,OPTIMAL
8,zhuzhou_n10_p16_sc1_seed45_ms10,false,10,16,1,45,5,10,14,0.0008571147918701172,0.059288978576660156,0.00015211105346679688,3,3,546,15037.290183636334,OPTIMAL
8,zhuzhou_n10_p16_sc1_seed45_ms10,false,10,16,1,45,5,10,15,0.0007050037384033203,0.0596919059753418,0.000164031982421875,3,3,549,15037.290183636334,OPTIMAL
8,zhuzhou_n10_p16_sc1_seed45_ms10,false,10,16,1,45,5,10,16,0.0007669925689697266,0.25240302085876465,0.10415220260620117,3,3,552,15037.290183636334,OPTIMAL
8,zhuzhou_n10_p16_sc1_seed45_ms10,false,10,16,1,45,5,10,17,0.0006840229034423828,0.13583612442016602,0.0,0,0,552,14837.290183636333,OPTIMAL
7,zhuzhou_n10_p16_sc1_seed45_ms10,true,10,16,1,45,5,10,1,0.03767800331115723,5.0153069496154785,0.31310200691223145,155,155,155,20223.693251760968,OPTIMAL
7,zhuzhou_n10_p16_sc1_seed45_ms10,true,10,16,1,45,5,10,2,0.0006170272827148438,0.26174211502075195,0.002429962158203125,191,191,346,20223.693251760968,OPTIMAL
7,zhuzhou_n10_p16_sc1_seed45_ms10,true,10,16,1,45,5,10,3,0.0008249282836914062,0.19559192657470703,0.0820620059967041,51,51,397,17260.570183636333,OPTIMAL
7,zhuzhou_n10_p16_sc1_seed45_ms10,true,10,16,1,45,5,10,4,0.0006699562072753906,0.3279111385345459,0.00016188621520996094,4,4,401,15037.290183636334,OPTIMAL
7,zhuzhou_n10_p16_sc1_seed45_ms10,true,10,16,1,45,5,10,5,0.0005769729614257812,0.03516888618469238,0.0001220703125,3,3,404,15037.290183636334,OPTIMAL
7,zhuzhou_n10_p16_sc1_seed45_ms10,true,10,16,1,45,5,10,6,0.0006399154663085938,0.036379098892211914,8.296966552734375e-5,1,1,405,15037.290183636334,OPTIMAL
7,zhuzhou_n10_p16_sc1_seed45_ms10,true,10,16,1,45,5,10,7,0.000598907470703125,0.03648114204406738,0.00011706352233886719,3,3,408,15037.290183636334,OPTIMAL
7,zhuzhou_n10_p16_sc1_seed45_ms10,true,10,16,1,45,5,10,8,0.0005638599395751953,0.03700900077819824,0.00011205673217773438,1,1,409,15037.290183636334,OPTIMAL
7,zhuzhou_n10_p16_sc1_seed45_ms10,true,10,16,1,45,5,10,9,0.0005049705505371094,0.037429094314575195,7.891654968261719e-5,1,1,410,15037.290183636334,OPTIMAL
7,zhuzhou_n10_p16_sc1_seed45_ms10,true,10,16,1,45,5,10,10,0.0004999637603759766,0.19934701919555664,0.09154796600341797,1,1,411,15037.290183636334,OPTIMAL
7,zhuzhou_n10_p16_sc1_seed45_ms10,true,10,16,1,45,5,10,11,0.0005221366882324219,0.11861395835876465,0.0,0,0,411,14837.290183636333,OPTIMAL
10,zhuzhou_n10_p16_sc1_seed46_ms10,false,10,16,1,46,5,10,1,0.031384944915771484,4.22587513923645,0.2602980136871338,304,304,304,22341.83939692732,OPTIMAL
10,zhuzhou_n10_p16_sc1_seed46_ms10,false,10,16,1,46,5,10,2,0.0009310245513916016,0.2315990924835205,0.0043261051177978516,347,347,651,21210.743523037163,OPTIMAL
10,zhuzhou_n10_p16_sc1_seed46_ms10,false,10,16,1,46,5,10,3,0.001191854476928711,0.08164405822753906,0.0040950775146484375,324,324,975,20334.1092391104,OPTIMAL
10,zhuzhou_n10_p16_sc1_seed46_ms10,false,10,16,1,46,5,10,4,0.001352071762084961,0.06785416603088379,0.003268003463745117,256,256,1231,20115.04039016644,OPTIMAL
10,zhuzhou_n10_p16_sc1_seed46_ms10,false,10,16,1,46,5,10,5,0.0012488365173339844,0.4743931293487549,0.20045709609985352,204,204,1435,18615.46955627896,OPTIMAL
10,zhuzhou_n10_p16_sc1_seed46_ms10,false,10,16,1,46,5,10,6,0.0012221336364746094,0.134796142578125,9.584426879882812e-5,2,2,1437,15503.019715630606,OPTIMAL
10,zhuzhou_n10_p16_sc1_seed46_ms10,false,10,16,1,46,5,10,7,0.0009930133819580078,0.013265132904052734,5.888938903808594e-5,1,1,1438,15503.019715630606,OPTIMAL
10,zhuzhou_n10_p16_sc1_seed46_ms10,false,10,16,1,46,5,10,8,0.0008828639984130859,0.013047933578491211,4.00543212890625e-5,1,1,1439,15503.019715630606,OPTIMAL
10,zhuzhou_n10_p16_sc1_seed46_ms10,false,10,16,1,46,5,10,9,0.0006339550018310547,0.013278007507324219,4.00543212890625e-5,1,1,1440,15503.019715630606,OPTIMAL
10,zhuzhou_n10_p16_sc1_seed46_ms10,false,10,16,1,46,5,10,10,0.0008959770202636719,0.01349020004272461,4.1961669921875e-5,1,1,1441,15503.019715630606,OPTIMAL
10,zhuzhou_n10_p16_sc1_seed46_ms10,false,10,16,1,46,5,10,11,0.0006821155548095703,0.013694047927856445,4.100799560546875e-5,1,1,1442,15503.019715630606,OPTIMAL
10,zhuzhou_n10_p16_sc1_seed46_ms10,false,10,16,1,46,5,10,12,0.0008890628814697266,0.013257980346679688,0.0,0,0,1442,15503.019715630606,OPTIMAL
9,zhuzhou_n10_p16_sc1_seed46_ms10,true,10,16,1,46,5,10,1,0.04203915596008301,5.494774103164673,0.35157179832458496,293,293,293,22341.83939692732,OPTIMAL
9,zhuzhou_n10_p16_sc1_seed46_ms10,true,10,16,1,46,5,10,2,0.001127004623413086,0.27341389656066895,0.004569053649902344,283,283,576,21210.743523037163,OPTIMAL
9,zhuzhou_n10_p16_sc1_seed46_ms10,true,10,16,1,46,5,10,3,0.0013740062713623047,0.12577319145202637,0.004909992218017578,294,294,870,20334.1092391104,OPTIMAL
9,zhuzhou_n10_p16_sc1_seed46_ms10,true,10,16,1,46,5,10,4,0.001653909683227539,0.0601041316986084,0.0043299198150634766,252,252,1122,20115.04039016644,OPTIMAL
9,zhuzhou_n10_p16_sc1_seed46_ms10,true,10,16,1,46,5,10,5,0.0016579627990722656,0.5902400016784668,0.27900099754333496,192,192,1314,18615.46955627896,OPTIMAL
9,zhuzhou_n10_p16_sc1_seed46_ms10,true,10,16,1,46,5,10,6,0.0020110607147216797,0.18489909172058105,0.00011682510375976562,2,2,1316,15503.019715630606,OPTIMAL
9,zhuzhou_n10_p16_sc1_seed46_ms10,true,10,16,1,46,5,10,7,0.0014150142669677734,0.015584945678710938,7.915496826171875e-5,1,1,1317,15503.019715630606,OPTIMAL
9,zhuzhou_n10_p16_sc1_seed46_ms10,true,10,16,1,46,5,10,8,0.0013568401336669922,0.015913009643554688,7.200241088867188e-5,1,1,1318,15503.019715630606,OPTIMAL
9,zhuzhou_n10_p16_sc1_seed46_ms10,true,10,16,1,46,5,10,9,0.0010750293731689453,0.01599597930908203,6.890296936035156e-5,1,1,1319,15503.019715630606,OPTIMAL
9,zhuzhou_n10_p16_sc1_seed46_ms10,true,10,16,1,46,5,10,10,0.0013079643249511719,0.01581120491027832,6.985664367675781e-5,1,1,1320,15503.019715630606,OPTIMAL
9,zhuzhou_n10_p16_sc1_seed46_ms10,true,10,16,1,46,5,10,11,0.001049041748046875,0.016091108322143555,7.081031799316406e-5,1,1,1321,15503.019715630606,OPTIMAL
9,zhuzhou_n10_p16_sc1_seed46_ms10,true,10,16,1,46,5,10,12,0.0012819766998291016,0.03950786590576172,0.0,0,0,1321,15503.019715630606,OPTIMAL
12,zhuzhou_n10_p16_sc1_seed47_ms10,false,10,16,1,47,5,10,1,0.0296478271484375,3.4647350311279297,0.0006120204925537109,39,39,39,16368.933216068528,OPTIMAL
12,zhuzhou_n10_p16_sc1_seed47_ms10,false,10,16,1,47,5,10,2,0.0003490447998046875,0.22693586349487305,0.11720895767211914,38,38,77,16368.933216068528,OPTIMAL
12,zhuzhou_n10_p16_sc1_seed47_ms10,false,10,16,1,47,5,10,3,0.00034499168395996094,0.31658291816711426,0.10951495170593262,34,34,111,16368.933216068528,OPTIMAL
12,zhuzhou_n10_p16_sc1_seed47_ms10,false,10,16,1,47,5,10,4,0.0003790855407714844,0.23328113555908203,0.10494589805603027,62,62,173,16368.933216068528,OPTIMAL
12,zhuzhou_n10_p16_sc1_seed47_ms10,false,10,16,1,47,5,10,5,0.0004889965057373047,0.0581049919128418,6.079673767089844e-5,2,2,175,12815.333216068528,OPTIMAL
12,zhuzhou_n10_p16_sc1_seed47_ms10,false,10,16,1,47,5,10,6,0.0003390312194824219,0.012896060943603516,4.00543212890625e-5,1,1,176,12815.333216068528,OPTIMAL
12,zhuzhou_n10_p16_sc1_seed47_ms10,false,10,16,1,47,5,10,7,0.00028514862060546875,0.03465700149536133,5.507469177246094e-5,2,2,178,12815.333216068528,OPTIMAL
12,zhuzhou_n10_p16_sc1_seed47_ms10,false,10,16,1,47,5,10,8,0.00036406517028808594,0.012870073318481445,3.695487976074219e-5,1,1,179,12815.333216068528,OPTIMAL
12,zhuzhou_n10_p16_sc1_seed47_ms10,false,10,16,1,47,5,10,9,0.000331878662109375,0.013072967529296875,3.0040740966796875e-5,1,1,180,12815.333216068528,OPTIMAL
12,zhuzhou_n10_p16_sc1_seed47_ms10,false,10,16,1,47,5,10,10,0.0003409385681152344,0.01285099983215332,0.0,0,0,180,12815.333216068528,OPTIMAL
11,zhuzhou_n10_p16_sc1_seed47_ms10,true,10,16,1,47,5,10,1,0.030030012130737305,3.4506118297576904,0.0005710124969482422,38,38,38,16368.933216068528,OPTIMAL
11,zhuzhou_n10_p16_sc1_seed47_ms10,true,10,16,1,47,5,10,2,0.00031495094299316406,0.22402000427246094,0.11690402030944824,37,37,75,16368.933216068528,OPTIMAL
11,zhuzhou_n10_p16_sc1_seed47_ms10,true,10,16,1,47,5,10,3,0.0003311634063720703,0.3502628803253174,0.10976815223693848,33,33,108,16368.933216068528,OPTIMAL
11,zhuzhou_n10_p16_sc1_seed47_ms10,true,10,16,1,47,5,10,4,0.0004241466522216797,0.2280731201171875,0.1040339469909668,49,49,157,16368.933216068528,OPTIMAL
11,zhuzhou_n10_p16_sc1_seed47_ms10,true,10,16,1,47,5,10,5,0.0004470348358154297,0.05521893501281738,4.696846008300781e-5,2,2,159,12815.333216068528,OPTIMAL
11,zhuzhou_n10_p16_sc1_seed47_ms10,true,10,16,1,47,5,10,6,0.0002689361572265625,0.011928081512451172,4.291534423828125e-5,2,2,161,12815.333216068528,OPTIMAL
11,zhuzhou_n10_p16_sc1_seed47_ms10,true,10,16,1,47,5,10,7,0.0002608299255371094,0.011584997177124023,0.0,0,0,161,12815.333216068528,OPTIMAL
14,zhuzhou_n10_p16_sc1_seed48_ms10,false,10,16,1,48,5,10,1,0.029388904571533203,3.838275909423828,0.23558497428894043,208,208,208,19986.734509342838,OPTIMAL
14,zhuzhou_n10_p16_sc1_seed48_ms10,false,10,16,1,48,5,10,2,0.0005369186401367188,0.2038431167602539,0.009178876876831055,213,213,421,19986.734509342838,OPTIMAL
14,zhuzhou_n10_p16_sc1_seed48_ms10,false,10,16,1,48,5,10,3,0.0007929801940917969,0.0389401912689209,0.007122993469238281,236,236,657,19986.734509342838,OPTIMAL
14,zhuzhou_n10_p16_sc1_seed48_ms10,false,10,16,1,48,5,10,4,0.0008800029754638672,0.03409099578857422,0.0029768943786621094,298,298,955,19837.65572365483,OPTIMAL
14,zhuzhou_n10_p16_sc1_seed48_ms10,false,10,16,1,48,5,10,5,0.0009701251983642578,0.2960388660430908,0.13403010368347168,229,229,1184,18295.674190639547,OPTIMAL
14,zhuzhou_n10_p16_sc1_seed48_ms10,false,10,16,1,48,5,10,6,0.0010879039764404297,0.13319897651672363,0.0006110668182373047,34,34,1218,14960.754190639549,OPTIMAL
14,zhuzhou_n10_p16_sc1_seed48_ms10,false,10,16,1,48,5,10,7,0.0011060237884521484,0.025155067443847656,0.0001678466796875,6,6,1224,14960.754190639549,OPTIMAL
14,zhuzhou_n10_p16_sc1_seed48_ms10,false,10,16,1,48,5,10,8,0.0008759498596191406,0.026704072952270508,9.894371032714844e-5,3,3,1227,14960.754190639549,OPTIMAL
14,zhuzhou_n10_p16_sc1_seed48_ms10,false,10,16,1,48,5,10,9,0.0007739067077636719,0.026308059692382812,6.389617919921875e-5,2,2,1229,14960.754190639549,OPTIMAL
14,zhuzhou_n10_p16_sc1_seed48_ms10,false,10,16,1,48,5,10,10,0.0006098747253417969,0.02723407745361328,5.602836608886719e-5,1,1,1230,14960.754190639549,OPTIMAL
14,zhuzhou_n10_p16_sc1_seed48_ms10,false,10,16,1,48,5,10,11,0.0007841587066650391,0.026554107666015625,5.078315734863281e-5,1,1,1231,14960.754190639549,OPTIMAL
14,zhuzhou_n10_p16_sc1_seed48_ms10,false,10,16,1,48,5,10,12,0.000637054443359375,0.027752161026000977,8.893013000488281e-5,2,2,1233,14960.754190639549,OPTIMAL
14,zhuzhou_n10_p16_sc1_seed48_ms10,false,10,16,1,48,5,10,13,0.0006711483001708984,0.05432009696960449,0.0001010894775390625,1,1,1234,14960.754190639549,OPTIMAL
14,zhuzhou_n10_p16_sc1_seed48_ms10,false,10,16,1,48,5,10,14,0.0009629726409912109,0.027004003524780273,5.793571472167969e-5,1,1,1235,14960.754190639549,OPTIMAL
14,zhuzhou_n10_p16_sc1_seed48_ms10,false,10,16,1,48,5,10,15,0.0008180141448974609,0.13159513473510742,0.05432701110839844,1,1,1236,14960.754190639549,OPTIMAL
14,zhuzhou_n10_p16_sc1_seed48_ms10,false,10,16,1,48,5,10,16,0.0007159709930419922,0.0595550537109375,8.106231689453125e-5,1,1,1237,14760.754190639547,OPTIMAL
14,zhuzhou_n10_p16_sc1_seed48_ms10,false,10,16,1,48,5,10,17,0.0006937980651855469,0.026157855987548828,6.198883056640625e-5,1,1,1238,14760.754190639547,OPTIMAL
14,zhuzhou_n10_p16_sc1_seed48_ms10,false,10,16,1,48,5,10,18,0.0006270408630371094,0.025774002075195312,0.0,0,0,1238,14760.754190639547,OPTIMAL
13,zhuzhou_n10_p16_sc1_seed48_ms10,true,10,16,1,48,5,10,1,0.029345989227294922,3.8256959915161133,0.23591899871826172,176,176,176,19986.734509342838,OPTIMAL
13,zhuzhou_n10_p16_sc1_seed48_ms10,true,10,16,1,48,5,10,2,0.0005152225494384766,0.1740708351135254,0.009046077728271484,199,199,375,19986.734509342838,OPTIMAL
13,zhuzhou_n10_p16_sc1_seed48_ms10,true,10,16,1,48,5,10,3,0.0007441043853759766,0.03298377990722656,0.006806135177612305,219,219,594,19986.734509342838,OPTIMAL
13,zhuzhou_n10_p16_sc1_seed48_ms10,true,10,16,1,48,5,10,4,0.0008280277252197266,0.027531862258911133,0.002534151077270508,272,272,866,19837.65572365483,OPTIMAL
13,zhuzhou_n10_p16_sc1_seed48_ms10,true,10,16,1,48,5,10,5,0.0008890628814697266,0.28876590728759766,0.13376808166503906,206,206,1072,18295.674190639547,OPTIMAL
13,zhuzhou_n10_p16_sc1_seed48_ms10,true,10,16,1,48,5,10,6,0.0010340213775634766,0.13850188255310059,0.0003001689910888672,18,18,1090,14960.754190639549,OPTIMAL
13,zhuzhou_n10_p16_sc1_seed48_ms10,true,10,16,1,48,5,10,7,0.0009799003601074219,0.02002096176147461,0.0001201629638671875,5,5,1095,14960.754190639549,OPTIMAL
13,zhuzhou_n10_p16_sc1_seed48_ms10,true,10,16,1,48,5,10,8,0.0007200241088867188,0.020590782165527344,0.00010800361633300781,5,5,1100,14960.754190639549,OPTIMAL
13,zhuzhou_n10_p16_sc1_seed48_ms10,true,10,16,1,48,5,10,9,0.0006949901580810547,0.021306991577148438,7.295608520507812e-5,3,3,1103,14960.754190639549,OPTIMAL
13,zhuzhou_n10_p16_sc1_seed48_ms10,true,10,16,1,48,5,10,10,0.0006799697875976562,0.021029949188232422,9.703636169433594e-5,4,4,1107,14960.754190639549,OPTIMAL
13,zhuzhou_n10_p16_sc1_seed48_ms10,true,10,16,1,48,5,10,11,0.0007519721984863281,0.02146005630493164,6.508827209472656e-5,2,2,1109,14960.754190639549,OPTIMAL
13,zhuzhou_n10_p16_sc1_seed48_ms10,true,10,16,1,48,5,10,12,0.0007128715515136719,0.2503960132598877,0.00011515617370605469,2,2,1111,14960.754190639549,OPTIMAL
13,zhuzhou_n10_p16_sc1_seed48_ms10,true,10,16,1,48,5,10,13,0.0008821487426757812,0.022459983825683594,8.702278137207031e-5,2,2,1113,14960.754190639549,OPTIMAL
13,zhuzhou_n10_p16_sc1_seed48_ms10,true,10,16,1,48,5,10,14,0.0007350444793701172,0.022521018981933594,6.699562072753906e-5,1,1,1114,14960.754190639549,OPTIMAL
13,zhuzhou_n10_p16_sc1_seed48_ms10,true,10,16,1,48,5,10,15,0.0007860660552978516,0.02163386344909668,5.507469177246094e-5,1,1,1115,14960.754190639549,OPTIMAL
13,zhuzhou_n10_p16_sc1_seed48_ms10,true,10,16,1,48,5,10,16,0.0006132125854492188,0.12742900848388672,0.05448603630065918,1,1,1116,14960.754190639549,OPTIMAL
13,zhuzhou_n10_p16_sc1_seed48_ms10,true,10,16,1,48,5,10,17,0.0007929801940917969,0.05370283126831055,7.605552673339844e-5,1,1,1117,14760.754190639547,OPTIMAL
13,zhuzhou_n10_p16_sc1_seed48_ms10,true,10,16,1,48,5,10,18,0.0006718635559082031,0.021113157272338867,0.0,0,0,1117,14760.754190639547,OPTIMAL
16,zhuzhou_n10_p16_sc1_seed49_ms10,false,10,16,1,49,5,10,1,0.03029608726501465,3.8249549865722656,0.06620192527770996,138,138,138,19083.909707078517,OPTIMAL
16,zhuzhou_n10_p16_sc1_seed49_ms10,false,10,16,1,49,5,10,2,0.00043320655822753906,0.23779511451721191,0.07086801528930664,137,137,275,19083.909707078517,OPTIMAL
16,zhuzhou_n10_p16_sc1_seed49_ms10,false,10,16,1,49,5,10,3,0.0005168914794921875,0.32117199897766113,0.11552286148071289,181,181,456,19083.909707078517,OPTIMAL
16,zhuzhou_n10_p16_sc1_seed49_ms10,false,10,16,1,49,5,10,4,0.0007050037384033203,0.2666661739349365,0.10485482215881348,213,213,669,19083.909707078517,OPTIMAL
16,zhuzhou_n10_p16_sc1_seed49_ms10,false,10,16,1,49,5,10,5,0.0008718967437744141,0.06875896453857422,0.0,0,0,669,15535.299224528993,OPTIMAL
15,zhuzhou_n10_p16_sc1_seed49_ms10,true,10,16,1,49,5,10,1,0.03016805648803711,3.787621021270752,0.06792616844177246,136,136,136,19083.909707078517,OPTIMAL
15,zhuzhou_n10_p16_sc1_seed49_ms10,true,10,16,1,49,5,10,2,0.0004279613494873047,0.22897005081176758,0.06783390045166016,135,135,271,19083.909707078517,OPTIMAL
15,zhuzhou_n10_p16_sc1_seed49_ms10,true,10,16,1,49,5,10,3,0.00051116943359375,0.3021671772003174,0.11839103698730469,168,168,439,19083.909707078517,OPTIMAL
15,zhuzhou_n10_p16_sc1_seed49_ms10,true,10,16,1,49,5,10,4,0.0006899833679199219,0.27761411666870117,0.10680508613586426,200,200,639,19083.909707078517,OPTIMAL
15,zhuzhou_n10_p16_sc1_seed49_ms10,true,10,16,1,49,5,10,5,0.0008690357208251953,0.06037306785583496,0.0,0,0,639,15535.299224528993,OPTIMAL
18,zhuzhou_n10_p16_sc1_seed50_ms10,false,10,16,1,50,5,10,1,0.03022003173828125,3.2970690727233887,0.00013685226440429688,6,6,6,9384.597540407154,OPTIMAL
18,zhuzhou_n10_p16_sc1_seed50_ms10,false,10,16,1,50,5,10,2,0.00032210350036621094,0.18849396705627441,0.05067896842956543,5,5,11,9384.597540407154,OPTIMAL
18,zhuzhou_n10_p16_sc1_seed50_ms10,false,10,16,1,50,5,10,3,0.0002779960632324219,0.13891220092773438,9.989738464355469e-5,4,4,15,9384.597540407154,OPTIMAL
18,zhuzhou_n10_p16_sc1_seed50_ms10,false,10,16,1,50,5,10,4,0.00029206275939941406,0.013589859008789062,7.319450378417969e-5,4,4,19,9384.597540407154,OPTIMAL
18,zhuzhou_n10_p16_sc1_seed50_ms10,false,10,16,1,50,5,10,5,0.0002410411834716797,0.01390695571899414,6.198883056640625e-5,4,4,23,9384.597540407154,OPTIMAL
18,zhuzhou_n10_p16_sc1_seed50_ms10,false,10,16,1,50,5,10,6,0.0002009868621826172,0.04465818405151367,3.2901763916015625e-5,1,1,24,9384.597540407154,OPTIMAL
18,zhuzhou_n10_p16_sc1_seed50_ms10,false,10,16,1,50,5,10,7,0.0002529621124267578,0.1298069953918457,0.06507611274719238,1,1,25,9384.597540407154,OPTIMAL
18,zhuzhou_n10_p16_sc1_seed50_ms10,false,10,16,1,50,5,10,8,0.0002810955047607422,0.15282487869262695,0.04852604866027832,1,1,26,9384.597540407154,OPTIMAL
18,zhuzhou_n10_p16_sc1_seed50_ms10,false,10,16,1,50,5,10,9,0.00028204917907714844,0.04408693313598633,0.0,0,0,26,9184.597540407156,OPTIMAL
17,zhuzhou_n10_p16_sc1_seed50_ms10,true,10,16,1,50,5,10,1,0.03038191795349121,3.29229998588562,0.00011491775512695312,4,4,4,9384.597540407154,OPTIMAL
17,zhuzhou_n10_p16_sc1_seed50_ms10,true,10,16,1,50,5,10,2,0.0002930164337158203,0.07532906532287598,8.511543273925781e-5,3,3,7,9384.597540407154,OPTIMAL
17,zhuzhou_n10_p16_sc1_seed50_ms10,true,10,16,1,50,5,10,3,0.00026917457580566406,0.009227991104125977,5.507469177246094e-5,3,3,10,9384.597540407154,OPTIMAL
17,zhuzhou_n10_p16_sc1_seed50_ms10,true,10,16,1,50,5,10,4,0.00023102760314941406,0.14093399047851562,0.05024600028991699,2,2,12,9384.597540407154,OPTIMAL
17,zhuzhou_n10_p16_sc1_seed50_ms10,true,10,16,1,50,5,10,5,0.00030994415283203125,0.12717795372009277,8.0108642578125e-5,2,2,14,9384.597540407154,OPTIMAL
17,zhuzhou_n10_p16_sc1_seed50_ms10,true,10,16,1,50,5,10,6,0.00026798248291015625,0.010755777359008789,3.910064697265625e-5,1,1,15,9384.597540407154,OPTIMAL
17,zhuzhou_n10_p16_sc1_seed50_ms10,true,10,16,1,50,5,10,7,0.00021195411682128906,0.020161867141723633,4.9114227294921875e-5,1,1,16,9384.597540407154,OPTIMAL
17,zhuzhou_n10_p16_sc1_seed50_ms10,true,10,16,1,50,5,10,8,0.00019598007202148438,0.12581396102905273,0.0640718936920166,2,2,18,9384.597540407154,OPTIMAL
17,zhuzhou_n10_p16_sc1_seed50_ms10,true,10,16,1,50,5,10,9,0.0003402233123779297,0.058465003967285156,5.1975250244140625e-5,1,1,19,9384.597540407154,OPTIMAL
17,zhuzhou_n10_p16_sc1_seed50_ms10,true,10,16,1,50,5,10,10,0.0003039836883544922,0.010957956314086914,3.910064697265625e-5,1,1,20,9384.597540407154,OPTIMAL
17,zhuzhou_n10_p16_sc1_seed50_ms10,true,10,16,1,50,5,10,11,0.0002720355987548828,0.12418389320373535,0.04827308654785156,1,1,21,9384.597540407154,OPTIMAL
17,zhuzhou_n10_p16_sc1_seed50_ms10,true,10,16,1,50,5,10,12,0.0002880096435546875,0.0402679443359375,0.0,0,0,21,9184.597540407156,OPTIMAL
20,zhuzhou_n10_p16_sc1_seed51_ms10,false,10,16,1,51,5,10,1,0.030768871307373047,3.7409300804138184,0.05734610557556152,68,68,68,19029.479085781604,OPTIMAL
20,zhuzhou_n10_p16_sc1_seed51_ms10,false,10,16,1,51,5,10,2,0.00040411949157714844,0.21427702903747559,0.08897113800048828,66,66,134,19029.479085781604,OPTIMAL
20,zhuzhou_n10_p16_sc1_seed51_ms10,false,10,16,1,51,5,10,3,0.00039386749267578125,0.3069028854370117,0.11313605308532715,63,63,197,19029.479085781604,OPTIMAL
20,zhuzhou_n10_p16_sc1_seed51_ms10,false,10,16,1,51,5,10,4,0.0004820823669433594,0.24179697036743164,0.07062697410583496,82,82,279,19029.479085781604,OPTIMAL
20,zhuzhou_n10_p16_sc1_seed51_ms10,false,10,16,1,51,5,10,5,0.0005970001220703125,0.09973311424255371,0.0,0,0,279,16056.997471353508,OPTIMAL
19,zhuzhou_n10_p16_sc1_seed51_ms10,true,10,16,1,51,5,10,1,0.03169703483581543,3.788166046142578,0.057579994201660156,68,68,68,19029.479085781604,OPTIMAL
19,zhuzhou_n10_p16_sc1_seed51_ms10,true,10,16,1,51,5,10,2,0.0004069805145263672,0.2048499584197998,0.09129810333251953,66,66,134,19029.479085781604,OPTIMAL
19,zhuzhou_n10_p16_sc1_seed51_ms10,true,10,16,1,51,5,10,3,0.0004220008850097656,0.3078310489654541,0.11953902244567871,63,63,197,19029.479085781604,OPTIMAL
19,zhuzhou_n10_p16_sc1_seed51_ms10,true,10,16,1,51,5,10,4,0.0004949569702148438,0.2828531265258789,0.0722200870513916,74,74,271,19029.479085781604,OPTIMAL
19,zhuzhou_n10_p16_sc1_seed51_ms10,true,10,16,1,51,5,10,5,0.0006210803985595703,0.06573486328125,0.0,0,0,271,16056.997471353508,OPTIMAL
22,zhuzhou_n15_p16_sc1_seed42_ms10,false,15,16,1,42,8,10,1,0.03081798553466797,6.682612895965576,0.11477899551391602,75,75,75,13325.165706614025,OPTIMAL
22,zhuzhou_n15_p16_sc1_seed42_ms10,false,15,16,1,42,8,10,2,0.0004799365997314453,3.348299026489258,0.0841360092163086,52,52,127,13309.993459756874,OPTIMAL
22,zhuzhou_n15_p16_sc1_seed42_ms10,false,15,16,1,42,8,10,3,0.0005459785461425781,3.489349126815796,0.12781691551208496,35,35,162,13309.993459756874,OPTIMAL
22,zhuzhou_n15_p16_sc1_seed42_ms10,false,15,16,1,42,8,10,4,0.0005300045013427734,3.3430159091949463,0.00067901611328125,16,16,178,13232.383007421748,OPTIMAL
22,zhuzhou_n15_p16_sc1_seed42_ms10,false,15,16,1,42,8,10,5,0.0005228519439697266,3.944885015487671,0.1474170684814453,12,12,190,13232.383007421748,OPTIMAL
22,zhuzhou_n15_p16_sc1_seed42_ms10,false,15,16,1,42,8,10,6,0.0005340576171875,3.843808889389038,0.000453948974609375,17,17,207,13232.383007421748,OPTIMAL
22,zhuzhou_n15_p16_sc1_seed42_ms10,false,15,16,1,42,8,10,7,0.0006279945373535156,4.046594858169556,0.05642414093017578,10,10,217,13232.383007421748,OPTIMAL
22,zhuzhou_n15_p16_sc1_seed42_ms10,false,15,16,1,42,8,10,8,0.0005369186401367188,3.5644261837005615,0.0001728534698486328,6,6,223,13232.383007421748,OPTIMAL
22,zhuzhou_n15_p16_sc1_seed42_ms10,false,15,16,1,42,8,10,9,0.000553131103515625,3.7088189125061035,0.00027298927307128906,6,6,229,13232.383007421748,OPTIMAL
22,zhuzhou_n15_p16_sc1_seed42_ms10,false,15,16,1,42,8,10,10,0.00084686279296875,3.3563921451568604,0.00025391578674316406,6,6,235,13232.383007421748,OPTIMAL
22,zhuzhou_n15_p16_sc1_seed42_ms10,false,15,16,1,42,8,10,11,0.0005199909210205078,4.011282205581665,0.00025582313537597656,9,9,244,13232.383007421748,OPTIMAL
22,zhuzhou_n15_p16_sc1_seed42_ms10,false,15,16,1,42,8,10,12,0.0006690025329589844,3.6408660411834717,0.0002391338348388672,9,9,253,13232.383007421748,OPTIMAL
22,zhuzhou_n15_p16_sc1_seed42_ms10,false,15,16,1,42,8,10,13,0.0006508827209472656,3.68049693107605,0.00036787986755371094,9,9,262,13232.383007421748,OPTIMAL
22,zhuzhou_n15_p16_sc1_seed42_ms10,false,15,16,1,42,8,10,14,0.0008950233459472656,3.9246609210968018,0.00023102760314941406,8,8,270,13232.383007421748,OPTIMAL
22,zhuzhou_n15_p16_sc1_seed42_ms10,false,15,16,1,42,8,10,15,0.0006988048553466797,3.7057018280029297,0.0002751350402832031,6,6,276,13232.383007421748,OPTIMAL
22,zhuzhou_n15_p16_sc1_seed42_ms10,false,15,16,1,42,8,10,16,0.0005578994750976562,4.180416107177734,0.08029580116271973,6,6,282,13232.383007421748,OPTIMAL
22,zhuzhou_n15_p16_sc1_seed42_ms10,false,15,16,1,42,8,10,17,0.0005459785461425781,3.4455220699310303,0.00014495849609375,3,3,285,13032.383007421751,OPTIMAL
22,zhuzhou_n15_p16_sc1_seed42_ms10,false,15,16,1,42,8,10,18,0.0004968643188476562,3.41838002204895,0.0001537799835205078,3,3,288,13032.383007421751,OPTIMAL
22,zhuzhou_n15_p16_sc1_seed42_ms10,false,15,16,1,42,8,10,19,0.0005099773406982422,3.3894460201263428,0.00015401840209960938,3,3,291,13032.383007421751,OPTIMAL
22,zhuzhou_n15_p16_sc1_seed42_ms10,false,15,16,1,42,8,10,20,0.0005800724029541016,3.70686411857605,0.00023794174194335938,3,3,294,13032.383007421751,OPTIMAL
22,zhuzhou_n15_p16_sc1_seed42_ms10,false,15,16,1,42,8,10,21,0.0008678436279296875,3.5098400115966797,0.0,0,0,294,13032.383007421751,OPTIMAL
21,zhuzhou_n15_p16_sc1_seed42_ms10,true,15,16,1,42,8,10,1,0.030378103256225586,6.136473894119263,0.11398792266845703,46,46,46,13325.165706614025,OPTIMAL
21,zhuzhou_n15_p16_sc1_seed42_ms10,true,15,16,1,42,8,10,2,0.0004830360412597656,3.0753588676452637,0.1915910243988037,28,28,74,13309.993459756874,OPTIMAL
21,zhuzhou_n15_p16_sc1_seed42_ms10,true,15,16,1,42,8,10,3,0.00048089027404785156,2.8559560775756836,0.03526496887207031,19,19,93,13232.383007421748,OPTIMAL
21,zhuzhou_n15_p16_sc1_seed42_ms10,true,15,16,1,42,8,10,4,0.0004391670227050781,2.8284339904785156,0.06725597381591797,17,17,110,13232.383007421748,OPTIMAL
21,zhuzhou_n15_p16_sc1_seed42_ms10,true,15,16,1,42,8,10,5,0.0004818439483642578,2.9599978923797607,0.00047397613525390625,25,25,135,13232.383007421748,OPTIMAL
21,zhuzhou_n15_p16_sc1_seed42_ms10,true,15,16,1,42,8,10,6,0.0007710456848144531,2.776516914367676,0.0003600120544433594,14,14,149,13232.383007421748,OPTIMAL
21,zhuzhou_n15_p16_sc1_seed42_ms10,true,15,16,1,42,8,10,7,0.0006129741668701172,2.8666110038757324,0.0003120899200439453,15,15,164,13232.383007421748,OPTIMAL
21,zhuzhou_n15_p16_sc1_seed42_ms10,true,15,16,1,42,8,10,8,0.0006680488586425781,3.0248219966888428,0.00033283233642578125,18,18,182,13232.383007421748,OPTIMAL
21,zhuzhou_n15_p16_sc1_seed42_ms10,true,15,16,1,42,8,10,9,0.0006949901580810547,2.761337995529175,0.0003108978271484375,8,8,190,13232.383007421748,OPTIMAL
21,zhuzhou_n15_p16_sc1_seed42_ms10,true,15,16,1,42,8,10,10,0.0007860660552978516,3.053701877593994,0.00028514862060546875,7,7,197,13232.383007421748,OPTIMAL
21,zhuzhou_n15_p16_sc1_seed42_ms10,true,15,16,1,42,8,10,11,0.000598907470703125,3.213792085647583,0.0002319812774658203,6,6,203,13232.383007421748,OPTIMAL
21,zhuzhou_n15_p16_sc1_seed42_ms10,true,15,16,1,42,8,10,12,0.0005548000335693359,3.1009631156921387,0.07633090019226074,5,5,208,13232.383007421748,OPTIMAL
21,zhuzhou_n15_p16_sc1_seed42_ms10,true,15,16,1,42,8,10,13,0.0004899501800537109,3.1355690956115723,0.00015091896057128906,4,4,212,13178.291061500408,OPTIMAL
21,zhuzhou_n15_p16_sc1_seed42_ms10,true,15,16,1,42,8,10,14,0.0005040168762207031,3.083791971206665,0.05508708953857422,4,4,216,13178.291061500408,OPTIMAL
21,zhuzhou_n15_p16_sc1_seed42_ms10,true,15,16,1,42,8,10,15,0.0006399154663085938,2.9064369201660156,0.00020813941955566406,4,4,220,13178.291061500408,OPTIMAL
21,zhuzhou_n15_p16_sc1_seed42_ms10,true,15,16,1,42,8,10,16,0.0005249977111816406,3.1023919582366943,0.00013518333435058594,4,4,224,13178.291061500408,OPTIMAL
21,zhuzhou_n15_p16_sc1_seed42_ms10,true,15,16,1,42,8,10,17,0.0005970001220703125,2.90340518951416,0.00019097328186035156,5,5,229,13178.291061500408,OPTIMAL
21,zhuzhou_n15_p16_sc1_seed42_ms10,true,15,16,1,42,8,10,18,0.0006699562072753906,3.12522292137146,0.00019693374633789062,6,6,235,13178.291061500408,OPTIMAL
21,zhuzhou_n15_p16_sc1_seed42_ms10,true,15,16,1,42,8,10,19,0.0006949901580810547,2.9530720710754395,0.00021195411682128906,9,9,244,13178.291061500408,OPTIMAL
21,zhuzhou_n15_p16_sc1_seed42_ms10,true,15,16,1,42,8,10,20,0.0005428791046142578,3.1531569957733154,0.00041604042053222656,10,10,254,13178.291061500408,OPTIMAL
21,zhuzhou_n15_p16_sc1_seed42_ms10,true,15,16,1,42,8,10,21,0.0010221004486083984,2.8849220275878906,0.00021195411682128906,7,7,261,13178.291061500408,OPTIMAL
21,zhuzhou_n15_p16_sc1_seed42_ms10,true,15,16,1,42,8,10,22,0.0006167888641357422,2.9270548820495605,0.0002989768981933594,7,7,268,13178.291061500408,OPTIMAL
21,zhuzhou_n15_p16_sc1_seed42_ms10,true,15,16,1,42,8,10,23,0.0006120204925537109,3.2198939323425293,0.00024509429931640625,7,7,275,13178.291061500408,OPTIMAL
21,zhuzhou_n15_p16_sc1_seed42_ms10,true,15,16,1,42,8,10,24,0.0005891323089599609,2.9804630279541016,0.0002758502960205078,7,7,282,13178.291061500408,OPTIMAL
21,zhuzhou_n15_p16_sc1_seed42_ms10,true,15,16,1,42,8,10,25,0.0006930828094482422,3.21384596824646,0.0002110004425048828,7,7,289,13178.291061500408,OPTIMAL
21,zhuzhou_n15_p16_sc1_seed42_ms10,true,15,16,1,42,8,10,26,0.0005278587341308594,2.876692056655884,0.00020003318786621094,7,7,296,13178.291061500408,OPTIMAL
21,zhuzhou_n15_p16_sc1_seed42_ms10,true,15,16,1,42,8,10,27,0.0006470680236816406,2.949376106262207,0.00020813941955566406,7,7,303,13178.291061500408,OPTIMAL
21,zhuzhou_n15_p16_sc1_seed42_ms10,true,15,16,1,42,8,10,28,0.0006160736083984375,3.179500102996826,0.0002110004425048828,9,9,312,13178.291061500408,OPTIMAL
21,zhuzhou_n15_p16_sc1_seed42_ms10,true,15,16,1,42,8,10,29,0.0006530284881591797,2.899693012237549,0.00032711029052734375,7,7,319,13178.291061500408,OPTIMAL
21,zhuzhou_n15_p16_sc1_seed42_ms10,true,15,16,1,42,8,10,30,0.0010159015655517578,2.913733959197998,0.00021600723266601562,7,7,326,13178.291061500408,OPTIMAL
21,zhuzhou_n15_p16_sc1_seed42_ms10,true,15,16,1,42,8,10,31,0.0006639957427978516,2.830104112625122,0.0002949237823486328,7,7,333,13178.291061500408,OPTIMAL
21,zhuzhou_n15_p16_sc1_seed42_ms10,true,15,16,1,42,8,10,32,0.0008399486541748047,3.180191993713379,0.0002028942108154297,7,7,340,13178.291061500408,OPTIMAL
21,zhuzhou_n15_p16_sc1_seed42_ms10,true,15,16,1,42,8,10,33,0.0005939006805419922,2.9134490489959717,0.0002110004425048828,7,7,347,13178.291061500408,OPTIMAL
21,zhuzhou_n15_p16_sc1_seed42_ms10,true,15,16,1,42,8,10,34,0.0006330013275146484,3.23993182182312,0.0006971359252929688,7,7,354,13178.291061500408,OPTIMAL
21,zhuzhou_n15_p16_sc1_seed42_ms10,true,15,16,1,42,8,10,35,0.0007460117340087891,2.906907081604004,0.00020813941955566406,7,7,361,13178.291061500408,OPTIMAL
21,zhuzhou_n15_p16_sc1_seed42_ms10,true,15,16,1,42,8,10,36,0.0006251335144042969,2.8516669273376465,0.0002529621124267578,7,7,368,13178.291061500408,OPTIMAL
21,zhuzhou_n15_p16_sc1_seed42_ms10,true,15,16,1,42,8,10,37,0.0007419586181640625,3.2414910793304443,0.00020599365234375,7,7,375,13178.291061500408,OPTIMAL
21,zhuzhou_n15_p16_sc1_seed42_ms10,true,15,16,1,42,8,10,38,0.0006039142608642578,2.9521090984344482,0.0002300739288330078,7,7,382,13178.291061500408,OPTIMAL
21,zhuzhou_n15_p16_sc1_seed42_ms10,true,15,16,1,42,8,10,39,0.0007491111755371094,2.8926689624786377,0.00031304359436035156,7,7,389,13178.291061500408,OPTIMAL
21,zhuzhou_n15_p16_sc1_seed42_ms10,true,15,16,1,42,8,10,40,0.0011141300201416016,2.9022018909454346,0.00022411346435546875,7,7,396,13178.291061500408,OPTIMAL
21,zhuzhou_n15_p16_sc1_seed42_ms10,true,15,16,1,42,8,10,41,0.0009210109710693359,3.1679909229278564,0.00022101402282714844,7,7,403,13178.291061500408,OPTIMAL
21,zhuzhou_n15_p16_sc1_seed42_ms10,true,15,16,1,42,8,10,42,0.0009019374847412109,2.9566211700439453,0.000209808349609375,4,4,407,13178.291061500408,OPTIMAL
21,zhuzhou_n15_p16_sc1_seed42_ms10,true,15,16,1,42,8,10,43,0.0008380413055419922,3.183353900909424,0.00022292137145996094,7,7,414,13178.291061500408,OPTIMAL
21,zhuzhou_n15_p16_sc1_seed42_ms10,true,15,16,1,42,8,10,44,0.0007441043853759766,2.969625949859619,0.0006880760192871094,7,7,421,13178.291061500408,OPTIMAL
21,zhuzhou_n15_p16_sc1_seed42_ms10,true,15,16,1,42,8,10,45,0.0008409023284912109,3.2259440422058105,0.00026106834411621094,7,7,428,13178.291061500408,OPTIMAL
21,zhuzhou_n15_p16_sc1_seed42_ms10,true,15,16,1,42,8,10,46,0.0008349418640136719,2.853795051574707,0.00026106834411621094,7,7,435,13178.291061500408,OPTIMAL
21,zhuzhou_n15_p16_sc1_seed42_ms10,true,15,16,1,42,8,10,47,0.0006449222564697266,2.94460391998291,0.00022101402282714844,7,7,442,13178.291061500408,OPTIMAL
21,zhuzhou_n15_p16_sc1_seed42_ms10,true,15,16,1,42,8,10,48,0.0007128715515136719,3.317699909210205,0.07909297943115234,7,7,449,13178.291061500408,OPTIMAL
21,zhuzhou_n15_p16_sc1_seed42_ms10,true,15,16,1,42,8,10,49,0.000698089599609375,2.799427032470703,0.03398895263671875,8,8,457,13032.383007421751,OPTIMAL
21,zhuzhou_n15_p16_sc1_seed42_ms10,true,15,16,1,42,8,10,50,0.0005729198455810547,2.71769380569458,0.0,0,0,457,13032.383007421751,OPTIMAL
24,zhuzhou_n15_p16_sc1_seed43_ms10,false,15,16,1,43,8,10,1,0.03398704528808594,13.37905502319336,0.39048004150390625,1844,1844,1844,21849.798602356208,OPTIMAL
24,zhuzhou_n15_p16_sc1_seed43_ms10,false,15,16,1,43,8,10,2,0.004721879959106445,5.843921184539795,0.1018209457397461,1308,1308,3152,21560.83972882679,OPTIMAL
24,zhuzhou_n15_p16_sc1_seed43_ms10,false,15,16,1,43,8,10,3,0.005012035369873047,8.010523080825806,0.17947101593017578,829,829,3981,18683.247053987703,OPTIMAL
24,zhuzhou_n15_p16_sc1_seed43_ms10,false,15,16,1,43,8,10,4,0.014130115509033203,8.953259944915771,0.01886296272277832,677,677,4658,18657.857039708328,OPTIMAL
24,zhuzhou_n15_p16_sc1_seed43_ms10,false,15,16,1,43,8,10,5,0.006134033203125,8.766784906387329,0.10774016380310059,1071,1071,5729,18657.857039708328,OPTIMAL
24,zhuzhou_n15_p16_sc1_seed43_ms10,false,15,16,1,43,8,10,6,0.009376049041748047,6.812180042266846,0.015530109405517578,443,443,6172,17460.682956351826,OPTIMAL
24,zhuzhou_n15_p16_sc1_seed43_ms10,false,15,16,1,43,8,10,7,0.007133960723876953,4.598275899887085,0.08467316627502441,64,64,6236,16353.199816463817,OPTIMAL
24,zhuzhou_n15_p16_sc1_seed43_ms10,false,15,16,1,43,8,10,8,0.006247043609619141,3.2037599086761475,0.0007839202880859375,15,15,6251,14549.857039708326,OPTIMAL
24,zhuzhou_n15_p16_sc1_seed43_ms10,false,15,16,1,43,8,10,9,0.005471944808959961,3.3596818447113037,0.0006551742553710938,14,14,6265,14549.857039708326,OPTIMAL
24,zhuzhou_n15_p16_sc1_seed43_ms10,false,15,16,1,43,8,10,10,0.005087852478027344,2.5232748985290527,0.0007009506225585938,9,9,6274,14549.857039708326,OPTIMAL
24,zhuzhou_n15_p16_sc1_seed43_ms10,false,15,16,1,43,8,10,11,0.006788969039916992,2.285555124282837,0.0004429817199707031,6,6,6280,14549.857039708326,OPTIMAL
24,zhuzhou_n15_p16_sc1_seed43_ms10,false,15,16,1,43,8,10,12,0.005224943161010742,1.504202127456665,0.00039386749267578125,6,6,6286,14549.857039708326,OPTIMAL
24,zhuzhou_n15_p16_sc1_seed43_ms10,false,15,16,1,43,8,10,13,0.00638890266418457,2.3585660457611084,0.0,0,0,6286,14549.857039708326,OPTIMAL
23,zhuzhou_n15_p16_sc1_seed43_ms10,true,15,16,1,43,8,10,1,0.03403806686401367,10.81606411933899,0.3912038803100586,1018,1018,1018,21849.798602356208,OPTIMAL
23,zhuzhou_n15_p16_sc1_seed43_ms10,true,15,16,1,43,8,10,2,0.0024280548095703125,6.137088060379028,0.30423998832702637,1022,1022,2040,21560.83972882679,OPTIMAL
23,zhuzhou_n15_p16_sc1_seed43_ms10,true,15,16,1,43,8,10,3,0.0040988922119140625,6.469621181488037,0.15698599815368652,669,669,2709,18657.857039708328,OPTIMAL
23,zhuzhou_n15_p16_sc1_seed43_ms10,true,15,16,1,43,8,10,4,0.003899097442626953,6.645480155944824,0.016453981399536133,692,692,3401,18657.857039708328,OPTIMAL
23,zhuzhou_n15_p16_sc1_seed43_ms10,true,15,16,1,43,8,10,5,0.006165027618408203,8.56623888015747,0.2909419536590576,2229,2229,5630,18657.857039708328,OPTIMAL
23,zhuzhou_n15_p16_sc1_seed43_ms10,true,15,16,1,43,8,10,6,0.010454893112182617,3.5802760124206543,0.0019910335540771484,30,30,5660,15260.514076783531,OPTIMAL
23,zhuzhou_n15_p16_sc1_seed43_ms10,true,15,16,1,43,8,10,7,0.007317066192626953,3.312011957168579,0.001249074935913086,27,27,5687,15260.514076783531,OPTIMAL
23,zhuzhou_n15_p16_sc1_seed43_ms10,true,15,16,1,43,8,10,8,0.005842924118041992,2.3299357891082764,0.0008611679077148438,15,15,5702,15260.514076783531,OPTIMAL
23,zhuzhou_n15_p16_sc1_seed43_ms10,true,15,16,1,43,8,10,9,0.004853010177612305,1.9894509315490723,0.0006070137023925781,10,10,5712,15260.514076783531,OPTIMAL
23,zhuzhou_n15_p16_sc1_seed43_ms10,true,15,16,1,43,8,10,10,0.005151987075805664,1.462373971939087,0.0005891323089599609,9,9,5721,15260.514076783531,OPTIMAL
23,zhuzhou_n15_p16_sc1_seed43_ms10,true,15,16,1,43,8,10,11,0.004990816116333008,1.9072129726409912,0.0006260871887207031,8,8,5729,15255.314863756967,OPTIMAL
23,zhuzhou_n15_p16_sc1_seed43_ms10,true,15,16,1,43,8,10,12,0.00493311882019043,1.8617219924926758,0.0005481243133544922,8,8,5737,15255.314863756967,OPTIMAL
23,zhuzhou_n15_p16_sc1_seed43_ms10,true,15,16,1,43,8,10,13,0.005045890808105469,1.7760131359100342,0.0005888938903808594,8,8,5745,15255.314863756967,OPTIMAL
23,zhuzhou_n15_p16_sc1_seed43_ms10,true,15,16,1,43,8,10,14,0.00554203987121582,1.4482970237731934,0.00022602081298828125,1,1,5746,14749.857039708328,OPTIMAL
23,zhuzhou_n15_p16_sc1_seed43_ms10,true,15,16,1,43,8,10,15,0.0042989253997802734,1.1169259548187256,0.0002281665802001953,1,1,5747,14749.857039708328,OPTIMAL
23,zhuzhou_n15_p16_sc1_seed43_ms10,true,15,16,1,43,8,10,16,0.004848957061767578,1.5648670196533203,0.00020885467529296875,1,1,5748,14749.857039708328,OPTIMAL
23,zhuzhou_n15_p16_sc1_seed43_ms10,true,15,16,1,43,8,10,17,0.004359006881713867,1.2773158550262451,0.00022721290588378906,1,1,5749,14749.857039708328,OPTIMAL
23,zhuzhou_n15_p16_sc1_seed43_ms10,true,15,16,1,43,8,10,18,0.004862070083618164,1.3586900234222412,0.0002300739288330078,1,1,5750,14749.857039708328,OPTIMAL
23,zhuzhou_n15_p16_sc1_seed43_ms10,true,15,16,1,43,8,10,19,0.004746913909912109,1.057081937789917,0.0002181529998779297,1,1,5751,14749.857039708328,OPTIMAL
23,zhuzhou_n15_p16_sc1_seed43_ms10,true,15,16,1,43,8,10,20,0.004128932952880859,1.1351242065429688,0.000598907470703125,1,1,5752,14749.857039708328,OPTIMAL
23,zhuzhou_n15_p16_sc1_seed43_ms10,true,15,16,1,43,8,10,21,0.006886005401611328,1.6083178520202637,0.0,0,0,5752,14549.857039708326,OPTIMAL
26,zhuzhou_n15_p16_sc1_seed44_ms10,false,15,16,1,44,8,10,1,0.03857994079589844,5.404227018356323,0.18921899795532227,14,14,14,11857.961094116417,OPTIMAL
26,zhuzhou_n15_p16_sc1_seed44_ms10,false,15,16,1,44,8,10,2,0.00041294097900390625,1.2547509670257568,0.0882730484008789,10,10,24,11857.961094116417,OPTIMAL
26,zhuzhou_n15_p16_sc1_seed44_ms10,false,15,16,1,44,8,10,3,0.0004048347473144531,1.068795919418335,0.03243589401245117,5,5,29,11590.128161279263,OPTIMAL
26,zhuzhou_n15_p16_sc1_seed44_ms10,false,15,16,1,44,8,10,4,0.0004208087921142578,0.8712680339813232,0.08249592781066895,3,3,32,11590.128161279263,OPTIMAL
26,zhuzhou_n15_p16_sc1_seed44_ms10,false,15,16,1,44,8,10,5,0.0004220008850097656,1.0836310386657715,0.1494739055633545,4,4,36,11590.128161279263,OPTIMAL
26,zhuzhou_n15_p16_sc1_seed44_ms10,false,15,16,1,44,8,10,6,0.0003998279571533203,0.7557640075683594,0.0,0,0,36,11390.12816127926,OPTIMAL
25,zhuzhou_n15_p16_sc1_seed44_ms10,true,15,16,1,44,8,10,1,0.03820610046386719,5.276515007019043,0.18846797943115234,14,14,14,11857.961094116417,OPTIMAL
25,zhuzhou_n15_p16_sc1_seed44_ms10,true,15,16,1,44,8,10,2,0.00041294097900390625,1.0689549446105957,0.08719682693481445,10,10,24,11857.961094116417,OPTIMAL
25,zhuzhou_n15_p16_sc1_seed44_ms10,true,15,16,1,44,8,10,3,0.0003960132598876953,0.9942629337310791,0.03251004219055176,5,5,29,11590.128161279263,OPTIMAL
25,zhuzhou_n15_p16_sc1_seed44_ms10,true,15,16,1,44,8,10,4,0.0004088878631591797,0.7728660106658936,0.08157014846801758,3,3,32,11590.128161279263,OPTIMAL
25,zhuzhou_n15_p16_sc1_seed44_ms10,true,15,16,1,44,8,10,5,0.00040793418884277344,1.0016429424285889,0.14799785614013672,4,4,36,11590.128161279263,OPTIMAL
25,zhuzhou_n15_p16_sc1_seed44_ms10,true,15,16,1,44,8,10,6,0.0003750324249267578,0.6822130680084229,0.0,0,0,36,11390.12816127926,OPTIMAL
28,zhuzhou_n15_p16_sc1_seed45_ms10,false,15,16,1,45,8,10,1,0.03879499435424805,9.460340023040771,0.5303540229797363,2011,2011,2011,19808.647275354364,OPTIMAL
28,zhuzhou_n15_p16_sc1_seed45_ms10,false,15,16,1,45,8,10,2,0.004151105880737305,8.585460186004639,0.2265169620513916,2536,2536,4547,19675.72341268687,OPTIMAL
28,zhuzhou_n15_p16_sc1_seed45_ms10,false,15,16,1,45,8,10,3,0.007964134216308594,8.585132122039795,0.21819186210632324,1189,1189,5736,17118.749906523728,OPTIMAL
28,zhuzhou_n15_p16_sc1_seed45_ms10,false,15,16,1,45,8,10,4,0.008467912673950195,3.231273889541626,0.0029981136322021484,114,114,5850,13539.081297427165,OPTIMAL
28,zhuzhou_n15_p16_sc1_seed45_ms10,false,15,16,1,45,8,10,5,0.005404949188232422,1.5221738815307617,0.023468017578125,65,65,5915,13539.081297427165,OPTIMAL
28,zhuzhou_n15_p16_sc1_seed45_ms10,false,15,16,1,45,8,10,6,0.004636049270629883,4.502094984054565,0.002238035202026367,57,57,5972,12827.612248003576,OPTIMAL
28,zhuzhou_n15_p16_sc1_seed45_ms10,false,15,16,1,45,8,10,7,0.0055348873138427734,0.680556058883667,0.00021314620971679688,4,4,5976,11231.224100654737,OPTIMAL
28,zhuzhou_n15_p16_sc1_seed45_ms10,false,15,16,1,45,8,10,8,0.004284858703613281,0.86092209815979,0.00023102760314941406,3,3,5979,11231.224100654737,OPTIMAL
28,zhuzhou_n15_p16_sc1_seed45_ms10,false,15,16,1,45,8,10,9,0.004570960998535156,0.8048360347747803,0.0002200603485107422,3,3,5982,11231.224100654737,OPTIMAL
28,zhuzhou_n15_p16_sc1_seed45_ms10,false,15,16,1,45,8,10,10,0.004261970520019531,0.42400407791137695,0.00023794174194335938,3,3,5985,11231.224100654737,OPTIMAL
28,zhuzhou_n15_p16_sc1_seed45_ms10,false,15,16,1,45,8,10,11,0.004338979721069336,0.46384716033935547,0.00016498565673828125,1,1,5986,11231.224100654737,OPTIMAL
28,zhuzhou_n15_p16_sc1_seed45_ms10,false,15,16,1,45,8,10,12,0.004283905029296875,0.4290781021118164,0.0001800060272216797,1,1,5987,11231.224100654737,OPTIMAL
28,zhuzhou_n15_p16_sc1_seed45_ms10,false,15,16,1,45,8,10,13,0.00488591194152832,0.4309830665588379,0.0,0,0,5987,11231.224100654737,OPTIMAL
27,zhuzhou_n15_p16_sc1_seed45_ms10,true,15,16,1,45,8,10,1,0.038269996643066406,7.524332046508789,0.40265488624572754,1269,1269,1269,19808.647275354364,OPTIMAL
27,zhuzhou_n15_p16_sc1_seed45_ms10,true,15,16,1,45,8,10,2,0.002740144729614258,5.739070892333984,0.20532512664794922,1810,1810,3079,19675.72341268687,OPTIMAL
27,zhuzhou_n15_p16_sc1_seed45_ms10,true,15,16,1,45,8,10,3,0.005196094512939453,1.9640181064605713,0.09386515617370605,425,425,3504,17118.749906523728,OPTIMAL
27,zhuzhou_n15_p16_sc1_seed45_ms10,true,15,16,1,45,8,10,4,0.003799915313720703,3.9306640625,0.0028297901153564453,120,120,3624,13159.207275354365,OPTIMAL
27,zhuzhou_n15_p16_sc1_seed45_ms10,true,15,16,1,45,8,10,5,0.0035049915313720703,1.597377061843872,0.0011179447174072266,56,56,3680,12961.738062055647,OPTIMAL
27,zhuzhou_n15_p16_sc1_seed45_ms10,true,15,16,1,45,8,10,6,0.0028738975524902344,3.102735996246338,0.0014920234680175781,49,49,3729,12827.612248003577,OPTIMAL
27,zhuzhou_n15_p16_sc1_seed45_ms10,true,15,16,1,45,8,10,7,0.002880096435546875,1.5277431011199951,0.00015306472778320312,4,4,3733,11231.224100654737,OPTIMAL
27,zhuzhou_n15_p16_sc1_seed45_ms10,true,15,16,1,45,8,10,8,0.003031015396118164,1.283315896987915,0.0,0,0,3733,11231.224100654737,OPTIMAL
30,zhuzhou_n15_p16_sc1_seed46_ms10,false,15,16,1,46,8,10,1,0.028409957885742188,4.319911003112793,0.0012619495391845703,139,139,139,13601.470808555656,OPTIMAL
30,zhuzhou_n15_p16_sc1_seed46_ms10,false,15,16,1,46,8,10,2,0.0005240440368652344,1.104546070098877,0.049093008041381836,167,167,306,13601.470808555656,OPTIMAL
30,zhuzhou_n15_p16_sc1_seed46_ms10,false,15,16,1,46,8,10,3,0.0006229877471923828,1.2132768630981445,0.12526202201843262,156,156,462,13601.470808555656,OPTIMAL
30,zhuzhou_n15_p16_sc1_seed46_ms10,false,15,16,1,46,8,10,4,0.0007979869842529297,1.4940710067749023,0.14262700080871582,226,226,688,13601.470808555656,OPTIMAL
30,zhuzhou_n15_p16_sc1_seed46_ms10,false,15,16,1,46,8,10,5,0.0010709762573242188,0.9471328258514404,0.0026311874389648438,204,204,892,13601.470808555656,OPTIMAL
30,zhuzhou_n15_p16_sc1_seed46_ms10,false,15,16,1,46,8,10,6,0.0015728473663330078,1.0304529666900635,0.07371997833251953,181,181,1073,13601.470808555656,OPTIMAL
30,zhuzhou_n15_p16_sc1_seed46_ms10,false,15,16,1,46,8,10,7,0.0013401508331298828,1.0257019996643066,0.05647587776184082,179,179,1252,13401.470808555654,OPTIMAL
30,zhuzhou_n15_p16_sc1_seed46_ms10,false,15,16,1,46,8,10,8,0.0014820098876953125,1.2016189098358154,0.0018379688262939453,112,112,1364,13401.470808555654,OPTIMAL
30,zhuzhou_n15_p16_sc1_seed46_ms10,false,15,16,1,46,8,10,9,0.0015981197357177734,0.5526700019836426,0.000431060791015625,17,17,1381,12230.16563788895,OPTIMAL
30,zhuzhou_n15_p16_sc1_seed46_ms10,false,15,16,1,46,8,10,10,0.0012850761413574219,0.5820550918579102,0.0010540485382080078,17,17,1398,12230.16563788895,OPTIMAL
30,zhuzhou_n15_p16_sc1_seed46_ms10,false,15,16,1,46,8,10,11,0.0013310909271240234,0.5474529266357422,0.00039696693420410156,14,14,1412,12230.16563788895,OPTIMAL
30,zhuzhou_n15_p16_sc1_seed46_ms10,false,15,16,1,46,8,10,12,0.0009951591491699219,0.577380895614624,0.0008740425109863281,21,21,1433,12230.16563788895,OPTIMAL
30,zhuzhou_n15_p16_sc1_seed46_ms10,false,15,16,1,46,8,10,13,0.0011899471282958984,0.5953261852264404,0.0005438327789306641,19,19,1452,12230.16563788895,OPTIMAL
30,zhuzhou_n15_p16_sc1_seed46_ms10,false,15,16,1,46,8,10,14,0.0012538433074951172,0.4692659378051758,0.0001800060272216797,4,4,1456,11767.070808555654,OPTIMAL
30,zhuzhou_n15_p16_sc1_seed46_ms10,false,15,16,1,46,8,10,15,0.0011951923370361328,0.716825008392334,0.00020003318786621094,5,5,1461,11767.070808555654,OPTIMAL
30,zhuzhou_n15_p16_sc1_seed46_ms10,false,15,16,1,46,8,10,16,0.001210927963256836,0.47301483154296875,0.00014400482177734375,3,3,1464,11767.070808555654,OPTIMAL
30,zhuzhou_n15_p16_sc1_seed46_ms10,false,15,16,1,46,8,10,17,0.0011911392211914062,0.4701199531555176,0.00023889541625976562,6,6,1470,11767.070808555654,OPTIMAL
30,zhuzhou_n15_p16_sc1_seed46_ms10,false,15,16,1,46,8,10,18,0.0014200210571289062,0.47805094718933105,0.00018906593322753906,4,4,1474,11767.070808555654,OPTIMAL
30,zhuzhou_n15_p16_sc1_seed46_ms10,false,15,16,1,46,8,10,19,0.0010230541229248047,0.4879288673400879,0.00012493133544921875,1,1,1475,11767.070808555654,OPTIMAL
30,zhuzhou_n15_p16_sc1_seed46_ms10,false,15,16,1,46,8,10,20,0.0009391307830810547,0.4642791748046875,0.00017499923706054688,2,2,1477,11767.070808555654,OPTIMAL
30,zhuzhou_n15_p16_sc1_seed46_ms10,false,15,16,1,46,8,10,21,0.0011630058288574219,0.5218770503997803,0.0002799034118652344,2,2,1479,11767.070808555654,OPTIMAL
30,zhuzhou_n15_p16_sc1_seed46_ms10,false,15,16,1,46,8,10,22,0.0015170574188232422,0.7325711250305176,0.00021195411682128906,3,3,1482,11767.070808555654,OPTIMAL
30,zhuzhou_n15_p16_sc1_seed46_ms10,false,15,16,1,46,8,10,23,0.001363992691040039,0.46700000762939453,0.00019216537475585938,3,3,1485,11767.070808555654,OPTIMAL
30,zhuzhou_n15_p16_sc1_seed46_ms10,false,15,16,1,46,8,10,24,0.0011458396911621094,0.4224128723144531,0.00018310546875,3,3,1488,11767.070808555654,OPTIMAL
30,zhuzhou_n15_p16_sc1_seed46_ms10,false,15,16,1,46,8,10,25,0.0010819435119628906,0.422360897064209,0.00019097328186035156,2,2,1490,11767.070808555654,OPTIMAL
30,zhuzhou_n15_p16_sc1_seed46_ms10,false,15,16,1,46,8,10,26,0.0009510517120361328,0.43700504302978516,0.00017905235290527344,2,2,1492,11767.070808555654,OPTIMAL
30,zhuzhou_n15_p16_sc1_seed46_ms10,false,15,16,1,46,8,10,27,0.0011239051818847656,0.420576810836792,0.00025391578674316406,2,2,1494,11767.070808555654,OPTIMAL
30,zhuzhou_n15_p16_sc1_seed46_ms10,false,15,16,1,46,8,10,28,0.0011119842529296875,0.4122300148010254,0.00010395050048828125,1,1,1495,11567.070808555654,OPTIMAL
30,zhuzhou_n15_p16_sc1_seed46_ms10,false,15,16,1,46,8,10,29,0.0009989738464355469,0.3665609359741211,0.00011014938354492188,1,1,1496,11567.070808555654,OPTIMAL
30,zhuzhou_n15_p16_sc1_seed46_ms10,false,15,16,1,46,8,10,30,0.0010101795196533203,0.6228079795837402,0.0001239776611328125,1,1,1497,11567.070808555654,OPTIMAL
30,zhuzhou_n15_p16_sc1_seed46_ms10,false,15,16,1,46,8,10,31,0.0010080337524414062,0.368602991104126,0.00012803077697753906,1,1,1498,11567.070808555654,OPTIMAL
30,zhuzhou_n15_p16_sc1_seed46_ms10,false,15,16,1,46,8,10,32,0.0010449886322021484,0.38520097732543945,0.00011110305786132812,1,1,1499,11567.070808555654,OPTIMAL
30,zhuzhou_n15_p16_sc1_seed46_ms10,false,15,16,1,46,8,10,33,0.0010151863098144531,0.3817281723022461,0.00010800361633300781,1,1,1500,11567.070808555654,OPTIMAL
30,zhuzhou_n15_p16_sc1_seed46_ms10,false,15,16,1,46,8,10,34,0.0010569095611572266,0.3653290271759033,0.0,0,0,1500,11567.070808555654,OPTIMAL
29,zhuzhou_n15_p16_sc1_seed46_ms10,true,15,16,1,46,8,10,1,0.041723012924194336,5.4967780113220215,0.0009999275207519531,119,119,119,13601.470808555656,OPTIMAL
29,zhuzhou_n15_p16_sc1_seed46_ms10,true,15,16,1,46,8,10,2,0.0005850791931152344,1.1413671970367432,0.0637369155883789,126,126,245,13601.470808555656,OPTIMAL
29,zhuzhou_n15_p16_sc1_seed46_ms10,true,15,16,1,46,8,10,3,0.0006308555603027344,1.3215179443359375,0.15787100791931152,125,125,370,13601.470808555656,OPTIMAL
29,zhuzhou_n15_p16_sc1_seed46_ms10,true,15,16,1,46,8,10,4,0.0007078647613525391,1.5908801555633545,0.1944139003753662,144,144,514,13601.470808555656,OPTIMAL
29,zhuzhou_n15_p16_sc1_seed46_ms10,true,15,16,1,46,8,10,5,0.0009038448333740234,1.018739938735962,0.0017249584197998047,145,145,659,13601.470808555656,OPTIMAL
29,zhuzhou_n15_p16_sc1_seed46_ms10,true,15,16,1,46,8,10,6,0.0011630058288574219,1.1362910270690918,0.09071207046508789,142,142,801,13601.470808555656,OPTIMAL
29,zhuzhou_n15_p16_sc1_seed46_ms10,true,15,16,1,46,8,10,7,0.0013539791107177734,0.9605419635772705,0.001447916030883789,101,101,902,13601.470808555656,OPTIMAL
29,zhuzhou_n15_p16_sc1_seed46_ms10,true,15,16,1,46,8,10,8,0.0012547969818115234,1.0579960346221924,0.07036495208740234,129,129,1031,13601.470808555656,OPTIMAL
29,zhuzhou_n15_p16_sc1_seed46_ms10,true,15,16,1,46,8,10,9,0.001486063003540039,1.2724988460540771,0.0021240711212158203,92,92,1123,13401.470808555654,OPTIMAL
29,zhuzhou_n15_p16_sc1_seed46_ms10,true,15,16,1,46,8,10,10,0.0014281272888183594,0.8865799903869629,0.001605987548828125,79,79,1202,13108.906423451783,OPTIMAL
29,zhuzhou_n15_p16_sc1_seed46_ms10,true,15,16,1,46,8,10,11,0.0014340877532958984,0.4494898319244385,0.00021910667419433594,6,6,1208,11767.070808555654,OPTIMAL
29,zhuzhou_n15_p16_sc1_seed46_ms10,true,15,16,1,46,8,10,12,0.001046895980834961,0.4496440887451172,0.00016999244689941406,3,3,1211,11767.070808555654,OPTIMAL
29,zhuzhou_n15_p16_sc1_seed46_ms10,true,15,16,1,46,8,10,13,0.0011539459228515625,0.42528700828552246,0.00026607513427734375,6,6,1217,11767.070808555654,OPTIMAL
29,zhuzhou_n15_p16_sc1_seed46_ms10,true,15,16,1,46,8,10,14,0.0013239383697509766,0.4457521438598633,0.00022792816162109375,4,4,1221,11767.070808555654,OPTIMAL
29,zhuzhou_n15_p16_sc1_seed46_ms10,true,15,16,1,46,8,10,15,0.0009591579437255859,0.502140998840332,0.00020194053649902344,4,4,1225,11767.070808555654,OPTIMAL
29,zhuzhou_n15_p16_sc1_seed46_ms10,true,15,16,1,46,8,10,16,0.0010821819305419922,0.7546439170837402,0.0002040863037109375,4,4,1229,11767.070808555654,OPTIMAL
29,zhuzhou_n15_p16_sc1_seed46_ms10,true,15,16,1,46,8,10,17,0.0011868476867675781,0.4380040168762207,0.00017499923706054688,2,2,1231,11767.070808555654,OPTIMAL
29,zhuzhou_n15_p16_sc1_seed46_ms10,true,15,16,1,46,8,10,18,0.0009400844573974609,0.46610403060913086,0.00018405914306640625,2,2,1233,11767.070808555654,OPTIMAL
29,zhuzhou_n15_p16_sc1_seed46_ms10,true,15,16,1,46,8,10,19,0.0011260509490966797,0.4323160648345947,0.00019979476928710938,2,2,1235,11767.070808555654,OPTIMAL
29,zhuzhou_n15_p16_sc1_seed46_ms10,true,15,16,1,46,8,10,20,0.0011789798736572266,0.453441858291626,0.0001671314239501953,2,2,1237,11767.070808555654,OPTIMAL
29,zhuzhou_n15_p16_sc1_seed46_ms10,true,15,16,1,46,8,10,21,0.0011680126190185547,0.4637000560760498,0.00013494491577148438,1,1,1238,11767.070808555654,OPTIMAL
29,zhuzhou_n15_p16_sc1_seed46_ms10,true,15,16,1,46,8,10,22,0.0009951591491699219,0.43303918838500977,0.00021195411682128906,2,2,1240,11767.070808555654,OPTIMAL
29,zhuzhou_n15_p16_sc1_seed46_ms10,true,15,16,1,46,8,10,23,0.0010578632354736328,0.49410486221313477,0.0003139972686767578,7,7,1247,11767.070808555654,OPTIMAL
29,zhuzhou_n15_p16_sc1_seed46_ms10,true,15,16,1,46,8,10,24,0.0014100074768066406,0.739138126373291,0.000247955322265625,7,7,1254,11767.070808555654,OPTIMAL
29,zhuzhou_n15_p16_sc1_seed46_ms10,true,15,16,1,46,8,10,25,0.0011839866638183594,0.43073606491088867,0.000225067138671875,3,3,1257,11767.070808555654,OPTIMAL
29,zhuzhou_n15_p16_sc1_seed46_ms10,true,15,16,1,46,8,10,26,0.0013527870178222656,0.43506813049316406,0.0001430511474609375,1,1,1258,11767.070808555654,OPTIMAL
29,zhuzhou_n15_p16_sc1_seed46_ms10,true,15,16,1,46,8,10,27,0.0010259151458740234,0.47149205207824707,0.00016498565673828125,1,1,1259,11767.070808555654,OPTIMAL
29,zhuzhou_n15_p16_sc1_seed46_ms10,true,15,16,1,46,8,10,28,0.0010199546813964844,0.43338584899902344,0.0005981922149658203,1,1,1260,11767.070808555654,OPTIMAL
29,zhuzhou_n15_p16_sc1_seed46_ms10,true,15,16,1,46,8,10,29,0.001024007797241211,0.47960805892944336,0.00025010108947753906,1,1,1261,11767.070808555654,OPTIMAL
29,zhuzhou_n15_p16_sc1_seed46_ms10,true,15,16,1,46,8,10,30,0.0014729499816894531,0.4524068832397461,0.00017499923706054688,1,1,1262,11767.070808555654,OPTIMAL
29,zhuzhou_n15_p16_sc1_seed46_ms10,true,15,16,1,46,8,10,31,0.0012221336364746094,0.4181649684906006,0.0,0,0,1262,11567.070808555654,OPTIMAL
32,zhuzhou_n15_p16_sc1_seed47_ms10,false,15,16,1,47,8,10,1,0.04204511642456055,5.191183090209961,0.15963506698608398,376,376,376,14118.402568922289,OPTIMAL
32,zhuzhou_n15_p16_sc1_seed47_ms10,false,15,16,1,47,8,10,2,0.0009458065032958984,0.8243801593780518,0.1834578514099121,385,385,761,14118.402568922289,OPTIMAL
32,zhuzhou_n15_p16_sc1_seed47_ms10,false,15,16,1,47,8,10,3,0.0012199878692626953,1.0598218441009521,0.24297690391540527,508,508,1269,14118.402568922289,OPTIMAL
32,zhuzhou_n15_p16_sc1_seed47_ms10,false,15,16,1,47,8,10,4,0.0019199848175048828,0.9486539363861084,0.010865211486816406,543,543,1812,13918.40256892229,OPTIMAL
32,zhuzhou_n15_p16_sc1_seed47_ms10,false,15,16,1,47,8,10,5,0.0025298595428466797,0.47008180618286133,0.010099172592163086,502,502,2314,13918.40256892229,OPTIMAL
32,zhuzhou_n15_p16_sc1_seed47_ms10,false,15,16,1,47,8,10,6,0.0026578903198242188,0.5738611221313477,0.047438859939575195,897,897,3211,13918.40256892229,OPTIMAL
32,zhuzhou_n15_p16_sc1_seed47_ms10,false,15,16,1,47,8,10,7,0.003574848175048828,0.43889403343200684,0.014127016067504883,158,158,3369,12717.523821765237,OPTIMAL
32,zhuzhou_n15_p16_sc1_seed47_ms10,false,15,16,1,47,8,10,8,0.002546072006225586,0.46919703483581543,0.0036389827728271484,136,136,3505,12717.523821765237,OPTIMAL
32,zhuzhou_n15_p16_sc1_seed47_ms10,false,15,16,1,47,8,10,9,0.002900838851928711,0.46541309356689453,0.004057884216308594,160,160,3665,12717.523821765235,OPTIMAL
32,zhuzhou_n15_p16_sc1_seed47_ms10,false,15,16,1,47,8,10,10,0.002755880355834961,0.6005151271820068,0.06926608085632324,50,50,3715,12420.85338247386,OPTIMAL
32,zhuzhou_n15_p16_sc1_seed47_ms10,false,15,16,1,47,8,10,11,0.002591848373413086,0.7470769882202148,0.0005590915679931641,5,5,3720,11224.063907145852,OPTIMAL
32,zhuzhou_n15_p16_sc1_seed47_ms10,false,15,16,1,47,8,10,12,0.003576993942260742,0.39270591735839844,0.00021314620971679688,2,2,3722,11224.063907145852,OPTIMAL
32,zhuzhou_n15_p16_sc1_seed47_ms10,false,15,16,1,47,8,10,13,0.0021920204162597656,0.4113428592681885,0.00026607513427734375,2,2,3724,11224.063907145852,OPTIMAL
32,zhuzhou_n15_p16_sc1_seed47_ms10,false,15,16,1,47,8,10,14,0.0022211074829101562,0.36239099502563477,0.0,0,0,3724,11024.063907145854,OPTIMAL
31,zhuzhou_n15_p16_sc1_seed47_ms10,true,15,16,1,47,8,10,1,0.02904510498046875,3.939790964126587,0.12254095077514648,342,342,342,14118.402568922289,OPTIMAL
31,zhuzhou_n15_p16_sc1_seed47_ms10,true,15,16,1,47,8,10,2,0.0008161067962646484,0.6453239917755127,0.15035581588745117,344,344,686,14118.402568922289,OPTIMAL
31,zhuzhou_n15_p16_sc1_seed47_ms10,true,15,16,1,47,8,10,3,0.001127004623413086,0.6879730224609375,0.1177818775177002,402,402,1088,14118.402568922289,OPTIMAL
31,zhuzhou_n15_p16_sc1_seed47_ms10,true,15,16,1,47,8,10,4,0.0015330314636230469,0.8126749992370605,0.07884907722473145,444,444,1532,13918.40256892229,OPTIMAL
31,zhuzhou_n15_p16_sc1_seed47_ms10,true,15,16,1,47,8,10,5,0.0020492076873779297,0.3610091209411621,0.006951808929443359,399,399,1931,13918.40256892229,OPTIMAL
31,zhuzhou_n15_p16_sc1_seed47_ms10,true,15,16,1,47,8,10,6,0.002145051956176758,0.34580492973327637,0.027004003524780273,675,675,2606,13918.40256892229,OPTIMAL
31,zhuzhou_n15_p16_sc1_seed47_ms10,true,15,16,1,47,8,10,7,0.00286102294921875,0.3101990222930908,0.05271601676940918,177,177,2783,12717.523821765237,OPTIMAL
31,zhuzhou_n15_p16_sc1_seed47_ms10,true,15,16,1,47,8,10,8,0.0020329952239990234,0.3383471965789795,0.0033447742462158203,152,152,2935,12717.523821765233,OPTIMAL
31,zhuzhou_n15_p16_sc1_seed47_ms10,true,15,16,1,47,8,10,9,0.002239227294921875,0.5748240947723389,0.0037229061126708984,178,178,3113,12717.523821765233,OPTIMAL
31,zhuzhou_n15_p16_sc1_seed47_ms10,true,15,16,1,47,8,10,10,0.0023479461669921875,0.4186851978302002,0.054574012756347656,53,53,3166,12447.02954824818,OPTIMAL
31,zhuzhou_n15_p16_sc1_seed47_ms10,true,15,16,1,47,8,10,11,0.002674102783203125,0.33739614486694336,0.00017499923706054688,2,2,3168,11224.063907145852,OPTIMAL
31,zhuzhou_n15_p16_sc1_seed47_ms10,true,15,16,1,47,8,10,12,0.0020799636840820312,0.2782421112060547,0.0001888275146484375,2,2,3170,11224.063907145852,OPTIMAL
31,zhuzhou_n15_p16_sc1_seed47_ms10,true,15,16,1,47,8,10,13,0.0021021366119384766,0.3065779209136963,0.0001881122589111328,2,2,3172,11224.063907145852,OPTIMAL
31,zhuzhou_n15_p16_sc1_seed47_ms10,true,15,16,1,47,8,10,14,0.0017819404602050781,0.27980494499206543,0.0001800060272216797,2,2,3174,11224.063907145852,OPTIMAL
31,zhuzhou_n15_p16_sc1_seed47_ms10,true,15,16,1,47,8,10,15,0.001978158950805664,0.31075191497802734,0.000186920166015625,2,2,3176,11224.063907145852,OPTIMAL
31,zhuzhou_n15_p16_sc1_seed47_ms10,true,15,16,1,47,8,10,16,0.0018470287322998047,0.5680038928985596,0.00023698806762695312,2,2,3178,11224.063907145852,OPTIMAL
31,zhuzhou_n15_p16_sc1_seed47_ms10,true,15,16,1,47,8,10,17,0.0024878978729248047,0.24796009063720703,0.0,0,0,3178,11024.063907145854,OPTIMAL
34,zhuzhou_n15_p16_sc1_seed48_ms10,false,15,16,1,48,8,10,1,0.03131699562072754,4.427048921585083,0.15163707733154297,748,748,748,15842.734010776352,OPTIMAL
34,zhuzhou_n15_p16_sc1_seed48_ms10,false,15,16,1,48,8,10,2,0.0014240741729736328,1.3553321361541748,0.2592129707336426,951,951,1699,15842.734010776352,OPTIMAL
34,zhuzhou_n15_p16_sc1_seed48_ms10,false,15,16,1,48,8,10,3,0.002583026885986328,1.2605490684509277,0.06315493583679199,1616,1616,3315,15842.734010776352,OPTIMAL
34,zhuzhou_n15_p16_sc1_seed48_ms10,false,15,16,1,48,8,10,4,0.00443720817565918,1.4325060844421387,0.07783198356628418,338,338,3653,14038.41372085147,OPTIMAL
34,zhuzhou_n15_p16_sc1_seed48_ms10,false,15,16,1,48,8,10,5,0.0037908554077148438,0.5045111179351807,0.0001609325408935547,3,3,3656,10995.883988424968,OPTIMAL
34,zhuzhou_n15_p16_sc1_seed48_ms10,false,15,16,1,48,8,10,6,0.0025010108947753906,0.45132899284362793,0.00016188621520996094,3,3,3659,10995.883988424968,OPTIMAL
34,zhuzhou_n15_p16_sc1_seed48_ms10,false,15,16,1,48,8,10,7,0.002852916717529297,0.4357600212097168,0.00019288063049316406,3,3,3662,10995.883988424968,OPTIMAL
34,zhuzhou_n15_p16_sc1_seed48_ms10,false,15,16,1,48,8,10,8,0.0027360916137695312,0.5028729438781738,0.00013303756713867188,2,2,3664,10995.883988424968,OPTIMAL
34,zhuzhou_n15_p16_sc1_seed48_ms10,false,15,16,1,48,8,10,9,0.0024650096893310547,0.7174100875854492,0.0001289844512939453,2,2,3666,10995.883988424968,OPTIMAL
34,zhuzhou_n15_p16_sc1_seed48_ms10,false,15,16,1,48,8,10,10,0.002680063247680664,0.4456470012664795,0.00014090538024902344,2,2,3668,10995.883988424968,OPTIMAL
34,zhuzhou_n15_p16_sc1_seed48_ms10,false,15,16,1,48,8,10,11,0.002310037612915039,0.48070812225341797,0.00015497207641601562,2,2,3670,10995.883988424968,OPTIMAL
34,zhuzhou_n15_p16_sc1_seed48_ms10,false,15,16,1,48,8,10,12,0.0026848316192626953,0.5088560581207275,0.00016999244689941406,2,2,3672,10995.883988424968,OPTIMAL
34,zhuzhou_n15_p16_sc1_seed48_ms10,false,15,16,1,48,8,10,13,0.0023849010467529297,0.43802905082702637,0.00014090538024902344,2,2,3674,10995.883988424968,OPTIMAL
34,zhuzhou_n15_p16_sc1_seed48_ms10,false,15,16,1,48,8,10,14,0.0023908615112304688,0.4934828281402588,0.00012183189392089844,1,1,3675,10995.883988424968,OPTIMAL
34,zhuzhou_n15_p16_sc1_seed48_ms10,false,15,16,1,48,8,10,15,0.0023729801177978516,0.7153189182281494,0.00013208389282226562,1,1,3676,10995.883988424968,OPTIMAL
34,zhuzhou_n15_p16_sc1_seed48_ms10,false,15,16,1,48,8,10,16,0.0020961761474609375,0.4705040454864502,0.00014209747314453125,1,1,3677,10995.883988424968,OPTIMAL
34,zhuzhou_n15_p16_sc1_seed48_ms10,false,15,16,1,48,8,10,17,0.002179861068725586,0.4129149913787842,0.0001239776611328125,1,1,3678,10795.883988424968,OPTIMAL
34,zhuzhou_n15_p16_sc1_seed48_ms10,false,15,16,1,48,8,10,18,0.0026488304138183594,0.4087998867034912,0.00011610984802246094,1,1,3679,10795.883988424968,OPTIMAL
34,zhuzhou_n15_p16_sc1_seed48_ms10,false,15,16,1,48,8,10,19,0.0023751258850097656,0.3894350528717041,0.00011396408081054688,1,1,3680,10795.883988424968,OPTIMAL
34,zhuzhou_n15_p16_sc1_seed48_ms10,false,15,16,1,48,8,10,20,0.0021979808807373047,0.4110081195831299,0.000125885009765625,2,2,3682,10795.883988424968,OPTIMAL
34,zhuzhou_n15_p16_sc1_seed48_ms10,false,15,16,1,48,8,10,21,0.002825021743774414,0.4293088912963867,0.00011801719665527344,2,2,3684,10795.883988424968,OPTIMAL
34,zhuzhou_n15_p16_sc1_seed48_ms10,false,15,16,1,48,8,10,22,0.002115011215209961,0.6717419624328613,0.00012087821960449219,1,1,3685,10795.883988424968,OPTIMAL
34,zhuzhou_n15_p16_sc1_seed48_ms10,false,15,16,1,48,8,10,23,0.00222015380859375,0.41970300674438477,0.0003628730773925781,2,2,3687,10795.883988424968,OPTIMAL
34,zhuzhou_n15_p16_sc1_seed48_ms10,false,15,16,1,48,8,10,24,0.0030999183654785156,0.44904088973999023,0.0,0,0,3687,10795.883988424968,OPTIMAL
33,zhuzhou_n15_p16_sc1_seed48_ms10,true,15,16,1,48,8,10,1,0.03307914733886719,4.390861988067627,0.1387650966644287,599,599,599,15842.734010776352,OPTIMAL
33,zhuzhou_n15_p16_sc1_seed48_ms10,true,15,16,1,48,8,10,2,0.0013949871063232422,1.013674020767212,0.1986680030822754,643,643,1242,15842.734010776352,OPTIMAL
33,zhuzhou_n15_p16_sc1_seed48_ms10,true,15,16,1,48,8,10,3,0.002270936965942383,0.6563379764556885,0.024101972579956055,936,936,2178,15842.734010776352,OPTIMAL
33,zhuzhou_n15_p16_sc1_seed48_ms10,true,15,16,1,48,8,10,4,0.002859830856323242,1.2042760848999023,0.14223790168762207,268,268,2446,14038.41372085147,OPTIMAL
33,zhuzhou_n15_p16_sc1_seed48_ms10,true,15,16,1,48,8,10,5,0.0028769969940185547,0.43642687797546387,0.00012993812561035156,2,2,2448,10995.883988424968,OPTIMAL
33,zhuzhou_n15_p16_sc1_seed48_ms10,true,15,16,1,48,8,10,6,0.0019049644470214844,0.2919600009918213,0.0001289844512939453,3,3,2451,10995.883988424968,OPTIMAL
33,zhuzhou_n15_p16_sc1_seed48_ms10,true,15,16,1,48,8,10,7,0.0016751289367675781,0.2676858901977539,0.00012803077697753906,3,3,2454,10995.883988424968,OPTIMAL
33,zhuzhou_n15_p16_sc1_seed48_ms10,true,15,16,1,48,8,10,8,0.0016849040985107422,0.30185794830322266,0.0001289844512939453,2,2,2456,10995.883988424968,OPTIMAL
33,zhuzhou_n15_p16_sc1_seed48_ms10,true,15,16,1,48,8,10,9,0.001695871353149414,0.34003496170043945,0.00011515617370605469,1,1,2457,10995.883988424968,OPTIMAL
33,zhuzhou_n15_p16_sc1_seed48_ms10,true,15,16,1,48,8,10,10,0.0017189979553222656,0.3366279602050781,0.00014090538024902344,3,3,2460,10995.883988424968,OPTIMAL
33,zhuzhou_n15_p16_sc1_seed48_ms10,true,15,16,1,48,8,10,11,0.0020499229431152344,0.32809901237487793,0.00010395050048828125,1,1,2461,10995.883988424968,OPTIMAL
33,zhuzhou_n15_p16_sc1_seed48_ms10,true,15,16,1,48,8,10,12,0.0016248226165771484,0.6128921508789062,0.00015091896057128906,2,2,2463,10995.883988424968,OPTIMAL
33,zhuzhou_n15_p16_sc1_seed48_ms10,true,15,16,1,48,8,10,13,0.0018079280853271484,0.2820920944213867,0.00013303756713867188,2,2,2465,10995.883988424968,OPTIMAL
33,zhuzhou_n15_p16_sc1_seed48_ms10,true,15,16,1,48,8,10,14,0.0018508434295654297,0.3578059673309326,0.00013208389282226562,2,2,2467,10995.883988424968,OPTIMAL
33,zhuzhou_n15_p16_sc1_seed48_ms10,true,15,16,1,48,8,10,15,0.0016551017761230469,0.3478999137878418,0.00011587142944335938,1,1,2468,10995.883988424968,OPTIMAL
33,zhuzhou_n15_p16_sc1_seed48_ms10,true,15,16,1,48,8,10,16,0.0015690326690673828,0.36822509765625,0.00011610984802246094,1,1,2469,10995.883988424968,OPTIMAL
33,zhuzhou_n15_p16_sc1_seed48_ms10,true,15,16,1,48,8,10,17,0.001644134521484375,0.3508448600769043,0.0001270771026611328,1,1,2470,10995.883988424968,OPTIMAL
33,zhuzhou_n15_p16_sc1_seed48_ms10,true,15,16,1,48,8,10,18,0.0015079975128173828,0.3198878765106201,0.00012612342834472656,1,1,2471,10795.883988424968,OPTIMAL
33,zhuzhou_n15_p16_sc1_seed48_ms10,true,15,16,1,48,8,10,19,0.0015399456024169922,0.3091261386871338,0.0001068115234375,1,1,2472,10795.883988424968,OPTIMAL
33,zhuzhou_n15_p16_sc1_seed48_ms10,true,15,16,1,48,8,10,20,0.0014090538024902344,0.3674609661102295,0.00011897087097167969,1,1,2473,10795.883988424968,OPTIMAL
33,zhuzhou_n15_p16_sc1_seed48_ms10,true,15,16,1,48,8,10,21,0.0017571449279785156,0.5838038921356201,0.00011014938354492188,1,1,2474,10795.883988424968,OPTIMAL
33,zhuzhou_n15_p16_sc1_seed48_ms10,true,15,16,1,48,8,10,22,0.0014150142669677734,0.3210129737854004,0.0001239776611328125,1,1,2475,10795.883988424968,OPTIMAL
33,zhuzhou_n15_p16_sc1_seed48_ms10,true,15,16,1,48,8,10,23,0.0017659664154052734,0.3130631446838379,0.0,0,0,2475,10795.883988424968,OPTIMAL
36,zhuzhou_n15_p16_sc1_seed49_ms10,false,15,16,1,49,8,10,1,0.03202009201049805,3.8154971599578857,0.0001678466796875,6,6,6,9870.933718591248,OPTIMAL
36,zhuzhou_n15_p16_sc1_seed49_ms10,false,15,16,1,49,8,10,2,0.0003809928894042969,0.48116111755371094,0.05726480484008789,5,5,11,9870.933718591248,OPTIMAL
36,zhuzhou_n15_p16_sc1_seed49_ms10,false,15,16,1,49,8,10,3,0.00033211708068847656,0.31325507164001465,0.000125885009765625,5,5,16,9870.933718591248,OPTIMAL
36,zhuzhou_n15_p16_sc1_seed49_ms10,false,15,16,1,49,8,10,4,0.00043487548828125,0.34018802642822266,0.00014209747314453125,5,5,21,9870.933718591248,OPTIMAL
36,zhuzhou_n15_p16_sc1_seed49_ms10,false,15,16,1,49,8,10,5,0.0004100799560546875,0.25323486328125,8.821487426757812e-5,3,3,24,9870.933718591248,OPTIMAL
36,zhuzhou_n15_p16_sc1_seed49_ms10,false,15,16,1,49,8,10,6,0.0003600120544433594,0.7585070133209229,0.11686897277832031,3,3,27,9870.933718591248,OPTIMAL
36,zhuzhou_n15_p16_sc1_seed49_ms10,false,15,16,1,49,8,10,7,0.00035309791564941406,0.30207109451293945,0.0,0,0,27,9670.933718591246,OPTIMAL
35,zhuzhou_n15_p16_sc1_seed49_ms10,true,15,16,1,49,8,10,1,0.031638145446777344,3.680644989013672,0.00014400482177734375,6,6,6,9870.933718591248,OPTIMAL
35,zhuzhou_n15_p16_sc1_seed49_ms10,true,15,16,1,49,8,10,2,0.00033593177795410156,0.4324209690093994,0.056565046310424805,5,5,11,9870.933718591248,OPTIMAL
35,zhuzhou_n15_p16_sc1_seed49_ms10,true,15,16,1,49,8,10,3,0.00032901763916015625,0.3008890151977539,0.00011610984802246094,5,5,16,9870.933718591248,OPTIMAL
35,zhuzhou_n15_p16_sc1_seed49_ms10,true,15,16,1,49,8,10,4,0.0003769397735595703,0.2583589553833008,0.00010800361633300781,5,5,21,9870.933718591248,OPTIMAL
35,zhuzhou_n15_p16_sc1_seed49_ms10,true,15,16,1,49,8,10,5,0.0003948211669921875,0.23632097244262695,8.0108642578125e-5,3,3,24,9870.933718591248,OPTIMAL
35,zhuzhou_n15_p16_sc1_seed49_ms10,true,15,16,1,49,8,10,6,0.0003299713134765625,0.5173308849334717,0.11623001098632812,3,3,27,9870.933718591248,OPTIMAL
35,zhuzhou_n15_p16_sc1_seed49_ms10,true,15,16,1,49,8,10,7,0.0003571510314941406,0.5685379505157471,0.0,0,0,27,9670.933718591246,OPTIMAL
38,zhuzhou_n15_p16_sc1_seed50_ms10,false,15,16,1,50,8,10,1,0.03138113021850586,15.333018064498901,0.14125800132751465,37,37,37,14176.294768832682,OPTIMAL
38,zhuzhou_n15_p16_sc1_seed50_ms10,false,15,16,1,50,8,10,2,0.0005030632019042969,12.659323930740356,0.14319705963134766,33,33,70,14176.294768832682,OPTIMAL
38,zhuzhou_n15_p16_sc1_seed50_ms10,false,15,16,1,50,8,10,3,0.000537872314453125,12.727406978607178,0.07476115226745605,31,31,101,14176.294768832682,OPTIMAL
38,zhuzhou_n15_p16_sc1_seed50_ms10,false,15,16,1,50,8,10,4,0.0005900859832763672,12.446486234664917,0.0008177757263183594,32,32,133,14176.294768832682,OPTIMAL
38,zhuzhou_n15_p16_sc1_seed50_ms10,false,15,16,1,50,8,10,5,0.0010609626770019531,11.951977014541626,0.06304192543029785,8,8,141,13789.340632650772,OPTIMAL
38,zhuzhou_n15_p16_sc1_seed50_ms10,false,15,16,1,50,8,10,6,0.0005269050598144531,11.135854005813599,0.00019407272338867188,3,3,144,13051.380069118466,OPTIMAL
38,zhuzhou_n15_p16_sc1_seed50_ms10,false,15,16,1,50,8,10,7,0.0008518695831298828,11.03648591041565,0.0001900196075439453,3,3,147,13051.380069118466,OPTIMAL
38,zhuzhou_n15_p16_sc1_seed50_ms10,false,15,16,1,50,8,10,8,0.0006499290466308594,11.249965906143188,0.0001461505889892578,3,3,150,13051.380069118466,OPTIMAL
38,zhuzhou_n15_p16_sc1_seed50_ms10,false,15,16,1,50,8,10,9,0.0006079673767089844,10.84857988357544,0.00020003318786621094,2,2,152,13051.380069118466,OPTIMAL
38,zhuzhou_n15_p16_sc1_seed50_ms10,false,15,16,1,50,8,10,10,0.0008599758148193359,11.298190116882324,0.00017499923706054688,2,2,154,13051.380069118466,OPTIMAL
38,zhuzhou_n15_p16_sc1_seed50_ms10,false,15,16,1,50,8,10,11,0.0004940032958984375,10.986207962036133,0.0,0,0,154,12376.217471627902,OPTIMAL
37,zhuzhou_n15_p16_sc1_seed50_ms10,true,15,16,1,50,8,10,1,0.030689001083374023,11.527110815048218,0.12364006042480469,30,30,30,14176.294768832682,OPTIMAL
37,zhuzhou_n15_p16_sc1_seed50_ms10,true,15,16,1,50,8,10,2,0.00044989585876464844,7.654120206832886,0.13744091987609863,26,26,56,14176.294768832682,OPTIMAL
37,zhuzhou_n15_p16_sc1_seed50_ms10,true,15,16,1,50,8,10,3,0.0004899501800537109,9.795503854751587,0.07323098182678223,24,24,80,14176.294768832682,OPTIMAL
37,zhuzhou_n15_p16_sc1_seed50_ms10,true,15,16,1,50,8,10,4,0.0004360675811767578,9.730844020843506,0.0005128383636474609,29,29,109,14176.294768832682,OPTIMAL
37,zhuzhou_n15_p16_sc1_seed50_ms10,true,15,16,1,50,8,10,5,0.0006039142608642578,9.724894046783447,0.05854296684265137,21,21,130,14176.294768832682,OPTIMAL
37,zhuzhou_n15_p16_sc1_seed50_ms10,true,15,16,1,50,8,10,6,0.0005741119384765625,8.991145849227905,0.00019407272338867188,5,5,135,13789.340632650772,OPTIMAL
37,zhuzhou_n15_p16_sc1_seed50_ms10,true,15,16,1,50,8,10,7,0.0006039142608642578,9.018049001693726,0.0003261566162109375,5,5,140,13789.340632650772,OPTIMAL
37,zhuzhou_n15_p16_sc1_seed50_ms10,true,15,16,1,50,8,10,8,0.0009150505065917969,3.818258047103882,0.0,0,0,140,12376.217471627902,OPTIMAL
40,zhuzhou_n15_p16_sc1_seed51_ms10,false,15,16,1,51,8,10,1,0.03029608726501465,8.691264867782593,0.3689229488372803,2020,2020,2020,20126.814368967425,OPTIMAL
40,zhuzhou_n15_p16_sc1_seed51_ms10,false,15,16,1,51,8,10,2,0.0037009716033935547,7.90030312538147,0.1967158317565918,2518,2518,4538,19926.814368967425,OPTIMAL
40,zhuzhou_n15_p16_sc1_seed51_ms10,false,15,16,1,51,8,10,3,0.008414983749389648,5.407544851303101,0.09552311897277832,1011,1011,5549,17548.208074918486,OPTIMAL
40,zhuzhou_n15_p16_sc1_seed51_ms10,false,15,16,1,51,8,10,4,0.005888938903808594,2.8656699657440186,0.006731986999511719,232,232,5781,14345.695569330639,OPTIMAL
40,zhuzhou_n15_p16_sc1_seed51_ms10,false,15,16,1,51,8,10,5,0.004640102386474609,1.4076409339904785,0.0016551017761230469,50,50,5831,13324.76603190886,OPTIMAL
40,zhuzhou_n15_p16_sc1_seed51_ms10,false,15,16,1,51,8,10,6,0.00503087043762207,1.306555986404419,0.0009369850158691406,24,24,5855,11877.634556516876,OPTIMAL
40,zhuzhou_n15_p16_sc1_seed51_ms10,false,15,16,1,51,8,10,7,0.004091024398803711,1.1700592041015625,0.0005638599395751953,4,4,5859,11877.634556516876,OPTIMAL
40,zhuzhou_n15_p16_sc1_seed51_ms10,false,15,16,1,51,8,10,8,0.005182981491088867,1.2429120540618896,0.0001838207244873047,2,2,5861,11372.254368967426,OPTIMAL
40,zhuzhou_n15_p16_sc1_seed51_ms10,false,15,16,1,51,8,10,9,0.004358053207397461,0.9643118381500244,0.00019598007202148438,2,2,5863,11372.254368967426,OPTIMAL
40,zhuzhou_n15_p16_sc1_seed51_ms10,false,15,16,1,51,8,10,10,0.0037431716918945312,0.9863860607147217,0.00017905235290527344,2,2,5865,11372.254368967426,OPTIMAL
40,zhuzhou_n15_p16_sc1_seed51_ms10,false,15,16,1,51,8,10,11,0.003571033477783203,1.326632022857666,0.00020003318786621094,2,2,5867,11372.254368967426,OPTIMAL
40,zhuzhou_n15_p16_sc1_seed51_ms10,false,15,16,1,51,8,10,12,0.004261970520019531,0.9882590770721436,0.00019788742065429688,2,2,5869,11372.254368967426,OPTIMAL
40,zhuzhou_n15_p16_sc1_seed51_ms10,false,15,16,1,51,8,10,13,0.0035910606384277344,1.0101749897003174,0.00020003318786621094,2,2,5871,11372.254368967426,OPTIMAL
40,zhuzhou_n15_p16_sc1_seed51_ms10,false,15,16,1,51,8,10,14,0.004502058029174805,0.9961118698120117,0.0,0,0,5871,11372.254368967426,OPTIMAL
39,zhuzhou_n15_p16_sc1_seed51_ms10,true,15,16,1,51,8,10,1,0.03303194046020508,7.613188028335571,0.36539316177368164,1524,1524,1524,20126.814368967425,OPTIMAL
39,zhuzhou_n15_p16_sc1_seed51_ms10,true,15,16,1,51,8,10,2,0.0029451847076416016,3.948683977127075,0.13394999504089355,1411,1411,2935,19926.814368967425,OPTIMAL
39,zhuzhou_n15_p16_sc1_seed51_ms10,true,15,16,1,51,8,10,3,0.004125833511352539,3.6977579593658447,0.15494799613952637,734,734,3669,17592.881780869546,OPTIMAL
39,zhuzhou_n15_p16_sc1_seed51_ms10,true,15,16,1,51,8,10,4,0.0042819976806640625,4.123934984207153,0.013235092163085938,531,531,4200,14832.295148327412,OPTIMAL
39,zhuzhou_n15_p16_sc1_seed51_ms10,true,15,16,1,51,8,10,5,0.0046558380126953125,1.392509937286377,0.08403587341308594,80,80,4280,13527.583584886019,OPTIMAL
39,zhuzhou_n15_p16_sc1_seed51_ms10,true,15,16,1,51,8,10,6,0.004076957702636719,0.4169270992279053,0.0002129077911376953,4,4,4284,11372.254368967426,OPTIMAL
39,zhuzhou_n15_p16_sc1_seed51_ms10,true,15,16,1,51,8,10,7,0.003264904022216797,0.358536958694458,0.00013899803161621094,1,1,4285,11372.254368967426,OPTIMAL
39,zhuzhou_n15_p16_sc1_seed51_ms10,true,15,16,1,51,8,10,8,0.0030078887939453125,0.642941951751709,0.0002110004425048828,4,4,4289,11372.254368967426,OPTIMAL
39,zhuzhou_n15_p16_sc1_seed51_ms10,true,15,16,1,51,8,10,9,0.0028150081634521484,0.30912303924560547,0.00020599365234375,4,4,4293,11372.254368967426,OPTIMAL
39,zhuzhou_n15_p16_sc1_seed51_ms10,true,15,16,1,51,8,10,10,0.0030820369720458984,0.32827305793762207,0.0,0,0,4293,11372.254368967426,OPTIMAL
42,zhuzhou_n20_p16_sc1_seed42_ms10,false,20,16,1,42,10,10,1,0.03351593017578125,448.7314569950104,0.6450848579406738,7766,7766,7766,18461.206600978694,OPTIMAL
42,zhuzhou_n20_p16_sc1_seed42_ms10,false,20,16,1,42,10,10,2,0.02019214630126953,543.6769349575043,1.8157689571380615,13065,13065,20831,18461.206600978694,OPTIMAL
42,zhuzhou_n20_p16_sc1_seed42_ms10,false,20,16,1,42,10,10,3,0.058917999267578125,611.6901319026947,0.7950282096862793,5512,5512,26343,17113.950725283783,OPTIMAL
42,zhuzhou_n20_p16_sc1_seed42_ms10,false,20,16,1,42,10,10,4,0.05297493934631348,155.8470311164856,0.07057785987854004,523,523,26866,14163.533591267369,OPTIMAL
42,zhuzhou_n20_p16_sc1_seed42_ms10,false,20,16,1,42,10,10,5,0.03548002243041992,287.81183099746704,0.02021193504333496,100,100,26966,14163.533591267369,OPTIMAL
42,zhuzhou_n20_p16_sc1_seed42_ms10,false,20,16,1,42,10,10,6,0.032401084899902344,263.62915992736816,0.006142139434814453,25,25,26991,14163.533591267369,OPTIMAL
42,zhuzhou_n20_p16_sc1_seed42_ms10,false,20,16,1,42,10,10,7,0.03193211555480957,259.08833503723145,0.005413055419921875,15,15,27006,14163.533591267369,OPTIMAL
42,zhuzhou_n20_p16_sc1_seed42_ms10,false,20,16,1,42,10,10,8,0.03206205368041992,236.030287027359,0.003312826156616211,8,8,27014,14163.533591267369,OPTIMAL
42,zhuzhou_n20_p16_sc1_seed42_ms10,false,20,16,1,42,10,10,9,0.033869028091430664,226.54131388664246,0.0023810863494873047,3,3,27017,14163.533591267369,OPTIMAL
42,zhuzhou_n20_p16_sc1_seed42_ms10,false,20,16,1,42,10,10,10,0.034178972244262695,210.8830120563507,0.0016088485717773438,2,2,27019,13934.482245575844,OPTIMAL
42,zhuzhou_n20_p16_sc1_seed42_ms10,false,20,16,1,42,10,10,11,0.0318598747253418,204.38118886947632,0.001352071762084961,1,1,27020,13934.482245575844,OPTIMAL
42,zhuzhou_n20_p16_sc1_seed42_ms10,false,20,16,1,42,10,10,12,0.030663013458251953,202.26926016807556,0.001332998275756836,1,1,27021,13934.482245575844,OPTIMAL
42,zhuzhou_n20_p16_sc1_seed42_ms10,false,20,16,1,42,10,10,13,0.030645132064819336,199.1610610485077,0.00146484375,1,1,27022,13934.482245575844,OPTIMAL
42,zhuzhou_n20_p16_sc1_seed42_ms10,false,20,16,1,42,10,10,14,0.028966903686523438,197.61523008346558,0.0,0,0,27022,13934.482245575844,OPTIMAL
41,zhuzhou_n20_p16_sc1_seed42_ms10,true,20,16,1,42,10,10,1,0.031244993209838867,134.4594521522522,0.4164619445800781,5041,5041,5041,18461.206600978694,OPTIMAL
41,zhuzhou_n20_p16_sc1_seed42_ms10,true,20,16,1,42,10,10,2,0.011955976486206055,161.7572841644287,0.48777079582214355,6701,6701,11742,18461.206600978694,OPTIMAL
41,zhuzhou_n20_p16_sc1_seed42_ms10,true,20,16,1,42,10,10,3,0.03216814994812012,151.13921999931335,0.41860198974609375,3431,3431,15173,17351.02149273992,OPTIMAL
41,zhuzhou_n20_p16_sc1_seed42_ms10,true,20,16,1,42,10,10,4,0.02431201934814453,108.34243702888489,0.005204916000366211,38,38,15211,14235.126600978696,OPTIMAL
41,zhuzhou_n20_p16_sc1_seed42_ms10,true,20,16,1,42,10,10,5,0.016005992889404297,99.33270192146301,0.002115964889526367,13,13,15224,14163.533591267369,OPTIMAL
41,zhuzhou_n20_p16_sc1_seed42_ms10,true,20,16,1,42,10,10,6,0.016937971115112305,103.61066722869873,0.0015518665313720703,4,4,15228,14163.533591267369,OPTIMAL
41,zhuzhou_n20_p16_sc1_seed42_ms10,true,20,16,1,42,10,10,7,0.013936042785644531,123.35106110572815,0.0020148754119873047,7,7,15235,14163.533591267369,OPTIMAL
41,zhuzhou_n20_p16_sc1_seed42_ms10,true,20,16,1,42,10,10,8,0.02019214630126953,167.91720986366272,0.001249074935913086,4,4,15239,14091.564757963391,OPTIMAL
41,zhuzhou_n20_p16_sc1_seed42_ms10,true,20,16,1,42,10,10,9,0.01628398895263672,166.2460060119629,0.0016260147094726562,4,4,15243,14091.564757963391,OPTIMAL
41,zhuzhou_n20_p16_sc1_seed42_ms10,true,20,16,1,42,10,10,10,0.017985105514526367,155.66715693473816,0.0019600391387939453,6,6,15249,13934.482245575844,OPTIMAL
41,zhuzhou_n20_p16_sc1_seed42_ms10,true,20,16,1,42,10,10,11,0.01717209815979004,181.40831899642944,0.0018868446350097656,4,4,15253,13934.482245575844,OPTIMAL
41,zhuzhou_n20_p16_sc1_seed42_ms10,true,20,16,1,42,10,10,12,0.016247987747192383,203.2147719860077,0.0008940696716308594,1,1,15254,13934.482245575844,OPTIMAL
41,zhuzhou_n20_p16_sc1_seed42_ms10,true,20,16,1,42,10,10,13,0.01688218116760254,210.49057698249817,0.0017418861389160156,5,5,15259,13934.482245575844,OPTIMAL
41,zhuzhou_n20_p16_sc1_seed42_ms10,true,20,16,1,42,10,10,14,0.014286041259765625,203.25765204429626,0.0,0,0,15259,13934.482245575844,OPTIMAL
44,zhuzhou_n20_p16_sc1_seed43_ms10,false,20,16,1,43,10,10,1,0.029371976852416992,93.43260192871094,0.5228300094604492,5717,5717,5717,16238.72606630862,OPTIMAL
44,zhuzhou_n20_p16_sc1_seed43_ms10,false,20,16,1,43,10,10,2,0.013110160827636719,131.70165705680847,0.9857890605926514,8910,8910,14627,16238.72606630862,OPTIMAL
44,zhuzhou_n20_p16_sc1_seed43_ms10,false,20,16,1,43,10,10,3,0.03072190284729004,123.58155107498169,0.8035149574279785,8192,8192,22819,16150.142516907094,OPTIMAL
44,zhuzhou_n20_p16_sc1_seed43_ms10,false,20,16,1,43,10,10,4,0.03743600845336914,123.97564196586609,0.9112241268157959,5017,5017,27836,14374.510106733524,OPTIMAL
44,zhuzhou_n20_p16_sc1_seed43_ms10,false,20,16,1,43,10,10,5,0.03949999809265137,66.51449608802795,0.5872378349304199,3190,3190,31026,13904.13230861403,OPTIMAL
44,zhuzhou_n20_p16_sc1_seed43_ms10,false,20,16,1,43,10,10,6,0.03605508804321289,65.76594614982605,0.19340801239013672,958,958,31984,12917.109723981484,OPTIMAL
44,zhuzhou_n20_p16_sc1_seed43_ms10,false,20,16,1,43,10,10,7,0.03237295150756836,64.37706208229065,0.16190099716186523,713,713,32697,12917.109723981484,OPTIMAL
44,zhuzhou_n20_p16_sc1_seed43_ms10,false,20,16,1,43,10,10,8,0.03810000419616699,65.33020901679993,0.07315993309020996,300,300,32997,12554.17750060018,OPTIMAL
44,zhuzhou_n20_p16_sc1_seed43_ms10,false,20,16,1,43,10,10,9,0.030250072479248047,26.53076696395874,0.0012631416320800781,3,3,33000,11626.13677340019,OPTIMAL
44,zhuzhou_n20_p16_sc1_seed43_ms10,false,20,16,1,43,10,10,10,0.021949052810668945,25.053879022598267,0.0029671192169189453,5,5,33005,11626.13677340019,OPTIMAL
44,zhuzhou_n20_p16_sc1_seed43_ms10,false,20,16,1,43,10,10,11,0.029406070709228516,33.11181592941284,0.007231950759887695,23,23,33028,11626.13677340019,OPTIMAL
44,zhuzhou_n20_p16_sc1_seed43_ms10,false,20,16,1,43,10,10,12,0.026395082473754883,23.035421133041382,0.002711057662963867,5,5,33033,11417.67800177879,OPTIMAL
44,zhuzhou_n20_p16_sc1_seed43_ms10,false,20,16,1,43,10,10,13,0.027240991592407227,23.226929903030396,0.0010941028594970703,2,2,33035,11417.67800177879,OPTIMAL
44,zhuzhou_n20_p16_sc1_seed43_ms10,false,20,16,1,43,10,10,14,0.021223068237304688,22.829007148742676,0.0011379718780517578,2,2,33037,11417.67800177879,OPTIMAL
44,zhuzhou_n20_p16_sc1_seed43_ms10,false,20,16,1,43,10,10,15,0.021806955337524414,23.158326148986816,0.0023758411407470703,2,2,33039,11417.67800177879,OPTIMAL
44,zhuzhou_n20_p16_sc1_seed43_ms10,false,20,16,1,43,10,10,16,0.02893519401550293,22.75923991203308,0.0,0,0,33039,11376.49562514407,OPTIMAL
43,zhuzhou_n20_p16_sc1_seed43_ms10,true,20,16,1,43,10,10,1,0.03446197509765625,96.83271503448486,0.4456350803375244,2934,2934,2934,16238.72606630862,OPTIMAL
43,zhuzhou_n20_p16_sc1_seed43_ms10,true,20,16,1,43,10,10,2,0.005685091018676758,129.66822004318237,0.24711298942565918,4325,4325,7259,16238.72606630862,OPTIMAL
43,zhuzhou_n20_p16_sc1_seed43_ms10,true,20,16,1,43,10,10,3,0.01120901107788086,128.70359897613525,0.14424395561218262,3636,3636,10895,16150.142516907094,OPTIMAL
43,zhuzhou_n20_p16_sc1_seed43_ms10,true,20,16,1,43,10,10,4,0.011337995529174805,102.26436305046082,0.19916200637817383,1148,1148,12043,14374.510106733525,OPTIMAL
43,zhuzhou_n20_p16_sc1_seed43_ms10,true,20,16,1,43,10,10,5,0.008469104766845703,105.87441182136536,0.07202506065368652,1445,1445,13488,13904.13230861403,OPTIMAL
43,zhuzhou_n20_p16_sc1_seed43_ms10,true,20,16,1,43,10,10,6,0.01116323471069336,79.46359491348267,0.022973060607910156,436,436,13924,12833.89600789611,OPTIMAL
43,zhuzhou_n20_p16_sc1_seed43_ms10,true,20,16,1,43,10,10,7,0.009436845779418945,78.49925303459167,0.022478103637695312,391,391,14315,12833.89600789611,OPTIMAL
43,zhuzhou_n20_p16_sc1_seed43_ms10,true,20,16,1,43,10,10,8,0.008764028549194336,47.86303114891052,0.0011398792266845703,13,13,14328,11847.379411770813,OPTIMAL
43,zhuzhou_n20_p16_sc1_seed43_ms10,true,20,16,1,43,10,10,9,0.00687098503112793,35.39840817451477,0.0014989376068115234,8,8,14336,11626.13677340019,OPTIMAL
43,zhuzhou_n20_p16_sc1_seed43_ms10,true,20,16,1,43,10,10,10,0.0067670345306396484,35.128772020339966,0.0009129047393798828,3,3,14339,11626.13677340019,OPTIMAL
43,zhuzhou_n20_p16_sc1_seed43_ms10,true,20,16,1,43,10,10,11,0.008230924606323242,36.421513080596924,0.0005021095275878906,3,3,14342,11626.13677340019,OPTIMAL
43,zhuzhou_n20_p16_sc1_seed43_ms10,true,20,16,1,43,10,10,12,0.006411075592041016,32.26189303398132,0.0010211467742919922,3,3,14345,11626.13677340019,OPTIMAL
43,zhuzhou_n20_p16_sc1_seed43_ms10,true,20,16,1,43,10,10,13,0.007421016693115234,38.334956884384155,0.0005021095275878906,3,3,14348,11626.13677340019,OPTIMAL
43,zhuzhou_n20_p16_sc1_seed43_ms10,true,20,16,1,43,10,10,14,0.006974935531616211,24.264648914337158,0.0,0,0,14348,11376.49562514407,OPTIMAL
46,zhuzhou_n20_p16_sc1_seed44_ms10,false,20,16,1,44,10,10,1,0.02943587303161621,100.73849201202393,0.3809990882873535,1525,1525,1525,14263.927367188688,OPTIMAL
46,zhuzhou_n20_p16_sc1_seed44_ms10,false,20,16,1,44,10,10,2,0.0032188892364501953,103.87026786804199,0.26987314224243164,1805,1805,3330,14263.927367188688,OPTIMAL
46,zhuzhou_n20_p16_sc1_seed44_ms10,false,20,16,1,44,10,10,3,0.0060579776763916016,173.7561550140381,0.14128899574279785,2691,2691,6021,14069.489865013995,OPTIMAL
46,zhuzhou_n20_p16_sc1_seed44_ms10,false,20,16,1,44,10,10,4,0.011753082275390625,44.93848204612732,0.0008199214935302734,6,6,6027,11243.173960399108,OPTIMAL
46,zhuzhou_n20_p16_sc1_seed44_ms10,false,20,16,1,44,10,10,5,0.0057220458984375,45.802692890167236,0.0007770061492919922,6,6,6033,11243.173960399108,OPTIMAL
46,zhuzhou_n20_p16_sc1_seed44_ms10,false,20,16,1,44,10,10,6,0.005959033966064453,31.59459400177002,0.0001938343048095703,1,1,6034,10832.580475577786,OPTIMAL
46,zhuzhou_n20_p16_sc1_seed44_ms10,false,20,16,1,44,10,10,7,0.004642963409423828,31.568387985229492,0.0004100799560546875,1,1,6035,10832.580475577786,OPTIMAL
46,zhuzhou_n20_p16_sc1_seed44_ms10,false,20,16,1,44,10,10,8,0.006118059158325195,31.483093976974487,0.0,0,0,6035,10832.580475577786,OPTIMAL
45,zhuzhou_n20_p16_sc1_seed44_ms10,true,20,16,1,44,10,10,1,0.03133797645568848,59.17310285568237,0.407027006149292,1264,1264,1264,14263.927367188688,OPTIMAL
45,zhuzhou_n20_p16_sc1_seed44_ms10,true,20,16,1,44,10,10,2,0.0026679039001464844,60.08579111099243,0.2777099609375,1529,1529,2793,14263.927367188688,OPTIMAL
45,zhuzhou_n20_p16_sc1_seed44_ms10,true,20,16,1,44,10,10,3,0.005055904388427734,91.9410650730133,0.11113381385803223,1913,1913,4706,14069.489865013995,OPTIMAL
45,zhuzhou_n20_p16_sc1_seed44_ms10,true,20,16,1,44,10,10,4,0.008395195007324219,33.75351405143738,0.0005848407745361328,5,5,4711,11243.173960399108,OPTIMAL
45,zhuzhou_n20_p16_sc1_seed44_ms10,true,20,16,1,44,10,10,5,0.0049550533294677734,35.11240887641907,0.0006690025329589844,4,4,4715,11243.173960399108,OPTIMAL
45,zhuzhou_n20_p16_sc1_seed44_ms10,true,20,16,1,44,10,10,6,0.0043828487396240234,26.293637990951538,0.00015497207641601562,1,1,4716,10832.580475577786,OPTIMAL
45,zhuzhou_n20_p16_sc1_seed44_ms10,true,20,16,1,44,10,10,7,0.00341796875,25.814924955368042,0.00020194053649902344,1,1,4717,10832.580475577786,OPTIMAL
45,zhuzhou_n20_p16_sc1_seed44_ms10,true,20,16,1,44,10,10,8,0.003484010696411133,25.779968976974487,0.0,0,0,4717,10832.580475577786,OPTIMAL
48,zhuzhou_n20_p16_sc1_seed45_ms10,false,20,16,1,45,10,10,1,0.03261590003967285,44.579992055892944,0.4483349323272705,3015,3015,3015,19769.61972633788,OPTIMAL
48,zhuzhou_n20_p16_sc1_seed45_ms10,false,20,16,1,45,10,10,2,0.005484104156494141,127.92182087898254,0.4782521724700928,7592,7592,10607,19569.619726337878,OPTIMAL
48,zhuzhou_n20_p16_sc1_seed45_ms10,false,20,16,1,45,10,10,3,0.01683211326599121,58.55819296836853,0.17816901206970215,2561,2561,13168,17530.579726337877,OPTIMAL
48,zhuzhou_n20_p16_sc1_seed45_ms10,false,20,16,1,45,10,10,4,0.01192617416381836,43.01146984100342,0.1219930648803711,463,463,13631,15948.890793689498,OPTIMAL
48,zhuzhou_n20_p16_sc1_seed45_ms10,false,20,16,1,45,10,10,5,0.00846099853515625,9.299611806869507,0.0010380744934082031,14,14,13645,14459.017708855985,OPTIMAL
48,zhuzhou_n20_p16_sc1_seed45_ms10,false,20,16,1,45,10,10,6,0.007326841354370117,7.322566032409668,0.0,0,0,13645,14012.412728826208,OPTIMAL
47,zhuzhou_n20_p16_sc1_seed45_ms10,true,20,16,1,45,10,10,1,0.028959989547729492,15.620453834533691,0.3764321804046631,2025,2025,2025,19769.61972633788,OPTIMAL
47,zhuzhou_n20_p16_sc1_seed45_ms10,true,20,16,1,45,10,10,2,0.0040340423583984375,25.08461904525757,0.23198199272155762,4659,4659,6684,19569.619726337878,OPTIMAL
47,zhuzhou_n20_p16_sc1_seed45_ms10,true,20,16,1,45,10,10,3,0.012001991271972656,21.358134031295776,0.04945802688598633,1882,1882,8566,17530.579726337877,OPTIMAL
47,zhuzhou_n20_p16_sc1_seed45_ms10,true,20,16,1,45,10,10,4,0.010441064834594727,20.071877002716064,0.12445187568664551,1148,1148,9714,16592.58879106559,OPTIMAL
47,zhuzhou_n20_p16_sc1_seed45_ms10,true,20,16,1,45,10,10,5,0.010132074356079102,5.652318954467773,0.0006470680236816406,12,12,9726,14012.412728826208,OPTIMAL
47,zhuzhou_n20_p16_sc1_seed45_ms10,true,20,16,1,45,10,10,6,0.005599021911621094,5.612130165100098,0.0,0,0,9726,14012.412728826208,OPTIMAL
50,zhuzhou_n20_p16_sc1_seed46_ms10,false,20,16,1,46,10,10,1,0.030636072158813477,261.94750785827637,0.6363000869750977,6412,6412,6412,17293.774256723424,OPTIMAL
50,zhuzhou_n20_p16_sc1_seed46_ms10,false,20,16,1,46,10,10,2,0.014240026473999023,366.1512680053711,0.501878023147583,5931,5931,12343,17293.774256723424,OPTIMAL
50,zhuzhou_n20_p16_sc1_seed46_ms10,false,20,16,1,46,10,10,3,0.016910076141357422,340.1046929359436,0.8000481128692627,8153,8153,20496,17293.774256723424,OPTIMAL
50,zhuzhou_n20_p16_sc1_seed46_ms10,false,20,16,1,46,10,10,4,0.027309894561767578,308.2834529876709,0.5676720142364502,5235,5235,25731,16143.886815125272,OPTIMAL
50,zhuzhou_n20_p16_sc1_seed46_ms10,false,20,16,1,46,10,10,5,0.025388002395629883,227.5370008945465,0.07382512092590332,963,963,26694,14389.297714592813,OPTIMAL
50,zhuzhou_n20_p16_sc1_seed46_ms10,false,20,16,1,46,10,10,6,0.018182039260864258,117.54351592063904,0.057734012603759766,660,660,27354,14227.899726241067,OPTIMAL
50,zhuzhou_n20_p16_sc1_seed46_ms10,false,20,16,1,46,10,10,7,0.015439033508300781,217.8705599308014,0.034464120864868164,313,313,27667,14123.996384190094,OPTIMAL
50,zhuzhou_n20_p16_sc1_seed46_ms10,false,20,16,1,46,10,10,8,0.014034032821655273,180.5058879852295,0.027703046798706055,220,220,27887,14003.712497954522,OPTIMAL
50,zhuzhou_n20_p16_sc1_seed46_ms10,false,20,16,1,46,10,10,9,0.01559901237487793,37.09215593338013,0.0004191398620605469,3,3,27890,12109.8581174773,OPTIMAL
50,zhuzhou_n20_p16_sc1_seed46_ms10,false,20,16,1,46,10,10,10,0.013401031494140625,38.10082006454468,0.00061798095703125,4,4,27894,12109.8581174773,OPTIMAL
50,zhuzhou_n20_p16_sc1_seed46_ms10,false,20,16,1,46,10,10,11,0.01317286491394043,38.9297080039978,0.0004680156707763672,3,3,27897,12109.8581174773,OPTIMAL
50,zhuzhou_n20_p16_sc1_seed46_ms10,false,20,16,1,46,10,10,12,0.011945962905883789,35.98043203353882,0.00049591064453125,3,3,27900,12109.8581174773,OPTIMAL
50,zhuzhou_n20_p16_sc1_seed46_ms10,false,20,16,1,46,10,10,13,0.011228084564208984,37.70173406600952,0.0005240440368652344,3,3,27903,12109.8581174773,OPTIMAL
50,zhuzhou_n20_p16_sc1_seed46_ms10,false,20,16,1,46,10,10,14,0.012581110000610352,37.970601081848145,0.0003619194030761719,2,2,27905,12109.8581174773,OPTIMAL
50,zhuzhou_n20_p16_sc1_seed46_ms10,false,20,16,1,46,10,10,15,0.01116490364074707,38.242111921310425,0.0003979206085205078,2,2,27907,12109.8581174773,OPTIMAL
50,zhuzhou_n20_p16_sc1_seed46_ms10,false,20,16,1,46,10,10,16,0.013437032699584961,35.836597204208374,0.0,0,0,27907,12109.8581174773,OPTIMAL
49,zhuzhou_n20_p16_sc1_seed46_ms10,true,20,16,1,46,10,10,1,0.030319929122924805,167.70139813423157,0.6014571189880371,4867,4867,4867,17293.774256723424,OPTIMAL
49,zhuzhou_n20_p16_sc1_seed46_ms10,true,20,16,1,46,10,10,2,0.010189056396484375,145.3795518875122,0.21602702140808105,3283,3283,8150,17293.774256723424,OPTIMAL
49,zhuzhou_n20_p16_sc1_seed46_ms10,true,20,16,1,46,10,10,3,0.009907007217407227,228.32013392448425,0.5065329074859619,5284,5284,13434,17293.774256723424,OPTIMAL
49,zhuzhou_n20_p16_sc1_seed46_ms10,true,20,16,1,46,10,10,4,0.015635013580322266,228.5393431186676,0.5111329555511475,4335,4335,17769,16143.886815125272,OPTIMAL
49,zhuzhou_n20_p16_sc1_seed46_ms10,true,20,16,1,46,10,10,5,0.019881010055541992,112.59107708930969,0.05110883712768555,717,717,18486,14370.004325751761,OPTIMAL
49,zhuzhou_n20_p16_sc1_seed46_ms10,true,20,16,1,46,10,10,6,0.010565996170043945,139.96285891532898,0.05239605903625488,580,580,19066,14246.936417288156,OPTIMAL
49,zhuzhou_n20_p16_sc1_seed46_ms10,true,20,16,1,46,10,10,7,0.011337995529174805,105.6284601688385,0.010787010192871094,96,96,19162,14116.556001664529,OPTIMAL
49,zhuzhou_n20_p16_sc1_seed46_ms10,true,20,16,1,46,10,10,8,0.010596990585327148,155.15715312957764,0.022398948669433594,106,106,19268,13610.871939149147,OPTIMAL
49,zhuzhou_n20_p16_sc1_seed46_ms10,true,20,16,1,46,10,10,9,0.011333942413330078,107.16396999359131,0.01141810417175293,124,124,19392,13218.275309808329,OPTIMAL
49,zhuzhou_n20_p16_sc1_seed46_ms10,true,20,16,1,46,10,10,10,0.011286020278930664,114.65659999847412,0.007910013198852539,76,76,19468,13218.275309808329,OPTIMAL
49,zhuzhou_n20_p16_sc1_seed46_ms10,true,20,16,1,46,10,10,11,0.010374069213867188,136.8981020450592,0.0028629302978515625,26,26,19494,13218.275309808329,OPTIMAL
49,zhuzhou_n20_p16_sc1_seed46_ms10,true,20,16,1,46,10,10,12,0.01003408432006836,104.13137817382812,0.0047760009765625,34,34,19528,13185.600720246359,OPTIMAL
49,zhuzhou_n20_p16_sc1_seed46_ms10,true,20,16,1,46,10,10,13,0.012420892715454102,68.59318208694458,0.0014219284057617188,15,15,19543,12109.8581174773,OPTIMAL
49,zhuzhou_n20_p16_sc1_seed46_ms10,true,20,16,1,46,10,10,14,0.007615804672241211,104.95040893554688,0.0014390945434570312,14,14,19557,12109.8581174773,OPTIMAL
49,zhuzhou_n20_p16_sc1_seed46_ms10,true,20,16,1,46,10,10,15,0.009330987930297852,77.4177029132843,0.0013899803161621094,14,14,19571,12109.8581174773,OPTIMAL
49,zhuzhou_n20_p16_sc1_seed46_ms10,true,20,16,1,46,10,10,16,0.007612943649291992,79.51670908927917,0.0022308826446533203,24,24,19595,12109.8581174773,OPTIMAL
49,zhuzhou_n20_p16_sc1_seed46_ms10,true,20,16,1,46,10,10,17,0.007704973220825195,77.99940800666809,0.0018031597137451172,13,13,19608,12109.8581174773,OPTIMAL
49,zhuzhou_n20_p16_sc1_seed46_ms10,true,20,16,1,46,10,10,18,0.010492801666259766,54.25330400466919,0.0009398460388183594,10,10,19618,12109.8581174773,OPTIMAL
49,zhuzhou_n20_p16_sc1_seed46_ms10,true,20,16,1,46,10,10,19,0.009257078170776367,49.31201887130737,0.0008940696716308594,7,7,19625,12109.8581174773,OPTIMAL
49,zhuzhou_n20_p16_sc1_seed46_ms10,true,20,16,1,46,10,10,20,0.010031938552856445,45.91988515853882,0.0009148120880126953,7,7,19632,12109.8581174773,OPTIMAL
49,zhuzhou_n20_p16_sc1_seed46_ms10,true,20,16,1,46,10,10,21,0.008489131927490234,50.45918297767639,0.0008559226989746094,6,6,19638,12109.8581174773,OPTIMAL
49,zhuzhou_n20_p16_sc1_seed46_ms10,true,20,16,1,46,10,10,22,0.007554054260253906,48.59834098815918,0.0,0,0,19638,12109.8581174773,OPTIMAL
52,zhuzhou_n20_p16_sc1_seed47_ms10,false,20,16,1,47,10,10,1,0.03146791458129883,58.600034952163696,0.3167390823364258,2305,2305,2305,14308.558311783065,OPTIMAL
52,zhuzhou_n20_p16_sc1_seed47_ms10,false,20,16,1,47,10,10,2,0.00418400764465332,76.65318822860718,0.4218719005584717,2802,2802,5107,14308.558311783065,OPTIMAL
52,zhuzhou_n20_p16_sc1_seed47_ms10,false,20,16,1,47,10,10,3,0.00933694839477539,59.22617793083191,0.09654521942138672,1629,1629,6736,13441.930581961313,OPTIMAL
52,zhuzhou_n20_p16_sc1_seed47_ms10,false,20,16,1,47,10,10,4,0.0078008174896240234,10.928864002227783,0.0002930164337158203,4,4,6740,10086.699665683449,OPTIMAL
52,zhuzhou_n20_p16_sc1_seed47_ms10,false,20,16,1,47,10,10,5,0.0037009716033935547,12.971410989761353,0.00033020973205566406,4,4,6744,10086.699665683449,OPTIMAL
52,zhuzhou_n20_p16_sc1_seed47_ms10,false,20,16,1,47,10,10,6,0.0033409595489501953,12.27904987335205,0.00032901763916015625,3,3,6747,10086.699665683449,OPTIMAL
52,zhuzhou_n20_p16_sc1_seed47_ms10,false,20,16,1,47,10,10,7,0.0035610198974609375,9.0467529296875,0.0,0,0,6747,9835.127830667616,OPTIMAL
51,zhuzhou_n20_p16_sc1_seed47_ms10,true,20,16,1,47,10,10,1,0.03245997428894043,30.948108911514282,0.31611108779907227,2049,2049,2049,14308.558311783065,OPTIMAL
51,zhuzhou_n20_p16_sc1_seed47_ms10,true,20,16,1,47,10,10,2,0.0037949085235595703,34.72457504272461,0.3045508861541748,1890,1890,3939,14308.558311783065,OPTIMAL
51,zhuzhou_n20_p16_sc1_seed47_ms10,true,20,16,1,47,10,10,3,0.005897998809814453,37.9178409576416,0.20456409454345703,1192,1192,5131,13441.930581961313,OPTIMAL
51,zhuzhou_n20_p16_sc1_seed47_ms10,true,20,16,1,47,10,10,4,0.005706071853637695,13.144455909729004,0.0003349781036376953,7,7,5138,9835.127830667616,OPTIMAL
51,zhuzhou_n20_p16_sc1_seed47_ms10,true,20,16,1,47,10,10,5,0.0032761096954345703,8.636536121368408,0.00016188621520996094,1,1,5139,9835.127830667616,OPTIMAL
51,zhuzhou_n20_p16_sc1_seed47_ms10,true,20,16,1,47,10,10,6,0.0028820037841796875,8.893599033355713,0.0001518726348876953,1,1,5140,9835.127830667616,OPTIMAL
51,zhuzhou_n20_p16_sc1_seed47_ms10,true,20,16,1,47,10,10,7,0.0027070045471191406,8.577188968658447,0.0,0,0,5140,9835.127830667616,OPTIMAL
54,zhuzhou_n20_p16_sc1_seed48_ms10,false,20,16,1,48,10,10,1,0.0321500301361084,71.69376802444458,0.3847169876098633,1934,1934,1934,14101.175476696939,OPTIMAL
54,zhuzhou_n20_p16_sc1_seed48_ms10,false,20,16,1,48,10,10,2,0.0041811466217041016,79.48440504074097,0.28880906105041504,1764,1764,3698,14101.175476696939,OPTIMAL
54,zhuzhou_n20_p16_sc1_seed48_ms10,false,20,16,1,48,10,10,3,0.0073320865631103516,85.159343957901,0.280703067779541,2398,2398,6096,14101.175476696939,OPTIMAL
54,zhuzhou_n20_p16_sc1_seed48_ms10,false,20,16,1,48,10,10,4,0.013071060180664062,63.52418303489685,0.024145841598510742,414,414,6510,12717.594799706765,OPTIMAL
54,zhuzhou_n20_p16_sc1_seed48_ms10,false,20,16,1,48,10,10,5,0.009234189987182617,49.02123808860779,0.016894102096557617,123,123,6633,12004.83880978093,OPTIMAL
54,zhuzhou_n20_p16_sc1_seed48_ms10,false,20,16,1,48,10,10,6,0.01163792610168457,14.56141996383667,0.00030517578125,5,5,6638,10678.609126441499,OPTIMAL
54,zhuzhou_n20_p16_sc1_seed48_ms10,false,20,16,1,48,10,10,7,0.005254983901977539,15.825114965438843,0.00033402442932128906,5,5,6643,10678.609126441499,OPTIMAL
54,zhuzhou_n20_p16_sc1_seed48_ms10,false,20,16,1,48,10,10,8,0.005075931549072266,16.096935033798218,0.00044989585876464844,6,6,6649,10628.967978185377,OPTIMAL
54,zhuzhou_n20_p16_sc1_seed48_ms10,false,20,16,1,48,10,10,9,0.0046939849853515625,15.783086061477661,0.0007259845733642578,5,5,6654,10628.967978185377,OPTIMAL
54,zhuzhou_n20_p16_sc1_seed48_ms10,false,20,16,1,48,10,10,10,0.007645845413208008,16.375023126602173,0.0002429485321044922,3,3,6657,10628.967978185377,OPTIMAL
54,zhuzhou_n20_p16_sc1_seed48_ms10,false,20,16,1,48,10,10,11,0.0052640438079833984,14.680391073226929,0.00036597251892089844,4,4,6661,10628.967978185377,OPTIMAL
54,zhuzhou_n20_p16_sc1_seed48_ms10,false,20,16,1,48,10,10,12,0.005834102630615234,15.716417074203491,0.00047206878662109375,4,4,6665,10628.967978185377,OPTIMAL
54,zhuzhou_n20_p16_sc1_seed48_ms10,false,20,16,1,48,10,10,13,0.006592988967895508,14.954272985458374,0.0002701282501220703,2,2,6667,10628.967978185377,OPTIMAL
54,zhuzhou_n20_p16_sc1_seed48_ms10,false,20,16,1,48,10,10,14,0.006469011306762695,15.100762128829956,0.00041985511779785156,5,5,6672,10628.967978185377,OPTIMAL
54,zhuzhou_n20_p16_sc1_seed48_ms10,false,20,16,1,48,10,10,15,0.007016897201538086,14.852766990661621,0.0002658367156982422,5,5,6677,10628.967978185377,OPTIMAL
54,zhuzhou_n20_p16_sc1_seed48_ms10,false,20,16,1,48,10,10,16,0.005278110504150391,15.29318904876709,0.00040411949157714844,6,6,6683,10628.967978185377,OPTIMAL
54,zhuzhou_n20_p16_sc1_seed48_ms10,false,20,16,1,48,10,10,17,0.006548881530761719,15.327733039855957,0.0,0,0,6683,10628.967978185377,OPTIMAL
53,zhuzhou_n20_p16_sc1_seed48_ms10,true,20,16,1,48,10,10,1,0.030089139938354492,26.93702006340027,0.37566685676574707,1267,1267,1267,14101.175476696939,OPTIMAL
53,zhuzhou_n20_p16_sc1_seed48_ms10,true,20,16,1,48,10,10,2,0.0022590160369873047,25.14793300628662,0.1539149284362793,1174,1174,2441,14101.175476696939,OPTIMAL
53,zhuzhou_n20_p16_sc1_seed48_ms10,true,20,16,1,48,10,10,3,0.003571033477783203,31.416215896606445,0.29063916206359863,1230,1230,3671,14101.175476696939,OPTIMAL
53,zhuzhou_n20_p16_sc1_seed48_ms10,true,20,16,1,48,10,10,4,0.0046520233154296875,15.609567880630493,0.0005040168762207031,12,12,3683,11152.792467267413,OPTIMAL
53,zhuzhou_n20_p16_sc1_seed48_ms10,true,20,16,1,48,10,10,5,0.002563953399658203,13.048943042755127,0.0002090930938720703,2,2,3685,10678.609126441499,OPTIMAL
53,zhuzhou_n20_p16_sc1_seed48_ms10,true,20,16,1,48,10,10,6,0.0020020008087158203,13.540733098983765,0.0002460479736328125,4,4,3689,10628.967978185377,OPTIMAL
53,zhuzhou_n20_p16_sc1_seed48_ms10,true,20,16,1,48,10,10,7,0.002126932144165039,16.49680185317993,0.00024199485778808594,4,4,3693,10628.967978185377,OPTIMAL
53,zhuzhou_n20_p16_sc1_seed48_ms10,true,20,16,1,48,10,10,8,0.0018041133880615234,14.717376947402954,0.0,0,0,3693,10628.967978185377,OPTIMAL
56,zhuzhou_n20_p16_sc1_seed49_ms10,false,20,16,1,49,10,10,1,0.032412052154541016,19.031923055648804,0.21125102043151855,454,454,454,12593.862864483035,OPTIMAL
56,zhuzhou_n20_p16_sc1_seed49_ms10,false,20,16,1,49,10,10,2,0.001435995101928711,14.94483494758606,0.13869404792785645,457,457,911,12593.862864483035,OPTIMAL
56,zhuzhou_n20_p16_sc1_seed49_ms10,false,20,16,1,49,10,10,3,0.001977205276489258,15.474601984024048,0.15580296516418457,476,476,1387,12593.862864483035,OPTIMAL
56,zhuzhou_n20_p16_sc1_seed49_ms10,false,20,16,1,49,10,10,4,0.002588987350463867,5.19468092918396,0.0008480548858642578,6,6,1393,10315.36811151238,OPTIMAL
56,zhuzhou_n20_p16_sc1_seed49_ms10,false,20,16,1,49,10,10,5,0.0037310123443603516,5.465643882751465,0.00032401084899902344,6,6,1399,10315.36811151238,OPTIMAL
56,zhuzhou_n20_p16_sc1_seed49_ms10,false,20,16,1,49,10,10,6,0.0017960071563720703,4.949086904525757,0.0002491474151611328,4,4,1403,10315.36811151238,OPTIMAL
56,zhuzhou_n20_p16_sc1_seed49_ms10,false,20,16,1,49,10,10,7,0.001558065414428711,3.4882171154022217,0.00013709068298339844,1,1,1404,9796.262864483031,OPTIMAL
56,zhuzhou_n20_p16_sc1_seed49_ms10,false,20,16,1,49,10,10,8,0.001567840576171875,3.7801661491394043,0.0001518726348876953,1,1,1405,9796.262864483031,OPTIMAL
56,zhuzhou_n20_p16_sc1_seed49_ms10,false,20,16,1,49,10,10,9,0.0017390251159667969,3.5411291122436523,0.0,0,0,1405,9796.262864483031,OPTIMAL
55,zhuzhou_n20_p16_sc1_seed49_ms10,true,20,16,1,49,10,10,1,0.03177905082702637,16.08721899986267,0.22561192512512207,386,386,386,12593.862864483035,OPTIMAL
55,zhuzhou_n20_p16_sc1_seed49_ms10,true,20,16,1,49,10,10,2,0.0011751651763916016,12.288974046707153,0.1378169059753418,399,399,785,12593.862864483035,OPTIMAL
55,zhuzhou_n20_p16_sc1_seed49_ms10,true,20,16,1,49,10,10,3,0.0016798973083496094,12.43704104423523,0.17602992057800293,398,398,1183,12593.862864483035,OPTIMAL
55,zhuzhou_n20_p16_sc1_seed49_ms10,true,20,16,1,49,10,10,4,0.002359151840209961,4.622802972793579,0.0002751350402832031,6,6,1189,10315.36811151238,OPTIMAL
55,zhuzhou_n20_p16_sc1_seed49_ms10,true,20,16,1,49,10,10,5,0.0012140274047851562,4.263297080993652,0.0002970695495605469,6,6,1195,10315.36811151238,OPTIMAL
55,zhuzhou_n20_p16_sc1_seed49_ms10,true,20,16,1,49,10,10,6,0.001371145248413086,4.355503082275391,0.000370025634765625,4,4,1199,10315.36811151238,OPTIMAL
55,zhuzhou_n20_p16_sc1_seed49_ms10,true,20,16,1,49,10,10,7,0.0016429424285888672,3.059251070022583,0.00017595291137695312,1,1,1200,9796.262864483031,OPTIMAL
55,zhuzhou_n20_p16_sc1_seed49_ms10,true,20,16,1,49,10,10,8,0.0013689994812011719,3.484238862991333,0.00011301040649414062,1,1,1201,9796.262864483031,OPTIMAL
55,zhuzhou_n20_p16_sc1_seed49_ms10,true,20,16,1,49,10,10,9,0.0013458728790283203,3.1563289165496826,0.0,0,0,1201,9796.262864483031,OPTIMAL
58,zhuzhou_n20_p16_sc1_seed50_ms10,false,20,16,1,50,10,10,1,0.03207993507385254,11.969897031784058,0.08122897148132324,39,39,39,13233.50714612239,OPTIMAL
58,zhuzhou_n20_p16_sc1_seed50_ms10,false,20,16,1,50,10,10,2,0.0005238056182861328,8.104974031448364,0.05233907699584961,9,9,48,13233.50714612239,OPTIMAL
58,zhuzhou_n20_p16_sc1_seed50_ms10,false,20,16,1,50,10,10,3,0.0005109310150146484,8.70196008682251,0.00022792816162109375,7,7,55,13233.50714612239,OPTIMAL
58,zhuzhou_n20_p16_sc1_seed50_ms10,false,20,16,1,50,10,10,4,0.0005509853363037109,8.502979040145874,0.06760096549987793,7,7,62,13233.50714612239,OPTIMAL
58,zhuzhou_n20_p16_sc1_seed50_ms10,false,20,16,1,50,10,10,5,0.0004649162292480469,8.801707029342651,9.417533874511719e-5,1,1,63,13233.50714612239,OPTIMAL
58,zhuzhou_n20_p16_sc1_seed50_ms10,false,20,16,1,50,10,10,6,0.0005199909210205078,8.438984155654907,0.0,0,0,63,13233.50714612239,OPTIMAL
57,zhuzhou_n20_p16_sc1_seed50_ms10,true,20,16,1,50,10,10,1,0.03207898139953613,11.27322793006897,0.08162903785705566,39,39,39,13233.50714612239,OPTIMAL
57,zhuzhou_n20_p16_sc1_seed50_ms10,true,20,16,1,50,10,10,2,0.0005822181701660156,7.576426982879639,0.052392005920410156,9,9,48,13233.50714612239,OPTIMAL
57,zhuzhou_n20_p16_sc1_seed50_ms10,true,20,16,1,50,10,10,3,0.0005340576171875,8.154201984405518,0.0002429485321044922,7,7,55,13233.50714612239,OPTIMAL
57,zhuzhou_n20_p16_sc1_seed50_ms10,true,20,16,1,50,10,10,4,0.0005779266357421875,8.153058052062988,0.06709003448486328,7,7,62,13233.50714612239,OPTIMAL
57,zhuzhou_n20_p16_sc1_seed50_ms10,true,20,16,1,50,10,10,5,0.0005140304565429688,8.132838010787964,0.0001010894775390625,1,1,63,13233.50714612239,OPTIMAL
57,zhuzhou_n20_p16_sc1_seed50_ms10,true,20,16,1,50,10,10,6,0.0005769729614257812,7.686860084533691,0.0,0,0,63,13233.50714612239,OPTIMAL
60,zhuzhou_n20_p16_sc1_seed51_ms10,false,20,16,1,51,10,10,1,0.03397107124328613,75.80019783973694,0.42890310287475586,3077,3077,3077,14561.675602052092,OPTIMAL
60,zhuzhou_n20_p16_sc1_seed51_ms10,false,20,16,1,51,10,10,2,0.00675511360168457,94.34078216552734,0.5286099910736084,3191,3191,6268,14561.675602052092,OPTIMAL
60,zhuzhou_n20_p16_sc1_seed51_ms10,false,20,16,1,51,10,10,3,0.012878179550170898,86.00132584571838,0.39536309242248535,3387,3387,9655,14561.675602052092,OPTIMAL
60,zhuzhou_n20_p16_sc1_seed51_ms10,false,20,16,1,51,10,10,4,0.020184040069580078,14.034492015838623,0.0019719600677490234,9,9,9664,10261.490730121646,OPTIMAL
60,zhuzhou_n20_p16_sc1_seed51_ms10,false,20,16,1,51,10,10,5,0.010830879211425781,10.013650894165039,0.0009450912475585938,10,10,9674,10261.490730121646,OPTIMAL
60,zhuzhou_n20_p16_sc1_seed51_ms10,false,20,16,1,51,10,10,6,0.008454084396362305,9.593693017959595,0.0006749629974365234,6,6,9680,10261.490730121646,OPTIMAL
60,zhuzhou_n20_p16_sc1_seed51_ms10,false,20,16,1,51,10,10,7,0.00795888900756836,9.74456000328064,0.0007319450378417969,5,5,9685,10261.490730121646,OPTIMAL
60,zhuzhou_n20_p16_sc1_seed51_ms10,false,20,16,1,51,10,10,8,0.009424924850463867,8.673561096191406,0.0007638931274414062,6,6,9691,10261.490730121646,OPTIMAL
60,zhuzhou_n20_p16_sc1_seed51_ms10,false,20,16,1,51,10,10,9,0.008190155029296875,11.994278907775879,0.0007200241088867188,6,6,9697,10261.490730121646,OPTIMAL
60,zhuzhou_n20_p16_sc1_seed51_ms10,false,20,16,1,51,10,10,10,0.00873708724975586,8.684891939163208,0.0012540817260742188,5,5,9702,10261.490730121646,OPTIMAL
60,zhuzhou_n20_p16_sc1_seed51_ms10,false,20,16,1,51,10,10,11,0.010815858840942383,8.535762071609497,0.0005009174346923828,3,3,9705,10183.562909865523,OPTIMAL
60,zhuzhou_n20_p16_sc1_seed51_ms10,false,20,16,1,51,10,10,12,0.008867025375366211,8.463766813278198,0.00026702880859375,1,1,9706,10183.562909865523,OPTIMAL
60,zhuzhou_n20_p16_sc1_seed51_ms10,false,20,16,1,51,10,10,13,0.0073320865631103516,8.095031976699829,0.0,0,0,9706,9777.03560205209,OPTIMAL
59,zhuzhou_n20_p16_sc1_seed51_ms10,true,20,16,1,51,10,10,1,0.03185892105102539,44.790416955947876,0.39391398429870605,2327,2327,2327,14561.675602052092,OPTIMAL
59,zhuzhou_n20_p16_sc1_seed51_ms10,true,20,16,1,51,10,10,2,0.005403995513916016,48.3016619682312,0.47372984886169434,2320,2320,4647,14561.675602052092,OPTIMAL
59,zhuzhou_n20_p16_sc1_seed51_ms10,true,20,16,1,51,10,10,3,0.009269952774047852,41.50580406188965,0.24959111213684082,2274,2274,6921,14561.675602052092,OPTIMAL
59,zhuzhou_n20_p16_sc1_seed51_ms10,true,20,16,1,51,10,10,4,0.012953042984008789,9.536312818527222,0.0006041526794433594,7,7,6928,10261.490730121646,OPTIMAL
59,zhuzhou_n20_p16_sc1_seed51_ms10,true,20,16,1,51,10,10,5,0.00701594352722168,8.18624496459961,0.0003509521484375,2,2,6930,10183.562909865523,OPTIMAL
59,zhuzhou_n20_p16_sc1_seed51_ms10,true,20,16,1,51,10,10,6,0.006242990493774414,6.2771971225738525,0.00026607513427734375,2,2,6932,9777.03560205209,OPTIMAL
59,zhuzhou_n20_p16_sc1_seed51_ms10,true,20,16,1,51,10,10,7,0.006094932556152344,6.740912914276123,0.0003571510314941406,2,2,6934,9777.03560205209,OPTIMAL
59,zhuzhou_n20_p16_sc1_seed51_ms10,true,20,16,1,51,10,10,8,0.006769895553588867,6.289902925491333,0.0,0,0,6934,9777.03560205209,OPTIMAL
